id,name,email,twitter,group,group_id,area,chamber,term,start_date,end_date,image,gender
11929,Adam Afriyie,,,Conservative,conservative,Windsor,House of Commons,55,2010-05-06,2015-03-30,,
11599,Adam Holloway,,,Conservative,conservative,Gravesham,House of Commons,55,2010-05-06,2015-03-30,,
10683,Adrian Bailey,,,Labour,labour,West Bromwich West,House of Commons,55,2010-05-06,2015-03-30,,
10527,Adrian Sanders,,,Liberal Democrat,liberal-democrat,Torbay,House of Commons,55,2010-05-06,2015-03-30,,
24844,Aidan Burley,,,Conservative,conservative,Cannock Chase,House of Commons,55,2010-05-06,2015-03-30,,
10034,Alan Beith,,,Liberal Democrat,liberal-democrat,Berwick-upon-Tweed,House of Commons,55,2010-05-06,2015-03-30,,
10086,Alan Campbell,,,Labour,labour,Tynemouth,House of Commons,55,2010-05-06,2015-03-30,,
10179,Alan Duncan,,,Conservative,conservative,Rutland and Melton,House of Commons,55,2010-05-06,2015-03-30,,
10263,Alan Haselhurst,,,Conservative,conservative,Saffron Walden,House of Commons,55,2010-05-06,2015-03-30,,
10314,Alan Johnson,,,Labour,labour,Kingston upon Hull West and Hessle,House of Commons,55,2010-05-06,2015-03-30,,
10329,Alan Keen,,,Labour,labour,Feltham and Heston,House of Commons,55,2010-05-06,2011-11-13,,
10428,Alan Meale,,,Labour,labour,Mansfield,House of Commons,55,2010-05-06,2015-03-30,,
11185,Alan Reid,,,Liberal Democrat,liberal-democrat,Argyll and Bute,House of Commons,55,2010-05-06,2015-03-30,,
10630,Alan Whitehead,,,Labour,labour,"Southampton, Test",House of Commons,55,2010-05-06,2015-03-30,,
11402,Alasdair McDonnell,,,Social Democratic and Labour Party,social-democratic-and-labour-party,Belfast South,House of Commons,55,2010-05-06,2015-03-30,,
11148,Albert Owen,,,Labour,labour,Ynys Môn,House of Commons,55,2010-05-06,2015-03-30,,
24893,Alec Shelbrooke,,,Conservative,conservative,Elmet and Rothwell,House of Commons,55,2010-05-06,2015-03-30,,
24742,Alex Cunningham,,,Labour,labour,Stockton North,House of Commons,55,2010-05-06,2015-03-30,,
24897,Alison McGovern,,,Labour,labour,Wirral South,House of Commons,55,2010-05-06,2015-03-30,,
11760,Alison Seabeck,,,Labour,labour,"Plymouth, Moor View",House of Commons,55,2010-05-06,2015-03-30,,
10770,Alistair Burt,,,Conservative,conservative,North East Bedfordshire,House of Commons,55,2010-05-06,2015-03-30,,
10785,Alistair Carmichael,,,Liberal Democrat,liberal-democrat,Orkney and Shetland,House of Commons,55,2010-05-06,2015-03-30,,
10153,Alistair Darling,,,Labour,labour,Edinburgh South West,House of Commons,55,2010-05-06,2015-03-30,,
24902,Alok Sharma,,,Conservative,conservative,Reading West,House of Commons,55,2010-05-06,2015-03-30,,
24740,Alun Cairns,,,Conservative,conservative,Vale of Glamorgan,House of Commons,55,2010-05-06,2015-03-30,,
10431,Alun Michael,,,Labour,labour,Cardiff South and Penarth,House of Commons,55,2010-05-06,2012-10-22,,
24795,Amber Rudd,,,Conservative,conservative,Hastings and Rye,House of Commons,55,2010-05-06,2015-03-30,,
24738,Anas Sarwar,,,Labour,labour,Glasgow Central,House of Commons,55,2010-05-06,2015-03-30,,
24829,Andrea Leadsom,,,Conservative,conservative,South Northamptonshire,House of Commons,55,2010-05-06,2015-03-30,,
24748,Andrew Bingham,,,Conservative,conservative,High Peak,House of Commons,55,2010-05-06,2015-03-30,,
24741,Andrew Bridgen,,,Conservative,conservative,North West Leicestershire,House of Commons,55,2010-05-06,2015-03-30,,
10222,Andrew George,,,Liberal Democrat,liberal-democrat,St Ives,House of Commons,55,2010-05-06,2015-03-30,,
24826,Andrew Griffiths,,,Conservative,conservative,Burton,House of Commons,55,2010-05-06,2015-03-30,,
11531,Andrew Gwynne,,,Labour,labour,Denton and Reddish,House of Commons,55,2010-05-06,2015-03-30,,
24758,Andrew Jones,,,Conservative,conservative,Harrogate and Knaresborough,House of Commons,55,2010-05-06,2015-03-30,,
10349,Andrew Lansley,,,Conservative,conservative,South Cambridgeshire,House of Commons,55,2010-05-06,2015-03-30,,
10372,Andrew Love,,,Labour,labour,Edmonton,House of Commons,55,2010-05-06,2015-03-30,,
10435,Andrew Miller,,,Labour,labour,Ellesmere Port and Neston,House of Commons,55,2010-05-06,2015-03-30,,
11115,Andrew Mitchell,,,Conservative,conservative,Sutton Coldfield,House of Commons,55,2010-05-06,2015-03-30,,
11132,Andrew Murrison,,,Conservative,conservative,South West Wiltshire,House of Commons,55,2010-05-06,2015-03-30,,
24832,Andrew Percy,,,Conservative,conservative,Brigg and Goole,House of Commons,55,2010-05-06,2015-03-30,,
10503,Andrew Robathan,,,Conservative,conservative,South Leicestershire,House of Commons,55,2010-05-06,2015-03-30,,
11199,Andrew Rosindell,,,Conservative,conservative,Romford,House of Commons,55,2010-05-06,2015-03-30,,
11216,Andrew Selous,,,Conservative,conservative,South West Bedfordshire,House of Commons,55,2010-05-06,2015-03-30,,
11559,Andrew Slaughter,,,Labour,labour,Hammersmith,House of Commons,55,2010-05-06,2015-03-30,,
10545,Andrew Smith,,,Labour,labour,Oxford East,House of Commons,55,2010-05-06,2015-03-30,,
24759,Andrew Stephenson,,,Conservative,conservative,Pendle,House of Commons,55,2010-05-06,2015-03-30,,
10578,Andrew Stunell,,,Liberal Democrat,liberal-democrat,Hazel Grove,House of Commons,55,2010-05-06,2015-03-30,,
11291,Andrew Turner,,,Conservative,conservative,Isle of Wight,House of Commons,55,2010-05-06,2015-03-30,,
10613,Andrew Tyrie,,,Conservative,conservative,Chichester,House of Commons,55,2010-05-06,2015-03-30,,
10766,Andy Burnham,,,Labour,labour,Leigh,House of Commons,55,2010-05-06,2015-03-30,,
25169,Andy McDonald,,,Labour,labour,Middlesbrough,House of Commons,55,2012-11-30,2015-03-30,,
25167,Andy Sawford,,,Labour,labour,Corby,House of Commons,55,2012-11-16,2015-03-30,,
10182,Angela Eagle,,,Labour,labour,Wallasey,House of Commons,55,2010-05-06,2015-03-30,,
11814,Angela Smith,,,Labour,labour,Penistone and Stocksbridge,House of Commons,55,2010-05-06,2015-03-30,,
11308,Angela Watkinson,,,Conservative,conservative,Hornchurch and Upminster,House of Commons,55,2010-05-06,2015-03-30,,
24952,Angie Bray,,,Conservative,conservative,Ealing Central and Acton,House of Commons,55,2010-05-06,2015-03-30,,
12004,Angus MacNeil,,,Scottish National Party,scottish-national-party,Na h-Eileanan an Iar,House of Commons,55,2010-05-06,2015-03-30,,
11189,Angus Robertson,,,Scottish National Party,scottish-national-party,Moray,House of Commons,55,2010-05-06,2015-03-30,,
10120,Ann Clwyd,,,Labour,labour,Cynon Valley,House of Commons,55,2010-05-06,2015-03-30,,
10122,Ann Coffey,,,Labour,labour,Stockport,House of Commons,55,2010-05-06,2015-03-30,,
11076,Ann McKechin,,,Labour,labour,Glasgow North,House of Commons,55,2010-05-06,2015-03-30,,
24772,Anna Soubry,,,Conservative,conservative,Broxtowe,House of Commons,55,2010-05-06,2015-03-30,,
10032,Anne Begg,,,Labour,labour,Aberdeen South,House of Commons,55,2010-05-06,2015-03-30,,
11798,Anne Main,,,Conservative,conservative,St Albans,House of Commons,55,2010-05-06,2015-03-30,,
24912,Anne Marie Morris,,,Conservative,conservative,Newton Abbot,House of Commons,55,2010-05-06,2015-03-30,,
10388,Anne McGuire,,,Labour,labour,Stirling,House of Commons,55,2010-05-06,2015-03-30,,
10389,Anne McIntosh,,,Conservative,conservative,Thirsk and Malton,House of Commons,55,2010-05-27,2015-03-30,,
11603,Anne Milton,,,Conservative,conservative,Guildford,House of Commons,55,2010-05-06,2015-03-30,,
10754,Annette Brooke,,,Liberal Democrat,liberal-democrat,Mid Dorset and North Poole,House of Commons,55,2010-05-06,2015-03-30,,
10436,Austin Mitchell,,,Labour,labour,Great Grimsby,House of Commons,55,2010-05-06,2015-03-30,,
11943,Barbara Keeley,,,Labour,labour,Worsley and Eccles South,House of Commons,55,2010-05-06,2015-03-30,,
10220,Barry Gardiner,,,Labour,labour,Brent North,House of Commons,55,2010-05-06,2015-03-30,,
10534,Barry Sheerman,,,Labour,labour,Huddersfield,House of Commons,55,2010-05-06,2015-03-30,,
10061,Ben Bradshaw,,,Labour,labour,Exeter,House of Commons,55,2010-05-06,2015-03-30,,
24922,Ben Gummer,,,Conservative,conservative,Ipswich,House of Commons,55,2010-05-06,2015-03-30,,
11668,Ben Wallace,,,Conservative,conservative,Wyre and Preston North,House of Commons,55,2010-05-06,2015-03-30,,
10312,Bernard Jenkin,,,Conservative,conservative,Harwich and North Essex,House of Commons,55,2010-05-06,2015-03-30,,
10095,Bill Cash,,,Conservative,conservative,Stone,House of Commons,55,2010-05-06,2015-03-30,,
24905,Bill Esterson,,,Labour,labour,Sefton Central,House of Commons,55,2010-05-06,2015-03-30,,
11318,Bill Wiggin,,,Conservative,conservative,North Herefordshire,House of Commons,55,2010-05-06,2015-03-30,,
10005,Bob Ainsworth,,,Labour,labour,Coventry North East,House of Commons,55,2010-05-06,2015-03-30,,
24945,Bob Blackman,,,Conservative,conservative,Harrow East,House of Commons,55,2010-05-06,2015-03-30,,
13736,Bob Neill,,,Conservative,conservative,Bromley and Chislehurst,House of Commons,55,2010-05-06,2015-03-30,,
10521,Bob Russell,,,Liberal Democrat,liberal-democrat,Colchester,House of Commons,55,2010-05-06,2015-03-30,,
24907,Bob Stewart,,,Conservative,conservative,Beckenham,House of Commons,55,2010-05-06,2015-03-30,,
24879,Brandon Lewis,,,Conservative,conservative,Great Yarmouth,House of Commons,55,2010-05-06,2015-03-30,,
11742,Brian Binley,,,Conservative,conservative,Northampton South,House of Commons,55,2010-05-06,2015-03-30,,
10173,Brian H Donohoe,,,Labour,labour,Central Ayrshire,House of Commons,55,2010-05-06,2015-03-30,,
24709,Bridget Phillipson,,,Labour,labour,Houghton and Sunderland South,House of Commons,55,2010-05-06,2015-03-30,,
11443,Brooks Newmark,,,Conservative,conservative,Braintree,House of Commons,55,2010-05-06,2015-03-30,,
24873,Caroline Dinenage,,,Conservative,conservative,Gosport,House of Commons,55,2010-05-06,2015-03-30,,
10202,Caroline Flint,,,Labour,labour,Don Valley,House of Commons,55,2010-05-06,2015-03-30,,
24910,Caroline Lucas,,,Green,green,"Brighton, Pavilion",House of Commons,55,2010-05-06,2015-03-30,,
24809,Caroline Nokes,,,Conservative,conservative,Romsey and Southampton North,House of Commons,55,2010-05-06,2015-03-30,,
10559,Caroline Spelman,,,Conservative,conservative,Meriden,House of Commons,55,2010-05-06,2015-03-30,,
24818,Catherine McKinnell,,,Labour,labour,Newcastle upon Tyne North,House of Commons,55,2010-05-06,2015-03-30,,
24726,Cathy Jamieson,,,Labour,labour,Kilmarnock and Loudoun,House of Commons,55,2010-05-06,2015-03-30,,
10955,Charles Hendry,,,Conservative,conservative,Wealden,House of Commons,55,2010-05-06,2015-03-30,,
10334,Charles Kennedy,,,Liberal Democrat,liberal-democrat,"Ross, Skye and Lochaber",House of Commons,55,2010-05-06,2015-03-30,,
11461,Charles Walker,,,Conservative,conservative,Broxbourne,House of Commons,55,2010-05-06,2015-03-30,,
24777,Charlie Elphicke,,,Conservative,conservative,Dover,House of Commons,55,2010-05-06,2015-03-30,,
24891,Charlotte Leslie,,,Conservative,conservative,Bristol North West,House of Commons,55,2010-05-06,2015-03-30,,
10228,Cheryl Gillan,,,Conservative,conservative,Chesham and Amersham,House of Commons,55,2010-05-06,2015-03-30,,
24807,Chi Onwurah,,,Labour,labour,Newcastle upon Tyne Central,House of Commons,55,2010-05-06,2015-03-30,,
24691,Chloe Smith,,,Conservative,conservative,Norwich North,House of Commons,55,2010-05-06,2015-03-30,,
10761,Chris Bryant,,,Labour,labour,Rhondda,House of Commons,55,2010-05-06,2015-03-30,,
24721,Chris Evans,,,Labour,labour,Islwyn,House of Commons,55,2010-05-06,2015-03-30,,
10920,Chris Grayling,,,Conservative,conservative,Epsom and Ewell,House of Commons,55,2010-05-06,2015-03-30,,
24841,Chris Heaton-Harris,,,Conservative,conservative,Daventry,House of Commons,55,2010-05-06,2015-03-30,,
24838,Chris Kelly,,,Conservative,conservative,Dudley South,House of Commons,55,2010-05-06,2015-03-30,,
10354,Chris Leslie,,,Labour,labour,Nottingham East,House of Commons,55,2010-05-06,2015-03-30,,
10518,Chris Ruane,,,Labour,labour,Vale of Clwyd,House of Commons,55,2010-05-06,2015-03-30,,
24713,Chris Skidmore,,,Conservative,conservative,Kingswood,House of Commons,55,2010-05-06,2015-03-30,,
24959,Chris White,,,Conservative,conservative,Warwick and Leamington,House of Commons,55,2010-05-06,2015-03-30,,
24830,Chris Williamson,,,Labour,labour,Derby North,House of Commons,55,2010-05-06,2015-03-30,,
10103,Christopher Chope,,,Conservative,conservative,Christchurch,House of Commons,55,2010-05-06,2015-03-30,,
11565,Christopher Huhne,,,Liberal Democrat,liberal-democrat,Eastleigh,House of Commons,55,2010-05-06,2013-02-05,,
24747,Christopher Pincher,,,Conservative,conservative,Tamworth,House of Commons,55,2010-05-06,2015-03-30,,
24950,Chuka Umunna,,,Labour,labour,Streatham,House of Commons,55,2010-05-06,2015-03-30,,
24915,Claire Perry,,,Conservative,conservative,Devizes,House of Commons,55,2010-05-06,2015-03-30,,
10045,Clive Betts,,,Labour,labour,Sheffield South East,House of Commons,55,2010-05-06,2015-03-30,,
10185,Clive Efford,,,Labour,labour,Eltham,House of Commons,55,2010-05-06,2015-03-30,,
24780,Conor Burns,,,Conservative,conservative,Bournemouth West,House of Commons,55,2010-05-06,2015-03-30,,
11734,Conor Murphy,,,Sinn Féin,sinn-fein,Newry and Armagh,House of Commons,55,2010-05-06,2015-03-30,,
24944,Craig Whittaker,,,Conservative,conservative,Calder Valley,House of Commons,55,2010-05-06,2015-03-30,,
10051,Crispin Blunt,,,Conservative,conservative,Reigate,House of Commons,55,2010-05-06,2015-03-30,,
10944,Dai Havard,,,Labour,labour,Merthyr Tydfil and Rhymney,House of Commons,55,2010-05-06,2015-03-30,,
24744,Damian Collins,,,Conservative,conservative,Folkestone and Hythe,House of Commons,55,2010-05-06,2015-03-30,,
10241,Damian Green,,,Conservative,conservative,Ashford,House of Commons,55,2010-05-06,2015-03-30,,
24782,Damian Hinds,,,Conservative,conservative,East Hampshire,House of Commons,55,2010-05-06,2015-03-30,,
24849,Dan Byles,,,Conservative,conservative,North Warwickshire,House of Commons,55,2010-05-06,2015-03-30,,
25067,Dan Jarvis,,,Labour,labour,Barnsley Central,House of Commons,55,2011-03-04,2015-03-30,,
11513,Dan Rogerson,,,Liberal Democrat,liberal-democrat,North Cornwall,House of Commons,55,2010-05-06,2015-03-30,,
11817,Daniel Kawczynski,,,Conservative,conservative,Shrewsbury and Atcham,House of Commons,55,2010-05-06,2015-03-30,,
24756,Daniel Poulter,,,Conservative,conservative,Central Suffolk and North Ipswich,House of Commons,55,2010-05-06,2015-03-30,,
11995,Danny Alexander,,,Liberal Democrat,liberal-democrat,"Inverness, Nairn, Badenoch and Strathspey",House of Commons,55,2010-05-06,2015-03-30,,
10625,Dave Watts,,,Labour,labour,St Helens North,House of Commons,55,2010-05-06,2015-03-30,,
10009,David Amess,,,Conservative,conservative,Southend West,House of Commons,55,2010-05-06,2015-03-30,,
11427,David Anderson,,,Labour,labour,Blaydon,House of Commons,55,2010-05-06,2015-03-30,,
10050,David Blunkett,,,Labour,labour,"Sheffield, Brightside and Hillsborough",House of Commons,55,2010-05-06,2015-03-30,,
11573,David Burrowes,,,Conservative,conservative,"Enfield, Southgate",House of Commons,55,2010-05-06,2015-03-30,,
10775,David Cairns,,,Labour,labour,Inverclyde,House of Commons,55,2010-05-06,2011-05-09,,
10777,David Cameron,,,Conservative,conservative,Witney,House of Commons,55,2010-05-06,2015-03-30,,
10141,David Crausby,,,Labour,labour,Bolton North East,House of Commons,55,2010-05-06,2015-03-30,,
11719,David Davies,,,Conservative,conservative,Monmouth,House of Commons,55,2010-05-06,2015-03-30,,
10162,David Davis,,,Conservative,conservative,Haltemprice and Howden,House of Commons,55,2010-05-06,2015-03-30,,
11408,David Evennett,,,Conservative,conservative,Bexleyheath and Crayford,House of Commons,55,2010-05-06,2015-03-30,,
11633,David Gauke,,,Conservative,conservative,South West Hertfordshire,House of Commons,55,2010-05-06,2015-03-30,,
10934,David Hamilton,,,Labour,labour,Midlothian,House of Commons,55,2010-05-06,2015-03-30,,
10259,David Hanson,,,Labour,labour,Delyn,House of Commons,55,2010-05-06,2015-03-30,,
10269,David Heath,,,Liberal Democrat,liberal-democrat,Somerton and Frome,House of Commons,55,2010-05-06,2015-03-30,,
10961,David Heyes,,,Labour,labour,Ashton-under-Lyne,House of Commons,55,2010-05-06,2015-03-30,,
11506,David Jones,,,Conservative,conservative,Clwyd West,House of Commons,55,2010-05-06,2015-03-30,,
10678,David Lammy,,,Labour,labour,Tottenham,House of Commons,55,2010-05-06,2015-03-30,,
11036,David Laws,,,Liberal Democrat,liberal-democrat,Yeovil,House of Commons,55,2010-05-06,2015-03-30,,
10361,David Lidington,,,Conservative,conservative,Aylesbury,House of Commons,55,2010-05-06,2015-03-30,,
11113,David Miliband,,,Labour,labour,South Shields,House of Commons,55,2010-05-06,2013-04-15,,
24966,David Morris,,,Conservative,conservative,Morecambe and Lunesdale,House of Commons,55,2010-05-06,2015-03-30,,
24932,David Mowat,,,Conservative,conservative,Warrington South,House of Commons,55,2010-05-06,2015-03-30,,
11970,David Mundell,,,Conservative,conservative,"Dumfriesshire, Clydesdale and Tweeddale",House of Commons,55,2010-05-06,2015-03-30,,
24877,David Nuttall,,,Conservative,conservative,Bury North,House of Commons,55,2010-05-06,2015-03-30,,
10520,David Ruffley,,,Conservative,conservative,Bury St Edmunds,House of Commons,55,2010-05-06,2015-03-30,,
24820,David Rutley,,,Conservative,conservative,Macclesfield,House of Commons,55,2010-05-06,2015-03-30,,
11892,David Simpson,,,DUP,dup,Upper Bann,House of Commons,55,2010-05-06,2015-03-30,,
10602,David Tredinnick,,,Conservative,conservative,Bosworth,House of Commons,55,2010-05-06,2015-03-30,,
24946,David Ward,,,Liberal Democrat,liberal-democrat,Bradford East,House of Commons,55,2010-05-06,2015-03-30,,
10637,David Willetts,,,Conservative,conservative,Havant,House of Commons,55,2010-05-06,2015-03-30,,
10645,David Winnick,,,Labour,labour,Walsall North,House of Commons,55,2010-05-06,2015-03-30,,
11340,David Wright,,,Labour,labour,Telford,House of Commons,55,2010-05-06,2015-03-30,,
10489,Dawn Primarolo,,,Labour,labour,Bristol South,House of Commons,55,2010-05-06,2015-03-30,,
25034,Debbie Abrahams,,,Labour,labour,Oldham East and Saddleworth,House of Commons,55,2011-01-14,2015-03-30,,
10401,Denis MacShane,,,Labour,labour,Rotherham,House of Commons,55,2010-05-06,2012-11-02,,
10544,Dennis Skinner,,,Labour,labour,Bolsover,House of Commons,55,2010-05-06,2015-03-30,,
10610,Derek Twigg,,,Labour,labour,Halton,House of Commons,55,2010-05-06,2015-03-30,,
10580,Desmond Swayne,,,Conservative,conservative,New Forest West,House of Commons,55,2010-05-06,2015-03-30,,
11647,Diana R. Johnson,,,Labour,labour,Kingston upon Hull North,House of Commons,55,2010-05-06,2015-03-30,,
10001,Diane Abbott,,,Labour,labour,Hackney North and Stoke Newington,House of Commons,55,2010-05-06,2015-03-30,,
10243,Dominic Grieve,,,Conservative,conservative,Beaconsfield,House of Commons,55,2010-05-06,2015-03-30,,
24815,Dominic Raab,,,Conservative,conservative,Esher and Walton,House of Commons,55,2010-05-06,2015-03-30,,
10208,Don Foster,,,Liberal Democrat,liberal-democrat,Bath,House of Commons,55,2010-05-06,2015-03-30,,
10661,Douglas Alexander,,,Labour,labour,Paisley and Renfrewshire South,House of Commons,55,2010-05-06,2015-03-30,,
11621,Douglas Carswell,,,Conservative,conservative,Clacton,House of Commons,55,2010-05-06,2014-08-29,,
11621,Douglas Carswell,,,UKIP,ukip,Clacton,House of Commons,55,2014-10-10,2015-03-30,,
24865,Duncan Hames,,,Liberal Democrat,liberal-democrat,Chippenham,House of Commons,55,2010-05-06,2015-03-30,,
11545,Ed Miliband,,,Labour,labour,Doncaster North,House of Commons,55,2010-05-06,2015-03-30,,
11905,Ed Vaizey,,,Conservative,conservative,Wantage,House of Commons,55,2010-05-06,2015-03-30,,
11740,Edward Balls,,,Labour,labour,Morley and Outwood,House of Commons,55,2010-05-06,2015-03-30,,
10155,Edward Davey,,,Liberal Democrat,liberal-democrat,Kingston and Surbiton,House of Commons,55,2010-05-06,2015-03-30,,
10221,Edward Garnier,,,Conservative,conservative,Harborough,House of Commons,55,2010-05-06,2015-03-30,,
10352,Edward Leigh,,,Conservative,conservative,Gainsborough,House of Commons,55,2010-05-06,2015-03-30,,
14128,Edward Timpson,,,Conservative,conservative,Crewe and Nantwich,House of Commons,55,2010-05-06,2015-03-30,,
24812,Eilidh Whiteford,,,Scottish National Party,scottish-national-party,Banff and Buchan,House of Commons,55,2010-05-06,2015-03-30,,
10348,Eleanor Laing,,,Conservative,conservative,Epping Forest,House of Commons,55,2010-05-06,2015-03-30,,
10368,Elfyn Llwyd,,,Plaid Cymru,plaid-cymru,Dwyfor Meirionnydd,House of Commons,55,2010-05-06,2015-03-30,,
24941,Elizabeth Truss,,,Conservative,conservative,South West Norfolk,House of Commons,55,2010-05-06,2015-03-30,,
11656,Emily Thornberry,,,Labour,labour,Islington South and Finsbury,House of Commons,55,2010-05-06,2015-03-30,,
25181,Emma Lewell-Buck,,,Labour,labour,South Shields,House of Commons,55,2013-05-03,2015-03-30,,
24868,Emma Reynolds,,,Labour,labour,Wolverhampton North East,House of Commons,55,2010-05-06,2015-03-30,,
10305,Eric Illsley,,,Labour,labour,Barnsley Central,House of Commons,55,2010-05-06,2011-02-08,,
10685,Eric Joyce,,,Labour,labour,Falkirk,House of Commons,55,2010-05-06,2015-03-30,,
24967,Eric Ollerenshaw,,,Conservative,conservative,Lancaster and Fleetwood,House of Commons,55,2010-05-06,2015-03-30,,
10477,Eric Pickles,,,Conservative,conservative,Brentwood and Ongar,House of Commons,55,2010-05-06,2015-03-30,,
24882,Esther McVey,,,Conservative,conservative,Wirral West,House of Commons,55,2010-05-06,2015-03-30,,
10256,Fabian Hamilton,,,Labour,labour,Leeds North East,House of Commons,55,2010-05-06,2015-03-30,,
24857,Fiona Bruce,,,Conservative,conservative,Congleton,House of Commons,55,2010-05-06,2015-03-30,,
10402,Fiona Mactaggart,,,Labour,labour,Slough,House of Commons,55,2010-05-06,2015-03-30,,
24723,Fiona O'Donnell,,,Labour,labour,East Lothian,House of Commons,55,2010-05-06,2015-03-30,,
13836,Francie Molloy,,,Sinn Féin,sinn-fein,Mid Ulster,House of Commons,55,2013-03-08,2015-03-30,,
10423,Francis Maude,,,Conservative,conservative,Horsham,House of Commons,55,2010-05-06,2015-03-30,,
10171,Frank Dobson,,,Labour,labour,Holborn and St Pancras,House of Commons,55,2010-05-06,2015-03-30,,
10174,Frank Doran,,,Labour,labour,Aberdeen North,House of Commons,55,2010-05-06,2015-03-30,,
10197,Frank Field,,,Labour,labour,Birkenhead,House of Commons,55,2010-05-06,2015-03-30,,
10517,Frank Roy,,,Labour,labour,Motherwell and Wishaw,House of Commons,55,2010-05-06,2015-03-30,,
24803,Gareth Johnson,,,Conservative,conservative,Dartford,House of Commons,55,2010-05-06,2015-03-30,,
10594,Gareth Thomas,,,Labour,labour,Harrow West,House of Commons,55,2010-05-06,2015-03-30,,
10575,Gary Streeter,,,Conservative,conservative,South West Devon,House of Commons,55,2010-05-06,2015-03-30,,
24863,Gavin Barwell,,,Conservative,conservative,Croydon Central,House of Commons,55,2010-05-06,2015-03-30,,
24847,Gavin Shuker,,,Labour,labour,Luton South,House of Commons,55,2010-05-06,2015-03-30,,
24729,Gavin Williamson,,,Conservative,conservative,South Staffordshire,House of Commons,55,2010-05-06,2015-03-30,,
24918,Gemma Doyle,,,Labour,labour,West Dunbartonshire,House of Commons,55,2010-05-06,2015-03-30,,
10119,Geoffrey Clifton-Brown,,,Conservative,conservative,The Cotswolds,House of Commons,55,2010-05-06,2015-03-30,,
11541,Geoffrey Cox,,,Conservative,conservative,Torridge and West Devon,House of Commons,55,2010-05-06,2015-03-30,,
10506,Geoffrey Robinson,,,Labour,labour,Coventry North West,House of Commons,55,2010-05-06,2015-03-30,,
24933,George Eustice,,,Conservative,conservative,Camborne and Redruth,House of Commons,55,2010-05-06,2015-03-30,,
24817,George Freeman,,,Conservative,conservative,Mid Norfolk,House of Commons,55,2010-05-06,2015-03-30,,
10218,George Galloway,,,Respect,respect,Bradford West,House of Commons,55,2012-03-30,2015-03-30,,
24936,George Hollingbery,,,Conservative,conservative,Meon Valley,House of Commons,55,2010-05-06,2015-03-30,,
10292,George Howarth,,,Labour,labour,Knowsley,House of Commons,55,2010-05-06,2015-03-30,,
10450,George Mudie,,,Labour,labour,Leeds East,House of Commons,55,2010-05-06,2015-03-30,,
11145,George Osborne,,,Conservative,conservative,Tatton,House of Commons,55,2010-05-06,2015-03-30,,
10659,George Young,,,Conservative,conservative,North West Hampshire,House of Commons,55,2010-05-06,2015-03-30,,
10159,Geraint Davies,,,Labour,labour,Swansea West,House of Commons,55,2010-05-06,2015-03-30,,
10293,Gerald Howarth,,,Conservative,conservative,Aldershot,House of Commons,55,2010-05-06,2015-03-30,,
10327,Gerald Kaufman,,,Labour,labour,"Manchester, Gorton",House of Commons,55,2010-05-06,2015-03-30,,
10002,Gerry Adams,,,Sinn Féin,sinn-fein,Belfast West,House of Commons,55,2010-05-06,2011-01-26,,
10579,Gerry Sutcliffe,,,Labour,labour,Bradford South,House of Commons,55,2010-05-06,2015-03-30,,
10577,Gisela Stuart,,,Labour,labour,"Birmingham, Edgbaston",House of Commons,55,2010-05-06,2015-03-30,,
10308,Glenda Jackson,,,Labour,labour,Hampstead and Kilburn,House of Commons,55,2010-05-06,2015-03-30,,
24811,Gloria De Piero,,,Labour,labour,Ashfield,House of Commons,55,2010-05-06,2015-03-30,,
24739,Glyn Davies,,,Conservative,conservative,Montgomeryshire,House of Commons,55,2010-05-06,2015-03-30,,
12005,Gordon Banks,,,Labour,labour,Ochil and South Perthshire,House of Commons,55,2010-05-06,2015-03-30,,
24793,Gordon Birtwistle,,,Liberal Democrat,liberal-democrat,Burnley,House of Commons,55,2010-05-06,2015-03-30,,
10068,Gordon Brown,,,Labour,labour,Kirkcaldy and Cowdenbeath,House of Commons,55,2010-05-06,2015-03-30,,
24828,Gordon Henderson,,,Conservative,conservative,Sittingbourne and Sheppey,House of Commons,55,2010-05-06,2015-03-30,,
10415,Gordon Marsden,,,Labour,labour,Blackpool South,House of Commons,55,2010-05-06,2015-03-30,,
24735,Graeme Morrice,,,Labour,labour,Livingston,House of Commons,55,2010-05-06,2015-03-30,,
10008,Graham Allen,,,Labour,labour,Nottingham North,House of Commons,55,2010-05-06,2015-03-30,,
10062,Graham Brady,,,Conservative,conservative,Altrincham and Sale West,House of Commons,55,2010-05-06,2015-03-30,,
24883,Graham Evans,,,Conservative,conservative,Weaver Vale,House of Commons,55,2010-05-06,2015-03-30,,
24835,Graham Jones,,,Labour,labour,Hyndburn,House of Commons,55,2010-05-06,2015-03-30,,
10576,Graham Stringer,,,Labour,labour,Blackley and Broughton,House of Commons,55,2010-05-06,2015-03-30,,
11406,Graham Stuart,,,Conservative,conservative,Beverley and Holderness,House of Commons,55,2010-05-06,2015-03-30,,
24715,Grahame Morris,,,Labour,labour,Easington,House of Commons,55,2010-05-06,2015-03-30,,
11917,Grant Shapps,,,Conservative,conservative,Welwyn Hatfield,House of Commons,55,2010-05-06,2015-03-30,,
11884,Greg Clark,,,Conservative,conservative,Tunbridge Wells,House of Commons,55,2010-05-06,2015-03-30,,
11610,Greg Hands,,,Conservative,conservative,Chelsea and Fulham,House of Commons,55,2010-05-06,2015-03-30,,
11026,Greg Knight,,,Conservative,conservative,East Yorkshire,House of Commons,55,2010-05-06,2015-03-30,,
11672,Greg Mulholland,,,Liberal Democrat,liberal-democrat,Leeds North West,House of Commons,55,2010-05-06,2015-03-30,,
24733,Gregg McClymont,,,Labour,labour,"Cumbernauld, Kilsyth and Kirkintilloch East",House of Commons,55,2010-05-06,2015-03-30,,
10713,Gregory Barker,,,Conservative,conservative,Bexhill and Battle,House of Commons,55,2010-05-06,2015-03-30,,
10780,Gregory Campbell,,,DUP,dup,East Londonderry,House of Commons,55,2010-05-06,2015-03-30,,
24736,Guto Bebb,,,Conservative,conservative,Aberconwy,House of Commons,55,2010-05-06,2015-03-30,,
24962,Guy Opperman,,,Conservative,conservative,Hexham,House of Commons,55,2010-05-06,2015-03-30,,
10260,Harriet Harman,,,Labour,labour,Camberwell and Peckham,House of Commons,55,2010-05-06,2015-03-30,,
24785,Harriett Baldwin,,,Conservative,conservative,West Worcestershire,House of Commons,55,2010-05-06,2015-03-30,,
10048,Hazel Blears,,,Labour,labour,Salford and Eccles,House of Commons,55,2010-05-06,2015-03-30,,
24769,Heather Wheeler,,,Conservative,conservative,South Derbyshire,House of Commons,55,2010-05-06,2015-03-30,,
24953,Heidi Alexander,,,Labour,labour,Lewisham East,House of Commons,55,2010-05-06,2015-03-30,,
11421,Helen Goodman,,,Labour,labour,Bishop Auckland,House of Commons,55,2010-05-06,2015-03-30,,
24796,Helen Grant,,,Conservative,conservative,Maidstone and The Weald,House of Commons,55,2010-05-06,2015-03-30,,
10319,Helen Jones,,,Labour,labour,Warrington North,House of Commons,55,2010-05-06,2015-03-30,,
10726,Henry Bellingham,,,Conservative,conservative,North West Norfolk,House of Commons,55,2010-05-06,2015-03-30,,
24802,Henry Smith,,,Conservative,conservative,Crawley,House of Commons,55,2010-05-06,2015-03-30,,
10669,Hilary Benn,,,Labour,labour,Leeds Central,House of Commons,55,2010-05-06,2015-03-30,,
10029,Hugh Bayley,,,Labour,labour,York Central,House of Commons,55,2010-05-06,2015-03-30,,
11190,Hugh Robertson,,,Conservative,conservative,Faversham and Mid Kent,House of Commons,55,2010-05-06,2015-03-30,,
11265,Hugo Swire,,,Conservative,conservative,East Devon,House of Commons,55,2010-05-06,2015-03-30,,
11347,Huw Irranca-Davies,,,Labour,labour,Ogmore,House of Commons,55,2010-05-06,2015-03-30,,
10900,Hywel Francis,,,Labour,labour,Aberavon,House of Commons,55,2010-05-06,2015-03-30,,
11323,Hywel Williams,,,Plaid Cymru,plaid-cymru,Arfon,House of Commons,55,2010-05-06,2015-03-30,,
10180,Iain Duncan Smith,,,Conservative,conservative,Chingford and Woodford Green,House of Commons,55,2010-05-06,2015-03-30,,
25145,Iain McKenzie,,,Labour,labour,Inverclyde,House of Commons,55,2011-07-01,2015-03-30,,
24947,Iain Stewart,,,Conservative,conservative,Milton Keynes South,House of Commons,55,2010-05-06,2015-03-30,,
11362,Iain Wright,,,Labour,labour,Hartlepool,House of Commons,55,2010-05-06,2015-03-30,,
11553,Ian Austin,,,Labour,labour,Dudley North,House of Commons,55,2010-05-06,2015-03-30,,
10157,Ian Davidson,,,Labour,labour,Glasgow South West,House of Commons,55,2010-05-06,2015-03-30,,
24963,Ian Lavery,,,Labour,labour,Wansbeck,House of Commons,55,2010-05-06,2015-03-30,,
11048,Ian Liddell-Grainger,,,Conservative,conservative,Bridgwater and West Somerset,House of Commons,55,2010-05-06,2015-03-30,,
11057,Ian Lucas,,,Labour,labour,Wrexham,House of Commons,55,2010-05-06,2015-03-30,,
24919,Ian Mearns,,,Labour,labour,Gateshead,House of Commons,55,2010-05-06,2015-03-30,,
24872,Ian Murray,,,Labour,labour,Edinburgh South,House of Commons,55,2010-05-06,2015-03-30,,
13852,Ian Paisley Jnr,,,DUP,dup,North Antrim,House of Commons,55,2010-05-06,2015-03-30,,
24819,Ian Swales,,,Liberal Democrat,liberal-democrat,Redcar,House of Commons,55,2010-05-06,2015-03-30,,
10357,Ivan Lewis,,,Labour,labour,Bury South,House of Commons,55,2010-05-06,2015-03-30,,
24825,Jack Dromey,,,Labour,labour,"Birmingham, Erdington",House of Commons,55,2010-05-06,2015-03-30,,
24716,Jack Lopresti,,,Conservative,conservative,Filton and Bradley Stoke,House of Commons,55,2010-05-06,2015-03-30,,
10574,Jack Straw,,,Labour,labour,Blackburn,House of Commons,55,2010-05-06,2015-03-30,,
24957,Jackie Doyle-Price,,,Conservative,conservative,Thurrock,House of Commons,55,2010-05-06,2015-03-30,,
24926,Jacob Rees-Mogg,,,Conservative,conservative,North East Somerset,House of Commons,55,2010-05-06,2015-03-30,,
24860,Jake Berry,,,Conservative,conservative,Rossendale and Darwen,House of Commons,55,2010-05-06,2015-03-30,,
10013,James Arbuthnot,,,Conservative,conservative,North East Hampshire,House of Commons,55,2010-05-06,2015-03-30,,
11640,James Brokenshire,,,Conservative,conservative,Old Bexley and Sidcup,House of Commons,55,2010-05-06,2015-03-30,,
10106,James Clappison,,,Conservative,conservative,Hertsmere,House of Commons,55,2010-05-06,2015-03-30,,
11785,James Duddridge,,,Conservative,conservative,Rochford and Southend East,House of Commons,55,2010-05-06,2015-03-30,,
10240,James Gray,,,Conservative,conservative,North Wiltshire,House of Commons,55,2010-05-06,2015-03-30,,
24855,James Morris,,,Conservative,conservative,Halesowen and Rowley Regis,House of Commons,55,2010-05-06,2015-03-30,,
10470,James Paice,,,Conservative,conservative,South East Cambridgeshire,House of Commons,55,2010-05-06,2015-03-30,,
24930,James Wharton,,,Conservative,conservative,Stockton South,House of Commons,55,2010-05-06,2015-03-30,,
11511,Jamie Reed,,,Labour,labour,Copeland,House of Commons,55,2010-05-06,2015-03-30,,
24719,Jane Ellison,,,Conservative,conservative,Battersea,House of Commons,55,2010-05-06,2015-03-30,,
24887,Jason McCartney,,,Conservative,conservative,Colne Valley,House of Commons,55,2010-05-06,2015-03-30,,
10172,Jeffrey M. Donaldson,,,DUP,dup,Lagan Valley,House of Commons,55,2010-05-06,2015-03-30,,
11480,Jennifer Willott,,,Liberal Democrat,liberal-democrat,Cardiff Central,House of Commons,55,2010-05-06,2015-03-30,,
24711,Jenny Chapman,,,Labour,labour,Darlington,House of Commons,55,2010-05-06,2015-03-30,,
11869,Jeremy Browne,,,Liberal Democrat,liberal-democrat,Taunton Deane,House of Commons,55,2010-05-06,2015-03-30,,
10133,Jeremy Corbyn,,,Labour,labour,Islington North,House of Commons,55,2010-05-06,2015-03-30,,
11859,Jeremy Hunt,,,Conservative,conservative,South West Surrey,House of Commons,55,2010-05-06,2015-03-30,,
24760,Jeremy Lefroy,,,Conservative,conservative,Stafford,House of Commons,55,2010-05-06,2015-03-30,,
11791,Jeremy Wright,,,Conservative,conservative,Kenilworth and Southam,House of Commons,55,2010-05-06,2015-03-30,,
24827,Jesse Norman,,,Conservative,conservative,Hereford and South Herefordshire,House of Commons,55,2010-05-06,2015-03-30,,
24757,Jessica Lee,,,Conservative,conservative,Erewash,House of Commons,55,2010-05-06,2015-03-30,,
11732,Jessica Morden,,,Labour,labour,Newport East,House of Commons,55,2010-05-06,2015-03-30,,
10147,Jim Cunningham,,,Labour,labour,Coventry South,House of Commons,55,2010-05-06,2015-03-30,,
10170,Jim Dobbin,,,Labour,labour,Heywood and Middleton,House of Commons,55,2010-05-06,2014-09-07,,
10176,Jim Dowd,,,Labour,labour,Lewisham West and Penge,House of Commons,55,2010-05-06,2015-03-30,,
10199,Jim Fitzpatrick,,,Labour,labour,Poplar and Limehouse,House of Commons,55,2010-05-06,2015-03-30,,
11974,Jim McGovern,,,Labour,labour,Dundee West,House of Commons,55,2010-05-06,2015-03-30,,
10453,Jim Murphy,,,Labour,labour,East Renfrewshire,House of Commons,55,2010-05-06,2015-03-30,,
13864,Jim Shannon,,,DUP,dup,Strangford,House of Commons,55,2010-05-06,2015-03-30,,
11221,Jim Sheridan,,,Labour,labour,Paisley and Renfrewshire North,House of Commons,55,2010-05-06,2015-03-30,,
10285,Jimmy Hood,,,Labour,labour,Lanark and Hamilton East,House of Commons,55,2010-05-06,2015-03-30,,
24895,Jo Johnson,,,Conservative,conservative,Orpington,House of Commons,55,2010-05-06,2015-03-30,,
11971,Jo Swinson,,,Liberal Democrat,liberal-democrat,East Dunbartonshire,House of Commons,55,2010-05-06,2015-03-30,,
10519,Joan Ruddock,,,Labour,labour,"Lewisham, Deptford",House of Commons,55,2010-05-06,2015-03-30,,
10619,Joan Walley,,,Labour,labour,Stoke-on-Trent North,House of Commons,55,2010-05-06,2015-03-30,,
10039,Joe Benton,,,Labour,labour,Bootle,House of Commons,55,2010-05-06,2015-03-30,,
10715,John Baron,,,Conservative,conservative,Basildon and Billericay,House of Commons,55,2010-05-06,2015-03-30,,
10040,John Bercow,,,Speaker,speaker,Buckingham,House of Commons,55,2010-05-06,2015-03-30,,
10143,John Cryer,,,Labour,labour,Leyton and Wanstead,House of Commons,55,2010-05-06,2015-03-30,,
10167,John Denham,,,Labour,labour,"Southampton, Itchen",House of Commons,55,2010-05-06,2015-03-30,,
24839,John Glen,,,Conservative,conservative,Salisbury,House of Commons,55,2010-05-06,2015-03-30,,
10265,John Hayes,,,Conservative,conservative,South Holland and The Deepings,House of Commons,55,2010-05-06,2015-03-30,,
10268,John Healey,,,Labour,labour,Wentworth and Dearne,House of Commons,55,2010-05-06,2015-03-30,,
11420,John Hemming,,,Liberal Democrat,liberal-democrat,"Birmingham, Yardley",House of Commons,55,2010-05-06,2015-03-30,,
14131,John Howell,,,Conservative,conservative,Henley,House of Commons,55,2010-05-06,2015-03-30,,
11707,John Leech,,,Liberal Democrat,liberal-democrat,"Manchester, Withington",House of Commons,55,2010-05-06,2015-03-30,,
11093,John Mann,,,Labour,labour,Bassetlaw,House of Commons,55,2010-05-06,2015-03-30,,
10383,John Martin McDonnell,,,Labour,labour,Hayes and Harlington,House of Commons,55,2010-05-06,2015-03-30,,
11924,John Penrose,,,Conservative,conservative,Weston-Super-Mare,House of Commons,55,2010-05-06,2015-03-30,,
11174,John Pugh,,,Liberal Democrat,liberal-democrat,Southport,House of Commons,55,2010-05-06,2015-03-30,,
10660,John Randall,,,Conservative,conservative,Uxbridge and South Ruislip,House of Commons,55,2010-05-06,2015-03-30,,
10499,John Redwood,,,Conservative,conservative,Wokingham,House of Commons,55,2010-05-06,2015-03-30,,
10684,John Robertson,,,Labour,labour,Glasgow North West,House of Commons,55,2010-05-06,2015-03-30,,
10558,John Spellar,,,Labour,labour,Warley,House of Commons,55,2010-05-06,2015-03-30,,
10563,John Stanley,,,Conservative,conservative,Tonbridge and Malling,House of Commons,55,2010-05-06,2015-03-30,,
24799,John Stevenson,,,Conservative,conservative,Carlisle,House of Commons,55,2010-05-06,2015-03-30,,
11280,John Thurso,,,Liberal Democrat,liberal-democrat,"Caithness, Sutherland and Easter Ross",House of Commons,55,2010-05-06,2015-03-30,,
10632,John Whittingdale,,,Conservative,conservative,Maldon,House of Commons,55,2010-05-06,2015-03-30,,
24837,John Woodcock,,,Labour,labour,Barrow and Furness,House of Commons,55,2010-05-06,2015-03-30,,
25120,Jon Ashworth,,,Labour,labour,Leicester South,House of Commons,55,2011-05-06,2015-03-30,,
10828,Jon Cruddas,,,Labour,labour,Dagenham and Rainham,House of Commons,55,2010-05-06,2015-03-30,,
10604,Jon Trickett,,,Labour,labour,Hemsworth,House of Commons,55,2010-05-06,2015-03-30,,
10854,Jonathan Djanogly,,,Conservative,conservative,Huntingdon,House of Commons,55,2010-05-06,2015-03-30,,
24743,Jonathan Edwards,,,Plaid Cymru,plaid-cymru,Carmarthen East and Dinefwr,House of Commons,55,2010-05-06,2015-03-30,,
22650,Jonathan Evans,,,Conservative,conservative,Cardiff North,House of Commons,55,2010-05-06,2015-03-30,,
24884,Jonathan Lord,,,Conservative,conservative,Woking,House of Commons,55,2010-05-06,2015-03-30,,
24929,Jonathan Reynolds,,,Labour,labour,Stalybridge and Hyde,House of Commons,55,2010-05-06,2015-03-30,,
10065,Julian Brazier,,,Conservative,conservative,Canterbury,House of Commons,55,2010-05-06,2015-03-30,,
24892,Julian Huppert,,,Liberal Democrat,liberal-democrat,Cambridge,House of Commons,55,2010-05-06,2015-03-30,,
10358,Julian Lewis,,,Conservative,conservative,New Forest East,House of Commons,55,2010-05-06,2015-03-30,,
24961,Julian Smith,,,Conservative,conservative,Skipton and Ripon,House of Commons,55,2010-05-06,2015-03-30,,
24853,Julian Sturdy,,,Conservative,conservative,York Outer,House of Commons,55,2010-05-06,2015-03-30,,
24710,Julie Elliott,,,Labour,labour,Sunderland Central,House of Commons,55,2010-05-06,2015-03-30,,
24881,Julie Hilling,,,Labour,labour,Bolton West,House of Commons,55,2010-05-06,2015-03-30,,
24870,Justin Tomlinson,,,Conservative,conservative,North Swindon,House of Commons,55,2010-05-06,2015-03-30,,
11771,Justine Greening,,,Conservative,conservative,Putney,House of Commons,55,2010-05-06,2015-03-30,,
24725,Karen Bradley,,,Conservative,conservative,Staffordshire Moorlands,House of Commons,55,2010-05-06,2015-03-30,,
10075,Karen Buck,,,Labour,labour,Westminster North,House of Commons,55,2010-05-06,2015-03-30,,
24856,Karen Lumley,,,Conservative,conservative,Redditch,House of Commons,55,2010-05-06,2015-03-30,,
24790,Karl McCartney,,,Conservative,conservative,Lincoln,House of Commons,55,2010-05-06,2015-03-30,,
24767,Karl Turner,,,Labour,labour,Kingston upon Hull East,House of Commons,55,2010-05-06,2015-03-30,,
24896,Kate Green,,,Labour,labour,Stretford and Urmston,House of Commons,55,2010-05-06,2015-03-30,,
10282,Kate Hoey,,,Labour,labour,Vauxhall,House of Commons,55,2010-05-06,2015-03-30,,
11963,Katy Clark,,,Labour,labour,North Ayrshire and Arran,House of Commons,55,2010-05-06,2015-03-30,,
10542,Keith Simpson,,,Conservative,conservative,Broadland,House of Commons,55,2010-05-06,2015-03-30,,
10614,Keith Vaz,,,Labour,labour,Leicester East,House of Commons,55,2010-05-06,2015-03-30,,
10288,Kelvin Hopkins,,,Labour,labour,Luton North,House of Commons,55,2010-05-06,2015-03-30,,
10115,Kenneth Clarke,,,Conservative,conservative,Rushcliffe,House of Commons,55,2010-05-06,2015-03-30,,
11455,Kerry McCarthy,,,Labour,labour,Bristol East,House of Commons,55,2010-05-06,2015-03-30,,
11003,Kevan Jones,,,Labour,labour,North Durham,House of Commons,55,2010-05-06,2015-03-30,,
10027,Kevin Barron,,,Labour,labour,Rother Valley,House of Commons,55,2010-05-06,2015-03-30,,
10753,Kevin Brennan,,,Labour,labour,Cardiff West,House of Commons,55,2010-05-06,2015-03-30,,
11087,Khalid Mahmood,,,Labour,labour,"Birmingham, Perry Barr",House of Commons,55,2010-05-06,2015-03-30,,
24923,Kris Hopkins,,,Conservative,conservative,Keighley,House of Commons,55,2010-05-06,2015-03-30,,
24770,Kwasi Kwarteng,,,Conservative,conservative,Spelthorne,House of Commons,55,2010-05-06,2015-03-30,,
24792,Laura Sandys,,,Conservative,conservative,South Thanet,House of Commons,55,2010-05-06,2015-03-30,,
10505,Laurence Robertson,,,Conservative,conservative,Tewkesbury,House of Commons,55,2010-05-06,2015-03-30,,
11651,Lee Scott,,,Conservative,conservative,Ilford North,House of Commons,55,2010-05-06,2015-03-30,,
11360,Liam Byrne,,,Labour,labour,"Birmingham, Hodge Hill",House of Commons,55,2010-05-06,2015-03-30,,
10213,Liam Fox,,,Conservative,conservative,North Somerset,House of Commons,55,2010-05-06,2015-03-30,,
24774,Lilian Greenwood,,,Labour,labour,Nottingham South,House of Commons,55,2010-05-06,2015-03-30,,
11607,Linda Riordan,,,Labour,labour,Halifax,House of Commons,55,2010-05-06,2015-03-30,,
10295,Lindsay Hoyle,,,Labour,labour,Chorley,House of Commons,55,2010-05-06,2015-03-30,,
14142,Lindsay Roy,,,Labour,labour,Glenrothes,House of Commons,55,2010-05-06,2015-03-30,,
24831,Lisa Nandy,,,Labour,labour,Wigan,House of Commons,55,2010-05-06,2015-03-30,,
24816,Liz Kendall,,,Labour,labour,Leicester West,House of Commons,55,2010-05-06,2015-03-30,,
25230,Liz McInnes,,,Labour,labour,Heywood and Middleton,House of Commons,55,2014-10-10,2015-03-30,,
11823,Lorely Burt,,,Liberal Democrat,liberal-democrat,Solihull,House of Commons,55,2010-05-06,2015-03-30,,
24801,Lorraine Fullbrook,,,Conservative,conservative,South Ribble,House of Commons,55,2010-05-06,2015-03-30,,
10186,Louise Ellman,,,Labour,labour,"Liverpool, Riverside",House of Commons,55,2010-05-06,2015-03-30,,
24833,Louise Mensch,,,Conservative,conservative,Corby,House of Commons,55,2010-05-06,2012-08-29,,
24924,Luciana Berger,,,Labour,labour,"Liverpool, Wavertree",House of Commons,55,2010-05-06,2015-03-30,,
25165,Lucy Powell,,,Labour,labour,Manchester Central,House of Commons,55,2012-11-16,2015-03-30,,
11921,Lyn Brown,,,Labour,labour,West Ham,House of Commons,55,2010-05-06,2015-03-30,,
11641,Lynne Featherstone,,,Liberal Democrat,liberal-democrat,Hornsey and Wood Green,House of Commons,55,2010-05-06,2015-03-30,,
11450,Madeleine Moon,,,Labour,labour,Bridgend,House of Commons,55,2010-05-06,2015-03-30,,
10074,Malcolm Bruce,,,Liberal Democrat,liberal-democrat,Gordon,House of Commons,55,2010-05-06,2015-03-30,,
11660,Malcolm Rifkind,,,Conservative,conservative,Kensington,House of Commons,55,2010-05-06,2015-03-30,,
10633,Malcolm Wicks,,,Labour,labour,Croydon North,House of Commons,55,2010-05-06,2012-09-29,,
24745,Marcus Jones,,,Conservative,conservative,Nuneaton,House of Commons,55,2010-05-06,2015-03-30,,
10031,Margaret Beckett,,,Labour,labour,Derby South,House of Commons,55,2010-05-06,2015-03-30,,
24734,Margaret Curran,,,Labour,labour,Glasgow East,House of Commons,55,2010-05-06,2015-03-30,,
10281,Margaret Hodge,,,Labour,labour,Barking,House of Commons,55,2010-05-06,2015-03-30,,
13856,Margaret Ritchie,,,Social Democratic and Labour Party,social-democratic-and-labour-party,South Down,House of Commons,55,2010-05-06,2015-03-30,,
24876,Margot James,,,Conservative,conservative,Stourbridge,House of Commons,55,2010-05-06,2015-03-30,,
10183,Maria Eagle,,,Labour,labour,Garston and Halewood,House of Commons,55,2010-05-06,2015-03-30,,
11389,Maria Miller,,,Conservative,conservative,Basingstoke,House of Commons,55,2010-05-06,2015-03-30,,
11589,Mark Durkan,,,Social Democratic and Labour Party,social-democratic-and-labour-party,Foyle,House of Commons,55,2010-05-06,2015-03-30,,
10884,Mark Field,,,Conservative,conservative,Cities of London and Westminster,House of Commons,55,2010-05-06,2015-03-30,,
10901,Mark Francois,,,Conservative,conservative,Rayleigh and Wickford,House of Commons,55,2010-05-06,2015-03-30,,
24824,Mark Garnier,,,Conservative,conservative,Wyre Forest,House of Commons,55,2010-05-06,2015-03-30,,
11588,Mark Harper,,,Conservative,conservative,Forest of Dean,House of Commons,55,2010-05-06,2015-03-30,,
10682,Mark Hendrick,,,Labour,labour,Preston,House of Commons,55,2010-05-06,2015-03-30,,
10964,Mark Hoban,,,Conservative,conservative,Fareham,House of Commons,55,2010-05-06,2015-03-30,,
12016,Mark Hunter,,,Liberal Democrat,liberal-democrat,Cheadle,House of Commons,55,2010-05-06,2015-03-30,,
11715,Mark Lancaster,,,Conservative,conservative,Milton Keynes North,House of Commons,55,2010-05-06,2015-03-30,,
11038,Mark Lazarowicz,,,Labour,labour,Edinburgh North and Leith,House of Commons,55,2010-05-06,2015-03-30,,
24804,Mark Menzies,,,Conservative,conservative,Fylde,House of Commons,55,2010-05-06,2015-03-30,,
24880,Mark Pawsey,,,Conservative,conservative,Rugby,House of Commons,55,2010-05-06,2015-03-30,,
11172,Mark Prisk,,,Conservative,conservative,Hertford and Stortford,House of Commons,55,2010-05-06,2015-03-30,,
11946,Mark Pritchard,,,Conservative,conservative,The Wrekin,House of Commons,55,2010-05-06,2015-03-30,,
24899,Mark Reckless,,,Conservative,conservative,Rochester and Strood,House of Commons,55,2010-05-06,2014-09-30,,
24899,Mark Reckless,,,UKIP,ukip,Rochester and Strood,House of Commons,55,2014-11-21,2015-03-30,,
11224,Mark Simmonds,,,Conservative,conservative,Boston and Skegness,House of Commons,55,2010-05-06,2015-03-30,,
24909,Mark Spencer,,,Conservative,conservative,Sherwood,House of Commons,55,2010-05-06,2015-03-30,,
11267,Mark Tami,,,Labour,labour,Alyn and Deeside,House of Commons,55,2010-05-06,2015-03-30,,
11489,Mark Williams,,,Liberal Democrat,liberal-democrat,Ceredigion,House of Commons,55,2010-05-06,2015-03-30,,
10543,Marsha Singh,,,Labour,labour,Bradford West,House of Commons,55,2010-05-06,2012-03-02,,
10096,Martin Caton,,,Labour,labour,Gower,House of Commons,55,2010-05-06,2015-03-30,,
11494,Martin Horwood,,,Liberal Democrat,liberal-democrat,Cheltenham,House of Commons,55,2010-05-06,2015-03-30,,
10387,Martin McGuinness,,,Sinn Féin,sinn-fein,Mid Ulster,House of Commons,55,2010-05-06,2013-01-02,,
24814,Martin Vickers,,,Conservative,conservative,Cleethorpes,House of Commons,55,2010-05-06,2015-03-30,,
11898,Mary Creagh,,,Labour,labour,Wakefield,House of Commons,55,2010-05-06,2015-03-30,,
24927,Mary Glindon,,,Labour,labour,North Tyneside,House of Commons,55,2010-05-06,2015-03-30,,
24913,Mary Macleod,,,Conservative,conservative,Brentford and Isleworth,House of Commons,55,2010-05-06,2015-03-30,,
24773,Matthew Hancock,,,Conservative,conservative,West Suffolk,House of Commons,55,2010-05-06,2015-03-30,,
24955,Matthew Offord,,,Conservative,conservative,Hendon,House of Commons,55,2010-05-06,2015-03-30,,
11605,Meg Hillier,,,Labour,labour,Hackney South and Shoreditch,House of Commons,55,2010-05-06,2015-03-30,,
11128,Meg Munn,,,Labour,labour,"Sheffield, Heeley",House of Commons,55,2010-05-06,2015-03-30,,
24914,Mel Stride,,,Conservative,conservative,Central Devon,House of Commons,55,2010-05-06,2015-03-30,,
10088,Menzies Campbell,,,Liberal Democrat,liberal-democrat,North East Fife,House of Commons,55,2010-05-06,2015-03-30,,
10128,Michael Connarty,,,Labour,labour,Linlithgow and East Falkirk,House of Commons,55,2010-05-06,2015-03-30,,
24794,Michael Crockart,,,Liberal Democrat,liberal-democrat,Edinburgh West,House of Commons,55,2010-05-06,2015-03-30,,
24762,Michael Dugher,,,Labour,labour,Barnsley East,House of Commons,55,2010-05-06,2015-03-30,,
24866,Michael Ellis,,,Conservative,conservative,Northampton North,House of Commons,55,2010-05-06,2015-03-30,,
10193,Michael Fabricant,,,Conservative,conservative,Lichfield,House of Commons,55,2010-05-06,2015-03-30,,
10194,Michael Fallon,,,Conservative,conservative,Sevenoaks,House of Commons,55,2010-05-06,2015-03-30,,
11858,Michael Gove,,,Conservative,conservative,Surrey Heath,House of Commons,55,2010-05-06,2015-03-30,,
24717,Michael McCann,,,Labour,labour,"East Kilbride, Strathaven and Lesmahagow",House of Commons,55,2010-05-06,2015-03-30,,
10427,Michael Meacher,,,Labour,labour,Oldham West and Royton,House of Commons,55,2010-05-06,2015-03-30,,
10439,Michael Moore,,,Liberal Democrat,liberal-democrat,"Berwickshire, Roxburgh and Selkirk",House of Commons,55,2010-05-06,2015-03-30,,
11312,Michael Weir,,,Scottish National Party,scottish-national-party,Angus,House of Commons,55,2010-05-06,2015-03-30,,
10913,Michelle Gildernew,,,Sinn Féin,sinn-fein,Fermanagh and South Tyrone,House of Commons,55,2010-05-06,2015-03-30,,
24934,Mike Freer,,,Conservative,conservative,Finchley and Golders Green,House of Commons,55,2010-05-06,2015-03-30,,
10219,Mike Gapes,,,Labour,labour,Ilford South,House of Commons,55,2010-05-06,2015-03-30,,
10258,Mike Hancock,,,Liberal Democrat,liberal-democrat,Portsmouth South,House of Commons,55,2010-05-06,2013-06-02,,
10258,Mike Hancock,,,Independent,independent,Portsmouth South,House of Commons,55,2013-06-03,2015-03-30,,
25220,Mike Kane,,,Labour,labour,Wythenshawe and Sale East,House of Commons,55,2014-02-13,2015-03-30,,
11626,Mike Penning,,,Conservative,conservative,Hemel Hempstead,House of Commons,55,2010-05-06,2015-03-30,,
25175,Mike Thornton,,,Liberal Democrat,liberal-democrat,Eastleigh,House of Commons,55,2013-03-01,2015-03-30,,
24889,Mike Weatherley,,,Conservative,conservative,Hove,House of Commons,55,2010-05-06,2015-03-30,,
10650,Mike Wood,,,Labour,labour,Batley and Spen,House of Commons,55,2010-05-06,2015-03-30,,
24822,Nadhim Zahawi,,,Conservative,conservative,Stratford-on-Avon,House of Commons,55,2010-05-06,2015-03-30,,
11397,Nadine Dorries,,,Conservative,conservative,Mid Bedfordshire,House of Commons,55,2010-05-06,2015-03-30,,
13814,Naomi Long,,,Alliance,alliance,Belfast East,House of Commons,55,2010-05-06,2015-03-30,,
11534,Natascha Engel,,,Labour,labour,North East Derbyshire,House of Commons,55,2010-05-06,2015-03-30,,
24840,Neil Carmichael,,,Conservative,conservative,Stroud,House of Commons,55,2010-05-06,2015-03-30,,
24779,Neil Parish,,,Conservative,conservative,Tiverton and Honiton,House of Commons,55,2010-05-06,2015-03-30,,
11692,Nia Griffith,,,Labour,labour,Llanelli,House of Commons,55,2010-05-06,2015-03-30,,
24766,Nicholas Boles,,,Conservative,conservative,Grantham and Stamford,House of Commons,55,2010-05-06,2015-03-30,,
24798,Nicholas Dakin,,,Labour,labour,Scunthorpe,House of Commons,55,2010-05-06,2015-03-30,,
10555,Nicholas Soames,,,Conservative,conservative,Mid Sussex,House of Commons,55,2010-05-06,2015-03-30,,
10069,Nick Brown,,,Labour,labour,Newcastle upon Tyne East,House of Commons,55,2010-05-06,2015-03-30,,
11812,Nick Clegg,,,Liberal Democrat,liberal-democrat,"Sheffield, Hallam",House of Commons,55,2010-05-06,2015-03-30,,
10225,Nick Gibb,,,Conservative,conservative,Bognor Regis and Littlehampton,House of Commons,55,2010-05-06,2015-03-30,,
10262,Nick Harvey,,,Liberal Democrat,liberal-democrat,North Devon,House of Commons,55,2010-05-06,2015-03-30,,
11377,Nick Herbert,,,Conservative,conservative,Arundel and South Downs,House of Commons,55,2010-05-06,2015-03-30,,
11792,Nick Hurd,,,Conservative,conservative,"Ruislip, Northwood and Pinner",House of Commons,55,2010-05-06,2015-03-30,,
10498,Nick Raynsford,,,Labour,labour,Greenwich and Woolwich,House of Commons,55,2010-05-06,2015-03-30,,
24728,Nick Smith,,,Labour,labour,Blaenau Gwent,House of Commons,55,2010-05-06,2015-03-30,,
24859,Nick de Bois,,,Conservative,conservative,Enfield North,House of Commons,55,2010-05-06,2015-03-30,,
24732,Nicky Morgan,,,Conservative,conservative,Loughborough,House of Commons,55,2010-05-06,2015-03-30,,
24842,Nicola Blackwood,,,Conservative,conservative,Oxford West and Abingdon,House of Commons,55,2010-05-06,2015-03-30,,
24878,Nigel Adams,,,Conservative,conservative,Selby and Ainsty,House of Commons,55,2010-05-06,2015-03-30,,
10857,Nigel Dodds,,,DUP,dup,Belfast North,House of Commons,55,2010-05-06,2015-03-30,,
10190,Nigel Evans,,,Conservative,conservative,Ribble Valley,House of Commons,55,2010-05-06,2015-03-30,,
24965,Nigel Mills,,,Conservative,conservative,Amber Valley,House of Commons,55,2010-05-06,2015-03-30,,
10022,Norman Baker,,,Liberal Democrat,liberal-democrat,Lewes,House of Commons,55,2010-05-06,2015-03-30,,
11032,Norman Lamb,,,Liberal Democrat,liberal-democrat,North Norfolk,House of Commons,55,2010-05-06,2015-03-30,,
24898,Oliver Colvile,,,Conservative,conservative,"Plymouth, Sutton and Devonport",House of Commons,55,2010-05-06,2015-03-30,,
10267,Oliver Heald,,,Conservative,conservative,North East Hertfordshire,House of Commons,55,2010-05-06,2015-03-30,,
10355,Oliver Letwin,,,Conservative,conservative,West Dorset,House of Commons,55,2010-05-06,2015-03-30,,
10473,Owen Paterson,,,Conservative,conservative,North Shropshire,House of Commons,55,2010-05-06,2015-03-30,,
24797,Owen Smith,,,Labour,labour,Pontypridd,House of Commons,55,2010-05-06,2015-03-30,,
24737,Pamela Nash,,,Labour,labour,Airdrie and Shotts,House of Commons,55,2010-05-06,2015-03-30,,
10858,Pat Doherty,,,Sinn Féin,sinn-fein,West Tyrone,House of Commons,55,2010-05-06,2015-03-30,,
24917,Pat Glass,,,Labour,labour,North West Durham,House of Commons,55,2010-05-06,2015-03-30,,
11936,Pat McFadden,,,Labour,labour,Wolverhampton South East,House of Commons,55,2010-05-06,2015-03-30,,
10397,Patrick McLoughlin,,,Conservative,conservative,Derbyshire Dales,House of Commons,55,2010-05-06,2015-03-30,,
11109,Patrick Mercer,,,Conservative,conservative,Newark,House of Commons,55,2010-05-06,2014-04-29,,
10041,Paul Beresford,,,Conservative,conservative,Mole Valley,House of Commons,55,2010-05-06,2015-03-30,,
24943,Paul Blomfield,,,Labour,labour,Sheffield Central,House of Commons,55,2010-05-06,2015-03-30,,
10080,Paul Burstow,,,Liberal Democrat,liberal-democrat,Sutton and Cheam,House of Commons,55,2010-05-06,2015-03-30,,
10882,Paul Farrelly,,,Labour,labour,Newcastle-under-Lyme,House of Commons,55,2010-05-06,2015-03-30,,
10203,Paul Flynn,,,Labour,labour,Newport West,House of Commons,55,2010-05-06,2015-03-30,,
10232,Paul Goggins,,,Labour,labour,Wythenshawe and Sale East,House of Commons,55,2010-05-06,2014-01-07,,
13904,Paul Maskey,,,Sinn Féin,sinn-fein,Belfast West,House of Commons,55,2011-06-09,2015-03-30,,
24764,Paul Maynard,,,Conservative,conservative,Blackpool North and Cleveleys,House of Commons,55,2010-05-06,2015-03-30,,
10454,Paul Murphy,,,Labour,labour,Torfaen,House of Commons,55,2010-05-06,2015-03-30,,
24886,Paul Uppal,,,Conservative,conservative,Wolverhampton South West,House of Commons,55,2010-05-06,2015-03-30,,
24821,Pauline Latham,,,Conservative,conservative,Mid Derbyshire,House of Commons,55,2010-05-06,2015-03-30,,
24938,Penny Mordaunt,,,Conservative,conservative,Portsmouth North,House of Commons,55,2010-05-06,2015-03-30,,
11333,Pete Wishart,,,Scottish National Party,scottish-national-party,Perth and North Perthshire,House of Commons,55,2010-05-06,2015-03-30,,
24904,Peter Aldous,,,Conservative,conservative,Waveney,House of Commons,55,2010-05-06,2015-03-30,,
11915,Peter Bone,,,Conservative,conservative,Wellingborough,House of Commons,55,2010-05-06,2015-03-30,,
10057,Peter Bottomley,,,Conservative,conservative,Worthing West,House of Commons,55,2010-05-06,2015-03-30,,
10252,Peter Hain,,,Labour,labour,Neath,House of Commons,55,2010-05-06,2015-03-30,,
10362,Peter Lilley,,,Conservative,conservative,Hitchin and Harpenden,House of Commons,55,2010-05-06,2015-03-30,,
10373,Peter Luff,,,Conservative,conservative,Mid Worcestershire,House of Commons,55,2010-05-06,2015-03-30,,
11675,Peter Soulsby,,,Labour,labour,Leicester South,House of Commons,55,2010-05-06,2011-04-01,,
10583,Peter Tapsell,,,Conservative,conservative,Louth and Horncastle,House of Commons,55,2010-05-06,2015-03-30,,
13933,Phil Wilson,,,Labour,labour,Sedgefield,House of Commons,55,2010-05-06,2015-03-30,,
10652,Phil Woolas,,,Labour,labour,Oldham East and Saddleworth,House of Commons,55,2010-05-06,2010-11-05,,
11816,Philip Davies,,,Conservative,conservative,Shipley,House of Commons,55,2010-05-06,2015-03-30,,
11696,Philip Dunne,,,Conservative,conservative,Ludlow,House of Commons,55,2010-05-06,2015-03-30,,
10257,Philip Hammond,,,Conservative,conservative,Runnymede and Weybridge,House of Commons,55,2010-05-06,2015-03-30,,
11661,Philip Hollobone,,,Conservative,conservative,Kettering,House of Commons,55,2010-05-06,2015-03-30,,
24765,Phillip Lee,,,Conservative,conservative,Bracknell,House of Commons,55,2010-05-06,2015-03-30,,
24778,Priti Patel,,,Conservative,conservative,Witham,House of Commons,55,2010-05-06,2015-03-30,,
24851,Rachel Reeves,,,Labour,labour,Leeds West,House of Commons,55,2010-05-06,2015-03-30,,
24731,Rebecca Harris,,,Conservative,conservative,Castle Point,House of Commons,55,2010-05-06,2015-03-30,,
24920,Rehman Chishti,,,Conservative,conservative,Gillingham and Rainham,House of Commons,55,2010-05-06,2015-03-30,,
10707,Richard Bacon,,,Conservative,conservative,South Norfolk,House of Commons,55,2010-05-06,2015-03-30,,
11727,Richard Benyon,,,Conservative,conservative,Newbury,House of Commons,55,2010-05-06,2015-03-30,,
10076,Richard Burden,,,Labour,labour,"Birmingham, Northfield",House of Commons,55,2010-05-06,2015-03-30,,
24903,Richard Drax,,,Conservative,conservative,South Dorset,House of Commons,55,2010-05-06,2015-03-30,,
24787,Richard Fuller,,,Conservative,conservative,Bedford,House of Commons,55,2010-05-06,2015-03-30,,
24921,Richard Graham,,,Conservative,conservative,Gloucester,House of Commons,55,2010-05-06,2015-03-30,,
24954,Richard Harrington,,,Conservative,conservative,Watford,House of Commons,55,2010-05-06,2015-03-30,,
10468,Richard Ottaway,,,Conservative,conservative,Croydon South,House of Commons,55,2010-05-06,2015-03-30,,
10537,Richard Shepherd,,,Conservative,conservative,Aldridge-Brownhills,House of Commons,55,2010-05-06,2015-03-30,,
11843,Rob Flello,,,Labour,labour,Stoke-on-Trent South,House of Commons,55,2010-05-06,2015-03-30,,
11773,Rob Wilson,,,Conservative,conservative,Reading East,House of Commons,55,2010-05-06,2015-03-30,,
24843,Robert Buckland,,,Conservative,conservative,South Swindon,House of Commons,55,2010-05-06,2015-03-30,,
11804,Robert Goodwill,,,Conservative,conservative,Scarborough and Whitby,House of Commons,55,2010-05-06,2015-03-30,,
24784,Robert Halfon,,,Conservative,conservative,Harlow,House of Commons,55,2010-05-06,2015-03-30,,
25227,Robert Jenrick,,,Conservative,conservative,Newark,House of Commons,55,2014-06-06,2015-03-30,,
10552,Robert Smith,,,Liberal Democrat,liberal-democrat,West Aberdeenshire and Kincardine,House of Commons,55,2010-05-06,2015-03-30,,
10582,Robert Syms,,,Conservative,conservative,Poole,House of Commons,55,2010-05-06,2015-03-30,,
10620,Robert Walter,,,Conservative,conservative,North Dorset,House of Commons,55,2010-05-06,2015-03-30,,
11558,Roberta Blackman-Woods,,,Labour,labour,City of Durham,House of Commons,55,2010-05-06,2015-03-30,,
24862,Robin Walker,,,Conservative,conservative,Worcester,House of Commons,55,2010-05-06,2015-03-30,,
10217,Roger Gale,,,Conservative,conservative,North Thanet,House of Commons,55,2010-05-06,2015-03-30,,
10231,Roger Godsiff,,,Labour,labour,"Birmingham, Hall Green",House of Commons,55,2010-05-06,2015-03-30,,
11324,Roger Williams,,,Liberal Democrat,liberal-democrat,Brecon and Radnorshire,House of Commons,55,2010-05-06,2015-03-30,,
10089,Ronnie Campbell,,,Labour,labour,Blyth Valley,House of Commons,55,2010-05-06,2015-03-30,,
24964,Rory Stewart,,,Conservative,conservative,Penrith and The Border,House of Commons,55,2010-05-06,2015-03-30,,
11667,Rosie Cooper,,,Labour,labour,West Lancashire,House of Commons,55,2010-05-06,2015-03-30,,
10648,Rosie Winterton,,,Labour,labour,Doncaster Central,House of Commons,55,2010-05-06,2015-03-30,,
24958,Rushanara Ali,,,Labour,labour,Bethnal Green and Bow,House of Commons,55,2010-05-06,2015-03-30,,
10070,Russell Brown,,,Labour,labour,Dumfries and Galloway,House of Commons,55,2010-05-06,2015-03-30,,
11878,Sadiq Khan,,,Labour,labour,Tooting,House of Commons,55,2010-05-06,2015-03-30,,
24854,Sajid Javid,,,Conservative,conservative,Bromsgrove,House of Commons,55,2010-05-06,2015-03-30,,
24789,Sam Gyimah,,,Conservative,conservative,East Surrey,House of Commons,55,2010-05-06,2015-03-30,,
11374,Sammy Wilson,,,DUP,dup,East Antrim,House of Commons,55,2010-05-06,2015-03-30,,
10467,Sandra Osborne,,,Labour,labour,"Ayr, Carrick and Cumnock",House of Commons,55,2010-05-06,2015-03-30,,
25168,Sarah Champion,,,Labour,labour,Rotherham,House of Commons,55,2012-11-30,2015-03-30,,
24948,Sarah Newton,,,Conservative,conservative,Truro and Falmouth,House of Commons,55,2010-05-06,2015-03-30,,
11350,Sarah Teather,,,Liberal Democrat,liberal-democrat,Brent Central,House of Commons,55,2010-05-06,2015-03-30,,
24761,Sarah Wollaston,,,Conservative,conservative,Totnes,House of Commons,55,2010-05-06,2015-03-30,,
25150,Seema Malhotra,,,Labour,labour,Feltham and Heston,House of Commons,55,2011-12-16,2015-03-30,,
24788,Shabana Mahmood,,,Labour,labour,"Birmingham, Ladywood",House of Commons,55,2010-05-06,2015-03-30,,
11475,Shailesh Vara,,,Conservative,conservative,North West Cambridgeshire,House of Commons,55,2010-05-06,2015-03-30,,
11592,Sharon Hodgson,,,Labour,labour,Washington and Sunderland West,House of Commons,55,2010-05-06,2015-03-30,,
10651,Shaun Woodward,,,Labour,labour,St Helens South and Whiston,House of Commons,55,2010-05-06,2015-03-30,,
24763,Sheila Gilmore,,,Labour,labour,Edinburgh East,House of Commons,55,2010-05-06,2015-03-30,,
24875,Sheryll Murray,,,Conservative,conservative,South East Cornwall,House of Commons,55,2010-05-06,2015-03-30,,
10079,Simon Burns,,,Conservative,conservative,Chelmsford,House of Commons,55,2010-05-06,2015-03-30,,
24808,Simon Danczuk,,,Labour,labour,Rochdale,House of Commons,55,2010-05-06,2015-03-30,,
24813,Simon Hart,,,Conservative,conservative,Carmarthen West and South Pembrokeshire,House of Commons,55,2010-05-06,2015-03-30,,
10298,Simon Hughes,,,Liberal Democrat,liberal-democrat,Bermondsey and Old Southwark,House of Commons,55,2010-05-06,2015-03-30,,
24900,Simon Kirby,,,Conservative,conservative,"Brighton, Kemptown",House of Commons,55,2010-05-06,2015-03-30,,
24858,Simon Reevell,,,Conservative,conservative,Dewsbury,House of Commons,55,2010-05-06,2015-03-30,,
24874,Simon Wright,,,Liberal Democrat,liberal-democrat,Norwich South,House of Commons,55,2010-05-06,2015-03-30,,
10381,Siobhain McDonagh,,,Labour,labour,Mitcham and Morden,House of Commons,55,2010-05-06,2015-03-30,,
11863,Siân James,,,Labour,labour,Swansea East,House of Commons,55,2010-05-06,2015-03-30,,
24949,Stella Creasy,,,Labour,labour,Walthamstow,House of Commons,55,2010-05-06,2015-03-30,,
24916,Stephen Barclay,,,Conservative,conservative,North East Cambridgeshire,House of Commons,55,2010-05-06,2015-03-30,,
11768,Stephen Crabb,,,Conservative,conservative,Preseli Pembrokeshire,House of Commons,55,2010-05-06,2015-03-30,,
10175,Stephen Dorrell,,,Conservative,conservative,Charnwood,House of Commons,55,2010-05-06,2015-03-30,,
25166,Stephen Doughty,,,Labour,labour,Cardiff South and Penarth,House of Commons,55,2012-11-16,2015-03-30,,
24928,Stephen Gilbert,,,Liberal Democrat,liberal-democrat,St Austell and Newquay,House of Commons,55,2010-05-06,2015-03-30,,
11927,Stephen Hammond,,,Conservative,conservative,Wimbledon,House of Commons,55,2010-05-06,2015-03-30,,
10274,Stephen Hepburn,,,Labour,labour,Jarrow,House of Commons,55,2010-05-06,2015-03-30,,
24754,Stephen Lloyd,,,Liberal Democrat,liberal-democrat,Eastbourne,House of Commons,55,2010-05-06,2015-03-30,,
24888,Stephen McPartland,,,Conservative,conservative,Stevenage,House of Commons,55,2010-05-06,2015-03-30,,
24749,Stephen Metcalfe,,,Conservative,conservative,South Basildon and East Thurrock,House of Commons,55,2010-05-06,2015-03-30,,
24750,Stephen Mosley,,,Conservative,conservative,City of Chester,House of Commons,55,2010-05-06,2015-03-30,,
10670,Stephen O'Brien,,,Conservative,conservative,Eddisbury,House of Commons,55,2010-05-06,2015-03-30,,
24935,Stephen Philip Rotheram,,,Labour,labour,"Liverpool, Walton",House of Commons,55,2010-05-06,2015-03-30,,
24836,Stephen Phillips,,,Conservative,conservative,Sleaford and North Hykeham,House of Commons,55,2010-05-06,2015-03-30,,
10596,Stephen Timms,,,Labour,labour,East Ham,House of Commons,55,2010-05-06,2015-03-30,,
10611,Stephen Twigg,,,Labour,labour,"Liverpool, West Derby",House of Commons,55,2010-05-06,2015-03-30,,
11458,Stephen Williams,,,Liberal Democrat,liberal-democrat,Bristol West,House of Commons,55,2010-05-06,2015-03-30,,
24901,Steve Brine,,,Conservative,conservative,Winchester,House of Commons,55,2010-05-06,2015-03-30,,
10377,Steve McCabe,,,Labour,labour,"Birmingham, Selly Oak",House of Commons,55,2010-05-06,2015-03-30,,
10484,Steve Pound,,,Labour,labour,Ealing North,House of Commons,55,2010-05-06,2015-03-30,,
25170,Steve Reed,,,Labour,labour,Croydon North,House of Commons,55,2012-11-30,2015-03-30,,
10626,Steve Webb,,,Liberal Democrat,liberal-democrat,Thornbury and Yate,House of Commons,55,2010-05-06,2015-03-30,,
24786,Steven Baker,,,Conservative,conservative,Wycombe,House of Commons,55,2010-05-06,2015-03-30,,
11973,Stewart Hosie,,,Scottish National Party,scottish-national-party,Dundee East,House of Commons,55,2010-05-06,2015-03-30,,
11759,Stewart Jackson,,,Conservative,conservative,Peterborough,House of Commons,55,2010-05-06,2015-03-30,,
24864,Stuart Andrew,,,Conservative,conservative,Pudsey,House of Commons,55,2010-05-06,2015-03-30,,
10036,Stuart Bell,,,Labour,labour,Middlesbrough,House of Commons,55,2010-05-06,2012-10-13,,
24720,Susan Elan Jones,,,Labour,labour,Clwyd South,House of Commons,55,2010-05-06,2015-03-30,,
10958,Sylvia Hermon,,,Independent,independent,North Down,House of Commons,55,2010-05-06,2015-03-30,,
24956,Teresa Pearce,,,Labour,labour,Erith and Thamesmead,House of Commons,55,2010-05-06,2015-03-30,,
10326,Tessa Jowell,,,Labour,labour,Dulwich and West Norwood,House of Commons,55,2010-05-06,2015-03-30,,
24942,Tessa Munt,,,Liberal Democrat,liberal-democrat,Wells,House of Commons,55,2010-05-06,2015-03-30,,
10426,Theresa May,,,Conservative,conservative,Maidenhead,House of Commons,55,2010-05-06,2015-03-30,,
11500,Theresa Villiers,,,Conservative,conservative,Chipping Barnet,House of Commons,55,2010-05-06,2015-03-30,,
24771,Therese Coffey,,,Conservative,conservative,Suffolk Coastal,House of Commons,55,2010-05-06,2015-03-30,,
24730,Thomas Docherty,,,Labour,labour,Dunfermline and West Fife,House of Commons,55,2010-05-06,2015-03-30,,
11923,Tim Farron,,,Liberal Democrat,liberal-democrat,Westmorland and Lonsdale,House of Commons,55,2010-05-06,2015-03-30,,
10371,Tim Loughton,,,Conservative,conservative,East Worthing and Shoreham,House of Commons,55,2010-05-06,2015-03-30,,
10658,Tim Yeo,,,Conservative,conservative,South Suffolk,House of Commons,55,2010-05-06,2015-03-30,,
11437,Tobias Ellwood,,,Conservative,conservative,Bournemouth East,House of Commons,55,2010-05-06,2015-03-30,,
24845,Toby Perkins,,,Labour,labour,Chesterfield,House of Commons,55,2010-05-06,2015-03-30,,
24848,Tom Blenkinsop,,,Labour,labour,Middlesbrough South and East Cleveland,House of Commons,55,2010-05-06,2015-03-30,,
10063,Tom Brake,,,Liberal Democrat,liberal-democrat,Carshalton and Wallington,House of Commons,55,2010-05-06,2015-03-30,,
10116,Tom Clarke,,,Labour,labour,"Coatbridge, Chryston and Bellshill",House of Commons,55,2010-05-06,2015-03-30,,
24714,Tom Greatrex,,,Labour,labour,Rutherglen and Hamilton West,House of Commons,55,2010-05-06,2015-03-30,,
10941,Tom Harris,,,Labour,labour,Glasgow South,House of Commons,55,2010-05-06,2015-03-30,,
11309,Tom Watson,,,Labour,labour,West Bromwich East,House of Commons,55,2010-05-06,2015-03-30,,
10023,Tony Baldry,,,Conservative,conservative,Banbury,House of Commons,55,2010-05-06,2015-03-30,,
10834,Tony Cunningham,,,Labour,labour,Workington,House of Commons,55,2010-05-06,2015-03-30,,
10367,Tony Lloyd,,,Labour,labour,Manchester Central,House of Commons,55,2010-05-06,2012-10-22,,
24871,Tracey Crouch,,,Conservative,conservative,Chatham and Aylesford,House of Commons,55,2010-05-06,2015-03-30,,
24850,Tristram Hunt,,,Labour,labour,Stoke-on-Trent Central,House of Commons,55,2010-05-06,2015-03-30,,
24852,Valerie Vaz,,,Labour,labour,Walsall South,House of Commons,55,2010-05-06,2015-03-30,,
10121,Vernon Coaker,,,Labour,labour,Gedling,House of Commons,55,2010-05-06,2015-03-30,,
10084,Vincent Cable,,,Liberal Democrat,liberal-democrat,Twickenham,House of Commons,55,2010-05-06,2015-03-30,,
13934,Virendra Sharma,,,Labour,labour,"Ealing, Southall",House of Commons,55,2010-05-06,2015-03-30,,
10842,Wayne David,,,Labour,labour,Caerphilly,House of Commons,55,2010-05-06,2015-03-30,,
24697,William Bain,,,Labour,labour,Glasgow North East,House of Commons,55,2010-05-06,2015-03-30,,
10251,William Hague,,,Conservative,conservative,Richmond (Yorks),House of Commons,55,2010-05-06,2015-03-30,,
10679,William McCrea,,,DUP,dup,South Antrim,House of Commons,55,2010-05-06,2015-03-30,,
24775,Yasmin Qureshi,,,Labour,labour,Bolton South East,House of Commons,55,2010-05-06,2015-03-30,,
10131,Yvette Cooper,,,Labour,labour,"Normanton, Pontefract and Castleford",House of Commons,55,2010-05-06,2015-03-30,,
24805,Yvonne Fovargue,,,Labour,labour,Makerfield,House of Commons,55,2010-05-06,2015-03-30,,
24911,Zac Goldsmith,,,Conservative,conservative,Richmond Park,House of Commons,55,2010-05-06,2015-03-30,,
