name,group,area,term,source,image,id
Meltek Sato Kilman Livtunvanu,PPP,Malekula,10,http://parliament.gov.vu/index.php/members/117-hon-meltek-sato-kilman-livtunvanu,http://parliament.gov.vu/images/bio/sato.jpg,117
Tapangararua J. Willie,VLDP,Port Vila,10,http://parliament.gov.vu/index.php/members/91-hon-tapangararua-j-willie,http://parliament.gov.vu/images/bio/jimmy.jpg,91
Paul Telukluk,RMC,Malekula,10,http://parliament.gov.vu/index.php/members/108-hon-paul-telukluk,http://parliament.gov.vu/images/bio/paul.jpg,108
Carcasses K. Moana,GC,Port Vila,10,http://parliament.gov.vu/index.php/members/102-hon-carcasses-k-moana,http://parliament.gov.vu/images/bio/moana.jpg,102
Toara Daniel,GC,Shepherds Outer Islands,10,http://parliament.gov.vu/index.php/members/128-hon-toara-daniel,http://parliament.gov.vu/images/bio/toara.jpg,128
Marcellino Pipite,VRP,Santo Rural,10,http://parliament.gov.vu/index.php/members/109-hon-marcellino-pipite,http://parliament.gov.vu/images/bio/pipite.jpg,109
Tonny Ngari,Iauko Group,Pentecost,10,http://parliament.gov.vu/index.php/2015-01-20-00-02-35,,
Thomas Laken,GC,Tanna,10,http://parliament.gov.vu/index.php/members/97-hon-thomas-laken,http://parliament.gov.vu/images/bio/laken.jpg,97
Carlot Alfred,Natatok,Efate Rural,10,http://parliament.gov.vu/index.php/members/74-hon-carlot-alfred,http://parliament.gov.vu/images/bio/alfred.jpg,74
Vohor Serge Rialuth,UMP,Santo Rural,10,http://parliament.gov.vu/index.php/members/130-vohor,http://parliament.gov.vu/images/bio/vohor.jpg,130
Dunstan Hilton,PPP,Banks/Torres,10,http://parliament.gov.vu/index.php/members/86-hon-dunstan-hilton,http://parliament.gov.vu/images/bio/hilton.jpg,86
Iatika Morking Stephen,UMP,Tanna,10,http://parliament.gov.vu/index.php/members/103-hon-iatika-morking-stephen,http://parliament.gov.vu/images/bio/morking.jpg,103
Hosea Nevu,IG,Santo Rural,10,http://parliament.gov.vu/index.php/2015-01-20-00-02-35,,
Christopher Emelee,VNP,Banks/Torres,10,http://parliament.gov.vu/index.php/2015-01-20-00-02-35,,
Amos John Vacher,PPP,Tongoa,10,http://parliament.gov.vu/index.php/2015-01-20-00-02-35,,
Bohn. M. Robert,VPDP,Epi,10,http://parliament.gov.vu/index.php/2015-01-20-00-02-35,,
Ralph Regenvanu,GJP,Port Vila,10,http://parliament.gov.vu/index.php/members/111-hon-ralph-regenvanu,http://parliament.gov.vu/images/bio/ralph.jpg,111
James Jonas,Natatok,Paama,10,http://parliament.gov.vu/index.php/2015-01-20-00-02-35,,
Hamariliu B. Issac,PPP,Epi,10,http://parliament.gov.vu/index.php/2015-01-20-00-02-35,,
George Andre Wells,PPP,Luganville,10,http://parliament.gov.vu/index.php/members/132-hon-george-andre-wells,http://parliament.gov.vu/images/bio/wells.jpg,132
Philip Boedoro,VP,Maewo,10,http://parliament.gov.vu/index.php/members/164-hon-philip-boedoro,http://parliament.gov.vu/images/bio/Hon.Philip.B.jpg,164
Leignkone Tao Bruno,NUP,Ambrym,10,http://parliament.gov.vu/index.php/members/78-hon-leignkone-tao-bruno,http://parliament.gov.vu/images/bio/bruno.jpg,78
Steven Kalsakau,RMC,Efate Rural,10,http://parliament.gov.vu/index.php/members/123-hon-steven-kalsakau,http://parliament.gov.vu/images/bio/steven.jpg,123
Jerome Ludvaune,UMP,Malekula,10,http://parliament.gov.vu/index.php/members/90-hon-jerome-ludvaune,http://parliament.gov.vu/images/bio/jerome.jpg,90
Ps Ton Ken,PDSP,Malekula,10,http://parliament.gov.vu/index.php/members/81-hon-ps-ton-ken,http://parliament.gov.vu/images/bio/don.jpg,81
Maki Standley Simelum,VP,Ambrym,10,http://parliament.gov.vu/index.php/members/119-hon-maki-standley-simelum,http://parliament.gov.vu/images/bio/simelum.jpg,119
Alfred Maoh,GJP,Santo,10,http://parliament.gov.vu/index.php/members/101-hon-alfred-maoh,http://parliament.gov.vu/images/bio/maoh.jpg,101
Molisale Havo,NAGRIAMEL,Malo/Aore,10,http://parliament.gov.vu/index.php/2015-01-20-00-02-35,,
Charlot Salwai,RMC,Pentecost,10,http://parliament.gov.vu/index.php/members/115-hon-charlot-salwai,http://parliament.gov.vu/images/bio/salwai.jpg,115
Richard Mera,VP,Ambae,10,http://parliament.gov.vu/index.php/members/100-hon-richard-mera,http://parliament.gov.vu/images/bio/mera.jpg,100
Nalet Daniel,GJP,Malekula,10,http://parliament.gov.vu/index.php/2015-01-20-00-02-35,,
Yauko Pascal,IG,Tanna,10,http://parliament.gov.vu/index.php/2015-01-20-00-02-35,,
Vacant,"",Port Vila,10,http://parliament.gov.vu/index.php/2015-01-20-00-02-35,,
Ham Lini,NUP,Pentecost,10,http://parliament.gov.vu/index.php/members/85-hon-ham-lini,http://parliament.gov.vu/images/bio/ham.jpg,85
Nawai Tesei John,VP,Tafea Outer Islands,10,http://parliament.gov.vu/index.php/2015-01-20-00-02-35,,
Bob Loughman,VP,Tanna,10,http://parliament.gov.vu/index.php/members/76-hon-bob-loughman,http://parliament.gov.vu/images/bio/bob.jpg,76
Prasad Arnold,GC,Santo,10,http://parliament.gov.vu/index.php/members/110-hon-prasad-arnold,http://parliament.gov.vu/images/bio/prasad.jpg,110
James Bule,NUP,Ambae,10,http://parliament.gov.vu/index.php/members/89-hon-james-bule,http://parliament.gov.vu/images/bio/james.jpg,89
John Lum,Nagriamel,Santo Rural,10,http://parliament.gov.vu/index.php/members/98-hon-john-lum,http://parliament.gov.vu/images/bio/lum.jpg,98
Ruan Richard Namel,IG,Tanna,10,http://parliament.gov.vu/index.php/2015-01-20-00-02-35,,
Esmon Saimon,MPP,Malekula,10,http://parliament.gov.vu/index.php/members/83-hon-esmon-saimon,http://parliament.gov.vu/images/bio/esmon.jpg,83
Kaltalio Simeon,VP,Malekula,10,http://parliament.gov.vu/index.php/members/94-hon-kaltalio-simeon,http://parliament.gov.vu/images/bio/kaltalio.jpg,94
Samson Samsen,Nagriamel,Santo,10,http://parliament.gov.vu/index.php/2015-01-20-00-02-35,,
David Tosul,GJP,Pentecost,10,http://parliament.gov.vu/index.php/members/129-hon-david-tosul,http://parliament.gov.vu/images/bio/tosul.jpg,129
Taiwia Nato,MPP,Efate,10,http://parliament.gov.vu/index.php/2015-01-20-00-02-35,,
Wright Antoine Tonny,UMP,Port Vila,10,http://parliament.gov.vu/index.php/2015-01-20-00-02-35,,
Chabod Jean Yves,VPDP,Port Vila,10,http://parliament.gov.vu/index.php/2015-01-20-00-02-35,,
Rouard Silas Ratan,GC,Tanna,10,http://parliament.gov.vu/index.php/2015-01-20-00-02-35,,
Peter Vuta,IND,Ambae,10,http://parliament.gov.vu/index.php/members/131-hon-peter-vuta,http://parliament.gov.vu/images/bio/vuta.jpg,131
Kalfao Moli,IND,Luganville,10,http://parliament.gov.vu/index.php/2015-01-20-00-02-35,,
William K. Gillion,GJP,Efate,10,http://parliament.gov.vu/index.php/2015-01-20-00-02-35,,
Joe Natuman,VP,Tanna,10,http://parliament.gov.vu/index.php/members/92-hon-joe-natuman,http://parliament.gov.vu/images/bio/joe_natuman.jpg,92
