id,name,patronymic_name,address,phone,area,province,group,start_date,image,term,source,group_id
1016,Alhaaj Ghulam Ahmad Bilour,Bilour Din Khan,"3/2 Bilour House, Peshawar Cantt.",091-5276688-5274485,NA-1 (Peshawar-I),Khyber Pukhtunkhwa,ANP,2013-08-30,http://www.na.gov.pk/uploads/images/1-01.jpg,14,http://www.na.gov.pk/en/profile.php?uid=1016,anp
675,Engr. Hamid-ul-Haq Khalil,Noor-ul -Haq,"Mohallah Akazai, Tehkal Bala,Tehsil & District Peshawar",0321-9128662,NA-2 (Peshawar-II),Khyber Pukhtunkhwa,PTI,2013-06-01,http://www.na.gov.pk/uploads/images/2.JPG,14,http://www.na.gov.pk/en/profile.php?uid=675,pti
676,Mr Sajid Nawaz,Muhammad Nawaz Khan,"Garhi Ameer Khan, Patwar Payan, Tehsil & District Peshawar",0315-9944205,NA-3 (Peshawar-III),Khyber Pukhtunkhwa,PTI,2013-06-01,http://www.na.gov.pk/uploads/images/3.jpg,14,http://www.na.gov.pk/en/profile.php?uid=676,pti
677,Mr Gulzar Khan,Sher Mast Khan,"H.No. 126, Street A-1, Phase-4, Hayatabad, Peshawar",0333-5260830,NA-4 (Peshawar-IV),Khyber Pukhtunkhwa,PTI,2013-06-01,http://www.na.gov.pk/uploads/images/4.JPG,14,http://www.na.gov.pk/en/profile.php?uid=677,pti
1031,Dr. Imran Khattak,Mr. Abdul Latif Khattak,"Moh: Badrashi Khel Manki Sharif, Nowshera",0300-5779367-03005779370,NA-5 (Nowshera-I),Khyber Pukhtunkhwa,PTI,2013-09-23,http://www.na.gov.pk/uploads/images/5.jpg,14,http://www.na.gov.pk/en/profile.php?uid=1031,pti
679,Mr Siraj Muhammad Khan,Umara Khan,"Misri Banda, Tehsil & District Nowshera","0300-8551586,051-9206916",NA-6 (Nowshera-II),Khyber Pukhtunkhwa,PTI,2013-06-01,http://www.na.gov.pk/uploads/images/6.jpg,14,http://www.na.gov.pk/en/profile.php?uid=679,pti
680,Maulana Muhammad Gohar Shah,Hakeem Abdul Haq,"Gohar Abad, Babara, Tehsil & District Charsadda",0300-9019821,NA-7 (Charsadda-I),Khyber Pukhtunkhwa,JUI-F,2013-06-01,http://www.na.gov.pk/uploads/images/d-.jpg%20sFinal.jpg,14,http://www.na.gov.pk/en/profile.php?uid=680,juif
681,Mr Aftab Ahmad Khan Sherpao,Ghulam Haider Khan,"Dora Khel Sherpao, Tehsil Tangi District Charsadda",0300-5008339,NA-8 (Charsadda-II),Khyber Pukhtunkhwa,QWP-S,2013-06-01,http://www.na.gov.pk/uploads/images/8.jpg,14,http://www.na.gov.pk/en/profile.php?uid=681,qwps
682,Mr Amir Haider Khan,Muhammad Azam Khan,Near Khyber Tobacco Company Nowshera Road Mardan,0334-9175667,NA-9 (Mardan-I),Khyber Pukhtunkhwa,ANP,2013-06-01,http://www.na.gov.pk/uploads/images/9.jpg,14,http://www.na.gov.pk/en/profile.php?uid=682,anp
683,Mr Ali Muhammad Khan,Wali Muhammad,"Pir Muhammad Khan Killi, Hathian, Tehsil Takht Bhai, District Mardan.",0343-9151109,NA-10 (Mardan-II),Khyber Pukhtunkhwa,PTI,2013-06-01,http://www.na.gov.pk/uploads/images/10.JPG,14,http://www.na.gov.pk/en/profile.php?uid=683,pti
684,Mr Mujahid Ali,Khaista Muhammad Khan,"Saifoor Abad, Par Hoti,District Mardan",0300-5739968,NA-11 (Mardan-III),Khyber Pukhtunkhwa,PTI,2013-06-01,http://www.na.gov.pk/uploads/images/11.jpg,14,http://www.na.gov.pk/en/profile.php?uid=684,pti
685,Mr Usman Khan Tarrakai,Haji Azeem Khan,"Village Tarakai, Tehsil Razar, District Swabi.",0300-9040418,NA-12 (Swabi-I),Khyber Pukhtunkhwa,AJIP,2013-06-01,http://www.na.gov.pk/uploads/images/12.JPG,14,http://www.na.gov.pk/en/profile.php?uid=685,ajip
1028,Mr. Aqibullah,Sardar Bahadur,"Aka Khel, Marghuz District Swabi.",0302-5680500-0346-9243790,NA-13 (Swabi-II),Khyber Pukhtunkhwa,PTI,2013-08-30,http://www.na.gov.pk/uploads/images/13.jpg,14,http://www.na.gov.pk/en/profile.php?uid=1028,pti
687,Mr Shehryar Afridi,Haji Nadar Shah Afridi,"Mohallah Garhi Risaldar, Hangu Road, Kohat",0300-5275258,NA-14 (Kohat),Khyber Pukhtunkhwa,PTI,2013-06-01,http://www.na.gov.pk/uploads/images/NA-14%20sShehryar%20sAfridi.jpg,14,http://www.na.gov.pk/en/profile.php?uid=687,pti
688,Mr Nasir Khan Khattak,Sair Khan Khattak,"Mughal House, Mohalla Arbab Avenue, Tehkal Payan, Peshawar",0345-9200014,NA-15 (Karak),Khyber Pukhtunkhwa,PTI,2013-06-01,http://www.na.gov.pk/uploads/images/15.jpg,14,http://www.na.gov.pk/en/profile.php?uid=688,pti
689,Mr Khial Zaman Orakzai,Mazar Khan,"Shna Warri, Tehsil Thall, District Hangu",0332-9555555,NA-16 (Hangu),Khyber Pukhtunkhwa,PTI,2013-06-01,http://www.na.gov.pk/uploads/images/16.JPG,14,http://www.na.gov.pk/en/profile.php?uid=689,pti
690,Dr. Muhammad Azhar Khan Jadoon,Khushal Khan Jadoon,"Hawa Lodge, Ilyasi Masjid Road, Narrian, Nawansher, Abbotabad",0321-9842007,NA-17 (Abbottabad-I),Khyber Pukhtunkhwa,PTI,2013-06-01,http://www.na.gov.pk/uploads/images/17.jpg,14,http://www.na.gov.pk/en/profile.php?uid=690,pti
691,"Mr Murtaza Javed Abbasi,Deputy Speaker National Assembly",Javed Iqbal Abbasi,"Hotala, P.O Ser Gharbi, District Abbottabad",0300-9111802,NA-18 (Abbottabad-II),Khyber Pukhtunkhwa,PML(N),2013-06-01,http://www.na.gov.pk/uploads/images/Deputy%20sSpeaker%20sNA%20sNew%20sPhoto.jpg,14,http://www.na.gov.pk/en/profile.php?uid=691,pmln
1036,Mr. Omar Ayub Khan,Gohar Ayub Khan,"House No.206, Village Rehana, Tehsil & District Haripur","051-2292303,03008555354",NA-19 (Haripur),Khyber Pukhtunkhwa,PML(N),2014-03-24,http://www.na.gov.pk/uploads/images/Umar%20sAyub%20sNA%20s19...jpg,14,http://www.na.gov.pk/en/profile.php?uid=1036,pmln
693,Sardar Muhammad Yousaf,Sardar Shah Zaman,"Sardar House, Near Post Graduate College, Mohallah Akhtar Abad, Mansehra.",0344-4813161,NA-20 (Mansehra-I),Khyber Pukhtunkhwa,PML(N),2013-06-01,http://www.na.gov.pk/uploads/images/20.JPG,14,http://www.na.gov.pk/en/profile.php?uid=693,pmln
694,Capt (R) Muhammad Safdar,Muhammad Ishaq,"180-181, H Block, Model Town, Lahore",042-7860222-0302-8558777,NA-21 (Mansehra-cum-Tor Ghar (Old Mansehra-II)),Khyber Pukhtunkhwa,PML(N),2013-06-01,http://www.na.gov.pk/uploads/images/21.jpg,14,http://www.na.gov.pk/en/profile.php?uid=694,pmln
695,Qari Mohammad Yousif,Rehmatullah,"Shangli Bala, Tehsil & District Battagram",0300-5319912,NA-22 (Battagram),Khyber Pukhtunkhwa,JUI-F,2013-06-01,http://www.na.gov.pk/uploads/images/22.JPG,14,http://www.na.gov.pk/en/profile.php?uid=695,juif
696,Mr. Sar Zamin Khan,Taj Muhammad,"Kaseer ,Pattan, District Kohistan",0300-0911253,NA-23 (Kohistan ),Khyber Pukhtunkhwa,PML(N),2013-06-01,http://www.na.gov.pk/uploads/images/Sarzamen%20sKhan%20sNA%20s23-.jpg,14,http://www.na.gov.pk/en/profile.php?uid=696,pmln
697,Maulana Fazal Ur Rehman,Molana Mufti Mehmood,"Shahbaz Khel, Abdul Khel, Tehsil Paharpur, D.I.Khan",0300-8506684,NA-24 (D.I.Khan ),Khyber Pukhtunkhwa,JUI-F,2013-06-05,http://www.na.gov.pk/uploads/images/25.jpg,14,http://www.na.gov.pk/en/profile.php?uid=697,juif
1032,Engineer Dawar Khan Kundi,Aman Ullah Khan Kundi,R/O Ranwal Tehsil & District Tank,03005799500-03335799500,NA-25 (D.I.Khan-cum-Tank),Khyber Pukhtunkhwa,PTI,2013-09-25,http://www.na.gov.pk/uploads/images/25(3).jpg,14,http://www.na.gov.pk/en/profile.php?uid=1032,pti
699,Mr Akram Khan Durrani,Ghulam Qadir Khan Durrani,"Mewa Khel ,Surrani ,Tehsil & District Bannu",0346-6060060,NA-26 (Bannu),Khyber Pukhtunkhwa,JUI-F,2013-06-01,http://www.na.gov.pk/uploads/images/26.jpg,14,http://www.na.gov.pk/en/profile.php?uid=699,juif
1033,Col. (Retd) Amirullah Marwat,Abdul Latif Khan,"Mohallah Mian Khan Khel, Village Dallo Khel, Tehsil & District Lakki marwat","",NA-27 (Lakki Marwat),Khyber Pukhtunkhwa,PTI,2013-09-26,http://www.na.gov.pk/uploads/images/27--.jpg,14,http://www.na.gov.pk/en/profile.php?uid=1033,pti
701,Mr Sher Akbar Khan,Nadar Khan,"Nadar Khan Hujra , village Rega, Distt Buner",0333-9691133,NA-28 (Bunair ),Khyber Pukhtunkhwa,JI,2013-06-01,http://www.na.gov.pk/uploads/images/28.JPG,14,http://www.na.gov.pk/en/profile.php?uid=701,ji
702,Mr Murad Saeed,Saeedullah,"Mohallah Sher Muhammad Sher,Kabal,District Swat",0345-9118976,NA-29 (Swat-I),Khyber Pukhtunkhwa,PTI,2013-06-01,http://www.na.gov.pk/uploads/images/29.jpg,14,http://www.na.gov.pk/en/profile.php?uid=702,pti
703,Mr Salim Rehman,Mehboob ur Rehman,"Village Farhat Abad, Kotanai, Tehsil Khawazakhela, District Swat",0333-9279679,NA-30 (Swat-II),Khyber Pukhtunkhwa,PTI,2013-06-01,http://www.na.gov.pk/uploads/images/30.jpg,14,http://www.na.gov.pk/en/profile.php?uid=703,pti
704,Mr Ibadullah,Sher Zada,"Chagam, Puran,District Shangla","0333-5885558,051-2111392",NA-31 (Shanglapar),Khyber Pukhtunkhwa,PML(N),2013-06-01,http://www.na.gov.pk/uploads/images/31.jpg,14,http://www.na.gov.pk/en/profile.php?uid=704,pmln
705,Mr Iftikhar ud Din,Shahzada Muhi ud Din,"Village Drosh,Tehsil & District Chitral","0334-5148773, 051-2613929",NA-32 (Chitral),Khyber Pukhtunkhwa,APML,2013-06-01,http://www.na.gov.pk/uploads/images/32.jpg,14,http://www.na.gov.pk/en/profile.php?uid=705,apml
706,Sahibzada Tariq Ullah,Ahmad Sahibzada,"Rehankot Bala, Upper Dir",0301-8597333,NA-33 (Upper Dir-cum-Lower Dir (old Upper Dir)),Khyber Pukhtunkhwa,JI,2013-06-01,http://www.na.gov.pk/uploads/images/33.jpg,14,http://www.na.gov.pk/en/profile.php?uid=706,ji
707,Sahibzada Muhammad Yaqub,Abdul Latif,"Village Rehan Pur, Tehsil Balambat, District Lower Dir",0300-9007777,NA-34 (Lower Dir),Khyber Pukhtunkhwa,JI,2013-06-01,http://www.na.gov.pk/uploads/images/34.JPG,14,http://www.na.gov.pk/en/profile.php?uid=707,ji
708,Mr Junaid Akbar,Sultan Rome,"Thana, Malakand",0300-5845411,NA-35 (MALAKAND PROTECTED AREA),Khyber Pukhtunkhwa,PTI,2013-06-01,http://www.na.gov.pk/uploads/images/35(1).JPG,14,http://www.na.gov.pk/en/profile.php?uid=708,pti
709,Mr Bilal Rehman,Malik Abdul Rehman,"Shati Kor, P.O Mian Mandi, Nawai Kaly Tehsil Haleemzai,Mohmand Agency",0344-9068329,NA-36 (Tribal Area-I),Fata,IND,2013-06-01,http://www.na.gov.pk/uploads/images/36.jpg,14,http://www.na.gov.pk/en/profile.php?uid=709,ind
1013,Mr Sajid Hussain Turi,"","Turi Market Parachinar, Tehsil Upper Kurram Agency",03459801010-03333388833,NA-37 (Tribal Area-II),Fata,IND,2013-06-01,http://www.na.gov.pk/uploads/images/37.jpg,14,http://www.na.gov.pk/en/profile.php?uid=1013,ind
710,Syed Ghazi Gulab Jamal,Jamal Dar,"Warasta, P.O Hangu, Tehsil & District Hangu",0332-5008312,NA-39 (Tribal Area-IV),Fata,IND,2013-06-01,http://www.na.gov.pk/uploads/images/39..JPG,14,http://www.na.gov.pk/en/profile.php?uid=710,ind
711,Mr Muhammad Nazir Khan,Almar Jan,"Village Drazanda, Miami Kabul Khel, North Waziristan Agency",0300-5473111,NA-40 (Tribal Area-V),Fata,PML(N),2013-06-01,http://www.na.gov.pk/uploads/images/40.jpg,14,http://www.na.gov.pk/en/profile.php?uid=711,pmln
712,Mr Ghalib Khan,Haji Khanan,"Village Company Bagh, Zari Noor Tehsil Wana",0315-9092098,NA-41 (Tribal Area-VI),Fata,PML(N),2013-06-01,http://www.na.gov.pk/uploads/images/41.JPG,14,http://www.na.gov.pk/en/profile.php?uid=712,pmln
713,Mr Muhammad Jamal ud Din,Haji Alam Jan,"Manitoi, Tehsil Tiarza, South Waziristan Agency",0300-9090986,NA-42 (Tribal Area-VII),Fata,JUI-F,2013-06-01,http://www.na.gov.pk/uploads/images/42.JPG,14,http://www.na.gov.pk/en/profile.php?uid=713,juif
714,Mr Bismillah Khan,Khan Masoom Jan,"Village Bara Nawagai, Tehsil Nawagai, Bajaur Agency",0300-5544564,NA-43 (Tribal Area-VIII),Fata,IND,2013-06-01,http://www.na.gov.pk/uploads/images/43.jpg,14,http://www.na.gov.pk/en/profile.php?uid=714,ind
715,Mr Shahab Ud Din Khan,Sher Muhammad Khan,"Village Pashat, Tehsil Salarzai, Bajaur Agency",0341-8790556,NA-44 (Tribal Area-IX),Fata,PML(N),2013-06-01,http://www.na.gov.pk/uploads/images/na-440001.jpg,14,http://www.na.gov.pk/en/profile.php?uid=715,pmln
716,Alhaj Shah Jee Gul Afridi,Haji Sakhi Gul,"Afridi Kuki Khel, Sikandar Khel, resident of Godar Hajiano Killi, Jamrud, Khyber Agency.",0333-3801112,NA-45 (Tribal Area-X),Fata,IND,2013-06-01,http://www.na.gov.pk/uploads/images/45.jpg,14,http://www.na.gov.pk/en/profile.php?uid=716,ind
1014,Mr. Nasir Khan,Haji Amin Shah,"R/o. Bar Qamber Khel, Bara",0300-5965656,NA-46 (Tribal Area-XI),Fata,IND,2013-06-12,http://www.na.gov.pk/uploads/images/46.jpg,14,http://www.na.gov.pk/en/profile.php?uid=1014,ind
717,Mr Qaisar Jamal,Momin Khan,"Zarghon Khel, Meri Khel, Rahim Killa P.O Darra Adam Khel, FR Kohat",0333-9292492,NA-47 (Tribal Area-XII),Fata,PTI,2013-06-01,http://www.na.gov.pk/uploads/images/47.jpg,14,http://www.na.gov.pk/en/profile.php?uid=717,pti
1017,Mr. Asad Umar,Ghulam Umar,"","",NA-48 (Islamabad-I),Federal,PTI,2013-09-16,http://www.na.gov.pk/uploads/images/48.jpg,14,http://www.na.gov.pk/en/profile.php?uid=1017,pti
719,Dr. Tariq Fazal Chudhary,Ch Fazal Dad,"Choudary Cottage Tariq Abad, Park Road, Chak Shahzad, Islamabad",0300-8504949,NA-49 (Islamabad-II),Federal,PML(N),2013-06-01,http://www.na.gov.pk/uploads/images/49.jpg,14,http://www.na.gov.pk/en/profile.php?uid=719,pmln
720,Mr Shahid Khaqan Abbasi,Muhammad Khaqan Abbasi,Vill. Davel Sharif Dak Khana Khas Teh Murree Dist,0515652000-03008282942,NA-50 (Rawalpindi-I),Punjab,PML(N),2013-06-01,http://www.na.gov.pk/uploads/images/na-50(2).jpg,14,http://www.na.gov.pk/en/profile.php?uid=720,pmln
721,Raja Muhammad Javed Ikhlas,Raja Muhammad Ikhlas Khan,P.O Mohra Noori Tehsil Gujar Khan Distt Rawalpindi,0300-9188431,NA-51 (Rawalpindi-II),Punjab,PML(N),2013-06-01,http://www.na.gov.pk/uploads/images/51.jpg,14,http://www.na.gov.pk/en/profile.php?uid=721,pmln
722,Ch Nisar Ali Khan,Ch Fateh Khan,"House No.99 Faizabad, Murree Road, Rawalpindi","",NA-52 (Rawalpindi-III),Punjab,PML(N),2013-06-01,http://www.na.gov.pk/uploads/images/52.jpg,14,http://www.na.gov.pk/en/profile.php?uid=722,pmln
723,Mr Ghulam Sarwar Khan,Muhammad Hayat Khan,Pind Noshehri Post Office Jhumer Taxilla,0333-5551777,NA-53 (Rawalpindi-IV),Punjab,PTI,2013-06-01,http://www.na.gov.pk/uploads/images/53.jpg,14,http://www.na.gov.pk/en/profile.php?uid=723,pti
724,Malik Ibrar Ahmed,Malik Ghulam Sarwar,Main Bazar House # 534 /C Mohallah Naseer Abad Rawalpindi Cantt,0321-8507138,NA-54 (Rawalpindi-V),Punjab,PML(N),2013-06-01,http://www.na.gov.pk/uploads/images/54.jpg,14,http://www.na.gov.pk/en/profile.php?uid=724,pmln
725,Sheikh Rashid Ahmed,Sheikh Ahmed,"Lal Havelli, Rawalpindi",0300-8554242,NA-55 (Rawalpindi-VI),Punjab,AML,2013-06-01,http://www.na.gov.pk/uploads/images/55.jpg,14,http://www.na.gov.pk/en/profile.php?uid=725,aml
726,Mr Imran Khan,Ikkram Ulah Khan Niazi,"Khan House, Bani Gala, Mohra Noor, Islamabad",051-2270744,NA-56 (Rawalpindi-VII),Punjab,PTI,2013-06-19,http://www.na.gov.pk/uploads/images/56.jpg,14,http://www.na.gov.pk/en/profile.php?uid=726,pti
727,Sheikh Aftab Ahmed,Sheikh Ghulam Sarwar,Mohallah Cantonment Board Office Attock Cantt Tehsil & District Attock,0300-5670054,NA-57 (Attock-I),Punjab,PML(N),2013-06-01,http://www.na.gov.pk/uploads/images/57.JPG,14,http://www.na.gov.pk/en/profile.php?uid=727,pmln
728,Malik Ihtebar Khan,Malik Allah Yar Khan,VPO Khunda Tehsil Jand Distt. Attock,0314-5217722,NA-58 (Attock-II),Punjab,PML(N),2013-06-01,http://www.na.gov.pk/uploads/images/58.jpg,14,http://www.na.gov.pk/en/profile.php?uid=728,pmln
729,Mr Muhammad Zain Elahi,Tahir Sadiq,"H. No. 5, Mohalla Dar Us Salam Colony, Attock, Tehsil & District Attock.",0300-4450311,NA-59 (Attock-III),Punjab,IND,2013-06-01,http://www.na.gov.pk/uploads/images/59.jpg,14,http://www.na.gov.pk/en/profile.php?uid=729,ind
730,Major Rtd Tahir Iqbal,Ali Asghar Awan,Jand Awan Po Chakora Teh & Distt Chakwal,0332-5240106,NA-60 (Chakwal-I),Punjab,PML(N),2013-06-01,http://www.na.gov.pk/uploads/images/NA-60%20sMaj.%20s(R)%20sTahir%20sIqbal.jpg,14,http://www.na.gov.pk/en/profile.php?uid=730,pmln
731,Sardar Mumtaz Khan,Sardar Allah Yar Khan,Village & PO Tamman Tehsil Talagang District Chakwal,0333-5000109,NA-61 (Chakwal-II),Punjab,PML(N),2013-06-01,http://www.na.gov.pk/uploads/images/61.jpg,14,http://www.na.gov.pk/en/profile.php?uid=731,pmln
732,Chaudhry Khadim Hussain,Chaudhry Nawab Khan,"Gharmala, Tehsil & District Jhelum",0300-9512308,NA-62 (Jhelum-I),Punjab,PML(N),2013-06-01,http://www.na.gov.pk/uploads/images/62.jpg,14,http://www.na.gov.pk/en/profile.php?uid=732,pmln
733,Malik Iqbal Mehdi Khan,Nawabzada Afzal Mehdi Khan,P/O Khas Darapur Tehsil & Distt Jhelum,0334-5566786,NA-63 (Jhelum-II),Punjab,PML(N),2013-06-01,http://www.na.gov.pk/uploads/images/63.jpg,14,http://www.na.gov.pk/en/profile.php?uid=733,pmln
734,Pir Muhammad Amin Ul Hasnat Shah,Pir Muhammad Karam Shah,Mohallah Pir Azam Shah Bhera Tehsil Bhalwal,0321-6015566,NA-64 (Sargodha-I),Punjab,PML(N),2013-06-01,http://www.na.gov.pk/uploads/images/64.jpg,14,http://www.na.gov.pk/en/profile.php?uid=734,pmln
735,Mr Mohsin Shah Nawaz Ranjha,Shah Nawaz Ranjha,"Ghos Muhammad Wala, Teh. Kotmoman, Distt. Sargodha",0302-8475982,NA-65 (Sargodha-II),Punjab,PML(N),2013-06-01,http://www.na.gov.pk/uploads/images/65.jpg,14,http://www.na.gov.pk/en/profile.php?uid=735,pmln
736,Chudhary Hamid Hameed,Abdul Hameed,"House No,16/A Yateem Khana Khalqia Road Block No.25 Sargodha",0300-4000440,NA-66 (Sargodha-III),Punjab,PML(N),2013-06-01,http://www.na.gov.pk/uploads/images/66.jpg,14,http://www.na.gov.pk/en/profile.php?uid=736,pmln
737,Dr. Zulfiqar Ali Bhatti,Muhammad Khan,Chak No.103/SB Sargodha,0300-8603103,NA-67 (Sargodha-IV),Punjab,PML(N),2013-06-01,http://www.na.gov.pk/uploads/images/67.jpg,14,http://www.na.gov.pk/en/profile.php?uid=737,pmln
1018,Sardar Muhammad Shafqat Hayat Khan,Sardar Muhammad Mukhtar Khan,"Mohallah Sardar Mubarik Khan Sahiwal, Sargodha",03006034395-03477999611,NA-68 (Sargodha-V),Punjab,PML(N),2013-08-30,http://www.na.gov.pk/uploads/images/68-01.jpg,14,http://www.na.gov.pk/en/profile.php?uid=1018,pmln
1035,Malik Muhammad Uzair Khan,Muhammad Hashim Khan,"",051-2823112,NA-69 (Khushab-I),Punjab,PML(N),2014-01-27,http://www.na.gov.pk/uploads/images/NA-69.jpg,14,http://www.na.gov.pk/en/profile.php?uid=1035,pmln
740,Malik Shakir Bashir Awan,Malik Muhammad Bashir Awan,House No. 3A Civil Line Jauharabad District Khushab.,0300-6079924,NA-70 (Khushab-II),Punjab,PML(N),2013-06-01,http://www.na.gov.pk/uploads/images/70.jpg,14,http://www.na.gov.pk/en/profile.php?uid=740,pmln
1019,Mr. Obaid Ullah Khan Shadi Khel,Ghulam Rasool Khan Shadi Khel,"R/O Kamarmushani Tehsil Isa Khel, District Mianwali",0301-6351933,NA-71 (Mianwali-I),Punjab,PML(N),2013-08-30,http://www.na.gov.pk/uploads/images/71-01.jpg,14,http://www.na.gov.pk/en/profile.php?uid=1019,pmln
742,Mr Amjid Ali Khan,Sher Afghan Khan,Sher Afghan Khan Wandhi Ghund Wali Tehsil & District Mianwali,0301-8607030,NA-72 (Mianwali-II),Punjab,PTI,2013-06-01,http://www.na.gov.pk/uploads/images/72.jpg,14,http://www.na.gov.pk/en/profile.php?uid=742,pti
743,Mr Abdul Majeed Khan,Hameed Ullaha Khan,Muhala Khanan Khail Jandan Wala Tehsil Kallurkot Distt. Bhakkar,0300-7789678,NA-73 (Bhakkar-I),Punjab,PML(N),2013-06-01,http://www.na.gov.pk/uploads/images/73.jpg,14,http://www.na.gov.pk/en/profile.php?uid=743,pmln
744,Dr. Muhammad Afzal Khan Dhandla,Mahmood Khan,Moza Hamoon Wala Basti Mithoo Tehsil Bhakkar,0300-7789595,NA-74 (Bhakkar-II),Punjab,PML(N),2013-06-01,http://www.na.gov.pk/uploads/images/74.jpg,14,http://www.na.gov.pk/en/profile.php?uid=744,pmln
745,Lt. Col. (R) Ghulam Rasool Sahi,Chauhdary Nawab Khan,Chak No 153 R.B Sahianwala Bharokay Tehsil Chak Jhumra Faisalabad,0300-7616654,NA-75 (Faisalabad-I),Punjab,PML(N),2013-06-01,http://www.na.gov.pk/uploads/images/75.JPG,14,http://www.na.gov.pk/en/profile.php?uid=745,pmln
746,Mr Muhammad Tallal Chaudry,Ch. Muhammad Ashraf,"37-W-F, Madina Town, Faisalabad.",0300-8666651,NA-76 (Faisalabad-II),Punjab,PML(N),2013-06-01,http://www.na.gov.pk/uploads/images/Picture%20s016.jpg,14,http://www.na.gov.pk/en/profile.php?uid=746,pmln
747,Muhammad Asim Nazir,Chaudhry Muhammad Nazir Ahmad,"Chaudhry House 199 RB Gatwala Forest Park, Faisalabad",0300-8666666,NA-77 (Faisalabad-III),Punjab,PML(N),2013-06-01,http://www.na.gov.pk/uploads/images/77..jpg,14,http://www.na.gov.pk/en/profile.php?uid=747,pmln
748,Mr Rajab Ali Khan Baloch,Mian Bahadar Ali Khan,"Chak No. 455/Gb Tandlianwala, District Fasialabad","",NA-78 (Faisalabad-IV),Punjab,PML(N),2013-06-01,http://www.na.gov.pk/uploads/images/78.JPG,14,http://www.na.gov.pk/en/profile.php?uid=748,pmln
749,Choudhry Muhammad Shahbaz Babar,Ch Muhammad Sharif,Chak No. 467 Gb Sharif Abad Samundri,0300-8220184,NA-79 (Faisalabad-V),Punjab,PML(N),2013-06-01,http://www.na.gov.pk/uploads/images/79.jpg,14,http://www.na.gov.pk/en/profile.php?uid=749,pmln
750,Mian Muhammad Farooq,Mian Muhammad Hussain,Chak No.247 RB Miani Faisalabad,0300-7215200,NA-80 (Faisalabad-VI),Punjab,PML(N),2013-06-01,http://www.na.gov.pk/uploads/images/80.JPG,14,http://www.na.gov.pk/en/profile.php?uid=750,pmln
751,Dr. Nisar Ahmad Jatt,Rasheed Ahmad,Chak No. 66 Jb Dhandra Faisalabad,0300-5007176,NA-81 (Faisalabad-VII),Punjab,PML(N),2013-06-01,http://www.na.gov.pk/uploads/images/81.jpg,14,http://www.na.gov.pk/en/profile.php?uid=751,pmln
752,Rana Muhammad Afzal Khan,Fazal Muhammad Khan,Saahil Hospital Building Sheikhupura Road Faisalabad.,0300-8661055,NA-82 (Faisalabad-VIII),Punjab,PML(N),2013-06-01,http://www.na.gov.pk/uploads/images/abu.jpg.jpg,14,http://www.na.gov.pk/en/profile.php?uid=752,pmln
1020,Mian Abdul Manan,Haji Abdul Rehman,"P-22, St. No.2, Officer Colony 2, Madina Town, Faisalabad",0300-8663320,NA-83 (Faisalabad-IX),Punjab,PML(N),2013-08-30,http://www.na.gov.pk/uploads/images/83-01.jpg,14,http://www.na.gov.pk/en/profile.php?uid=1020,pmln
753,Mr Abid Sher Ali,Chaudhary Sher Ali,Kashmir House H No P 290 St No 05 Mohallah Khalid Abad Fsd,0300-8666111,NA-84 (Faisalabad-X),Punjab,PML(N),2013-06-01,http://www.na.gov.pk/uploads/images/84.JPG,14,http://www.na.gov.pk/en/profile.php?uid=753,pmln
754,Haji Muhammad Akram Ansari,Muhammad Ibrahim,1077/D Madina Chowk Ghulam Muhammad Abad Faisalabad,0300-6602549,NA-85 (Faisalabad-XI),Punjab,PML(N),2013-06-01,http://www.na.gov.pk/uploads/images/na-85(2).jpg,14,http://www.na.gov.pk/en/profile.php?uid=754,pmln
755,Qaiser Ahmad Sheikh,Mian Muhamamd Umar,"Mohallah Rajy Wali , Chiniot",0333-4092693,NA-86 (CHINIOT-I (Old NA-86 Jhang-I)),Punjab,PML(N),2013-06-01,http://www.na.gov.pk/uploads/images/86.jpg,14,http://www.na.gov.pk/en/profile.php?uid=755,pmln
756,Mr Ghulam Muhammad Lali,Dost Muhammad Lali,"Kanwain Wala,Tehsil Lalian,District Chiniot",0333-9704444,NA-87 (CHINIOT-II Cum-Jhang (Old NA-88 Jhang-III)),Punjab,PML(N),2013-06-01,http://www.na.gov.pk/uploads/images/87.jpg,14,http://www.na.gov.pk/en/profile.php?uid=756,pmln
757,Ms Ghulam Bibi Bharwana,Ahmad Hassan,"Satiana, P/O Khas, Tehsil & District Jhang.","",NA-88 (JHANG-Cum-Chiniot (Old NA-87 Jhang-II)),Punjab,PML(N),2013-06-01,http://www.na.gov.pk/uploads/images/88.JPG,14,http://www.na.gov.pk/en/profile.php?uid=757,pmln
758,Sheikh Muhammad Akram,Sheikh Muhammad Nawaz,Opp. SSP House Civil Lines Jhang,0321-6500111,NA-89 (JHANG-I (Old NA-89 Jhang-IV)),Punjab,PML(N),2013-06-01,http://www.na.gov.pk/uploads/images/89.jpg,14,http://www.na.gov.pk/en/profile.php?uid=758,pmln
759,Sahibzada Muhammad Nazeer Sultan,Mohammad Noor Hassan,"Mohallah Qureshian Wala Shorkot City,Tehsil Shorkot District Jhang",0300-6662777,NA-90 (JHANG-II (Old NA-90 Jhang-V)),Punjab,PML(N),2013-06-01,http://www.na.gov.pk/uploads/images/90.JPG,14,http://www.na.gov.pk/en/profile.php?uid=759,pmln
760,Najaf Abbas Sial,Nazar Abbas Khan Sial,"Dur-I-Najaf, Ahmad Pur Sial",0301-2404040,NA-91 (JHANG-III (Old NA-91 Jhang-VI)),Punjab,PML(N),2013-06-01,http://www.na.gov.pk/uploads/images/91.jpg,14,http://www.na.gov.pk/en/profile.php?uid=760,pmln
761,Chaudhry Khalid Javaid Warraich,Chaudhry Ali Asghar,Warraich House 363-Jb Gojra,0301-8657185,NA-92 (T.T.Singh-I),Punjab,PML(N),2013-06-01,http://www.na.gov.pk/uploads/images/92.jpg,14,http://www.na.gov.pk/en/profile.php?uid=761,pmln
762,Muhammad Junaid Anwaar Chaudhry,Chaudhry Anwaar Ul Haq,"Nayab Street, House No.01, Mohallah Kachi Kothi, Raiwind Road Lahore",0321-4781478,NA-93 (T.T.Singh-II),Punjab,PML(N),2013-06-01,http://www.na.gov.pk/uploads/images/93.jpg,14,http://www.na.gov.pk/en/profile.php?uid=762,pmln
763,Ch Asad Ur Rehman,Ch Muhammad Siddique,Chah Tibbi Wala P/O Khas Kamalia Distt. Toba Tek Singh,0300-7838705,NA-94 (T.T.Singh-III),Punjab,PML(N),2013-06-01,http://www.na.gov.pk/uploads/images/94.jpg,14,http://www.na.gov.pk/en/profile.php?uid=763,pmln
764,Usman Ibrahim,Haji Mohammad Ibrahim,"Gali Haji Ibrahim Wali Gulshan Abad, Gujranwala",0321-9645911,NA-95 (Gujranwala-I),Punjab,PML(N),2013-06-01,http://www.na.gov.pk/uploads/images/Usman%20sIbrahim.JPG,14,http://www.na.gov.pk/en/profile.php?uid=764,pmln
765,Engr Khurram Dastgir Khan,Ghulam Dastgir Khan,House No A-7 Satelitte Town Gujranwala,0300-8643864,NA-96 (Gujranwala-II),Punjab,PML(N),2013-06-01,http://www.na.gov.pk/uploads/images/96.jpg,14,http://www.na.gov.pk/en/profile.php?uid=765,pmln
766,Chaudhry Mahmood Bashir Virk,Ch Bashir Ahmed,Dc Road House#50 Gujranwala,0300-6420940,NA-97 (Gujranwala-III),Punjab,PML(N),2013-06-01,http://www.na.gov.pk/uploads/images/97.jpg,14,http://www.na.gov.pk/en/profile.php?uid=766,pmln
767,Mian Tariq Mehmood,Mian Muhammad Yousaf,Hawali Mian Jaan Muhammad Yousaf Hafizabad Road Ladhaywala Warraich Gujranwala,0322-8743535,NA-98 (Gujranwala-IV),Punjab,PML(N),2013-06-01,http://www.na.gov.pk/uploads/images/98.jpg,14,http://www.na.gov.pk/en/profile.php?uid=767,pmln
768,Rana Umer Nazir Khan,Rana Nazir Ahmad Khan,Khohti Nazir G.T. Road Tehsil Kamoke District Gujranwala.,0300-8434949,NA-99 (Gujranwala-V),Punjab,PML(N),2013-06-01,http://www.na.gov.pk/uploads/images/99.JPG,14,http://www.na.gov.pk/en/profile.php?uid=768,pmln
769,Azhar Qayyum Nahra,Haji Sultan Ahmad,"Mohallah Rarh Wala, Garbi Gala Mindi, Tehsil Noushehra Virkan, District Gujranwala.",0300-8625555,NA-100 (Gujranwala-VI),Punjab,PML(N),2013-06-01,http://www.na.gov.pk/uploads/images/100.JPG,14,http://www.na.gov.pk/en/profile.php?uid=769,pmln
770,Justice (Retd) Iftikhar Ahmad Cheema,Muhammad Aslam Khan,Kathor Kalan P/O Teh. Wzd.,0306-6266227,NA-101 (Gujranwala-VII),Punjab,PML(N),2013-06-01,http://www.na.gov.pk/uploads/images/101.jpg,14,http://www.na.gov.pk/en/profile.php?uid=770,pmln
771,Saira Afzal Tarar,Afzal Hussain Tarar,"Village Kolo Tarar, Tehsil & District Hafizabad","",NA-102 (Hafizabad-I),Punjab,PML(N),2013-06-01,http://www.na.gov.pk/uploads/images/Saira%20sAfzal%20sTarar--.jpg,14,http://www.na.gov.pk/en/profile.php?uid=771,pmln
1021,Mian Shahid Hussain Khan Bhatti,Mian Asghar Ali Khan Bhatti,"Street Mian Asghar Wali, Jalalpur Bhattian Tehsil Pindi Bhattian District Hafizabad.",03004025626-03006526527,NA-103 (Hafizabad-II),Punjab,PML(N),2013-09-16,http://www.na.gov.pk/uploads/images/103--.jpg,14,http://www.na.gov.pk/en/profile.php?uid=1021,pmln
772,Nawabzada Mazher Ali,Nawabzada Asghar Ali,Kothi Nawab Sb Gujrat,0333-8405264,NA-104 (Gujrat-I),Punjab,PML(N),2013-06-01,http://www.na.gov.pk/uploads/images/104.jpg,14,http://www.na.gov.pk/en/profile.php?uid=772,pmln
773,Ch. Pervaiz Ellahi,Ch.Manzoor Ellahi,"30-C Gulberg-II, Lahore",042-5712666-03008445500,NA-105 (Gujrat-II),Punjab,PML,2013-06-01,http://www.na.gov.pk/uploads/images/105.jpg,14,http://www.na.gov.pk/en/profile.php?uid=773,pml
774,Ch Jaffar Iqbal,Ch Muhammad Aslam,Vill. & P.O. Fatah Bhand Teh. Kharian,0300-8511003,NA-106 (Gujrat-III),Punjab,PML(N),2013-06-01,http://www.na.gov.pk/uploads/images/106.JPG,14,http://www.na.gov.pk/en/profile.php?uid=774,pmln
775,Ch. Abid Raza,Abdul Maalik,"R.O Kotla Arabalikhan Teh. Kharian, Distt. Gujrat",0300-6276231,NA-107 (Gujrat-IV),Punjab,PML(N),2013-06-01,http://www.na.gov.pk/uploads/images/107..JPG,14,http://www.na.gov.pk/en/profile.php?uid=775,pmln
777,Nasir Iqbal Bosal,Ch Muhammad Iqbal Bosal,Bosal Sukha Tehsil Malikwal District Mandi Bahauddin,0300-5557267,NA-109 (M.B.Din-II),Punjab,PML(N),2013-06-01,http://www.na.gov.pk/uploads/images/109.jpg,14,http://www.na.gov.pk/en/profile.php?uid=777,pmln
778,Khawaja Muhammad Asif,Khawaja Muhammad Safdar,Mehmood Ghaznawi Cantt House No. 118 Sialkot,0333-4236048,NA-110 (Sialkot-I),Punjab,PML(N),2013-06-01,http://www.na.gov.pk/uploads/images/110.jpg,14,http://www.na.gov.pk/en/profile.php?uid=778,pmln
779,Chaudry Armaghan Subhani,Chaudry Abdul Sattar,Village Vario Sialkot.,0300-8614123,NA-111 (Sialkot-II),Punjab,PML(N),2013-06-01,http://www.na.gov.pk/uploads/images/111.JPG,14,http://www.na.gov.pk/en/profile.php?uid=779,pmln
780,Rana Shamim Ahmed Khan,Rana Mohammad Chiragh,"Ugoki, P/O Khas, Tehsil & District Sialkot",0333-8639123,NA-112 (Sialkot-III),Punjab,PML(N),2013-06-01,http://www.na.gov.pk/uploads/images/112.jpg,14,http://www.na.gov.pk/en/profile.php?uid=780,pmln
781,Syed Iftikhar Ul Hassan,Sahibzada Fazi Ul Hassan,"Alo Mahaar Sharif, Tehsil Daska Distt. Sialkot",0300-6158387,NA-113 (Sialkot-IV),Punjab,PML(N),2013-06-01,http://www.na.gov.pk/uploads/images/113.jpg,14,http://www.na.gov.pk/en/profile.php?uid=781,pmln
782,Zahid Hamid,Hamid Nawaz Khan,"House No 169-C Mohallah Alla Ud Din Road Lahore Cantt, District Lahore",0300-8477181,NA-114 (Sialkot-V),Punjab,PML(N),2013-06-01,http://www.na.gov.pk/uploads/images/114.jpg,14,http://www.na.gov.pk/en/profile.php?uid=782,pmln
783,Mian Muhammad Rasheed,Mian Fakhr Ud Din,Village And P/O Darman Tehsil Zafarwal District Narowal,0300-4821105,NA-115 (Narowal-I),Punjab,PML(N),2013-06-01,http://www.na.gov.pk/uploads/images/115.jpg,14,http://www.na.gov.pk/en/profile.php?uid=783,pmln
784,Daniyal Aziz,Anwar Aziz,Village Kial Badwal More Tehsil Shakargarh District Narowal,0300-5162467,NA-116 (Narowal-II),Punjab,PML(N),2013-06-01,http://www.na.gov.pk/uploads/images/116.JPG,14,http://www.na.gov.pk/en/profile.php?uid=784,pmln
785,Ahsan Iqbal,Iqbal Ahmad Ch,"Jassar Bypass, Narowal.",0300-5012345,NA-117 (Narowal-III),Punjab,PML(N),2013-06-01,http://www.na.gov.pk/uploads/images/117.jpg,14,http://www.na.gov.pk/en/profile.php?uid=785,pmln
786,Muhammad Riaz Malik,Malik Abdul Raheem,"H# 2, St# 17, Khawaja Street, Shahdara Town, Lahore",0321-8483565,NA-118 (Lahore-I),Punjab,PML(N),2013-06-01,http://www.na.gov.pk/uploads/images/118.JPG,14,http://www.na.gov.pk/en/profile.php?uid=786,pmln
787,Muhammad Hamza Shehbaz Sharif,Mian Muhammad ShehbazSharif,"H # 41, S Block Lahore, Post Office Dha Lahore Cantt",042-5707141-03008441822,NA-119 (Lahore-II),Punjab,PML(N),2013-06-01,http://www.na.gov.pk/uploads/images/119.jpg,14,http://www.na.gov.pk/en/profile.php?uid=787,pmln
788,"Mr Muhammad Nawaz Sharif, Prime Minister Islamic Republic of Pakistan",Mian Muhammad Sharif,"Shamim Farm, Jati Umra, Raiwind Road Lahore.","",NA-120 (Lahore-III),Punjab,PML(N),2013-06-01,http://www.na.gov.pk/uploads/images/120.jpg,14,http://www.na.gov.pk/en/profile.php?uid=788,pmln
789,Mehar Ishtiaq Ahmad,Chudhery Mushtaq AhmadAnwar,"H No. 4 St. 6 Multan Rd Dolanwal Lhr. 43G, Sabazazar.",0321-8431987,NA-121 (Lahore-IV),Punjab,PML(N),2013-06-01,http://www.na.gov.pk/uploads/images/121.JPG,14,http://www.na.gov.pk/en/profile.php?uid=789,pmln
790,"Sardar Ayaz Sadiq, Speaker National Assembly",Sheikh Muhammad Sadiq,90- B Sardar Street Garhi Shahu Shalimar Lahore,0300-8426700,NA-122 (Lahore-V),Punjab,PML(N),2013-06-01,http://www.na.gov.pk/uploads/images/NA-122(2)(1).jpg,14,http://www.na.gov.pk/en/profile.php?uid=790,pmln
791,Muhammad Pervaiz Malik,Malik Muhammad Akram,"House # 142-E-1, Gulberg-Iii, Lahore",0300-8440280,NA-123 (Lahore-VI),Punjab,PML(N),2013-06-01,http://www.na.gov.pk/uploads/images/123.JPG,14,http://www.na.gov.pk/en/profile.php?uid=791,pmln
792,Shaikh Rohale Asghar,Shaikh Muhammad Asghar,"H.No.S-78 Phase-II, DHA,Lahore.",0322-4755555,NA-124 (Lahore-VII),Punjab,PML(N),2013-06-01,http://www.na.gov.pk/uploads/images/124.jpg,14,http://www.na.gov.pk/en/profile.php?uid=792,pmln
793,Khawaja Saad Rafique,Khawaja Muhammad RafiqueShaheed,"H.No.86 Block-D, DHA,Lahore, Cantt.",0300-4021242,NA-125 (Lahore-VIII),Punjab,PML(N),2013-06-01,http://www.na.gov.pk/uploads/images/125.jpg,14,http://www.na.gov.pk/en/profile.php?uid=793,pmln
794,Shafqat Mehmood,Walayat Khan,"53-J, DHA Phase-1, Lahore.",0300-8448444,NA-126 (Lahore-IX),Punjab,PTI,2013-06-01,http://www.na.gov.pk/uploads/images/126.jpg,14,http://www.na.gov.pk/en/profile.php?uid=794,pti
795,Waheed Alam Khan,Muhammad Sharif,H.No.1 St.No.7 Ganpat Road New Anarkali Lahore,0322-4826839,NA-127 (Lahore-X),Punjab,PML(N),2013-06-01,http://www.na.gov.pk/uploads/images/127.jpg,14,http://www.na.gov.pk/en/profile.php?uid=795,pmln
796,Muhammad Afzal Khokhar,Muhammad Ayub,Khokhar Palace Expo Center Johar Town Lahore.,0300-8422314,NA-128 (Lahore-XI),Punjab,PML(N),2013-06-01,http://www.na.gov.pk/uploads/images/128.JPG,14,http://www.na.gov.pk/en/profile.php?uid=796,pmln
1022,Ms. Shazia Mubashar,Mubashar Iqbal,Village Halloke Tehsil Cantt. Model Town Lahore,"",NA-129 (Lahore-XII),Punjab,PML(N),2013-09-16,http://www.na.gov.pk/uploads/images/129--.jpg,14,http://www.na.gov.pk/en/profile.php?uid=1022,pmln
798,Sohail Shoukat Butt,Shoukat Ali Butt,"Mohallah Kashmiriyan, Bhaseen, Postoffice Batapur, Lahore",0321-2800255,NA-130 (Lahore-XIII),Punjab,PML(N),2013-06-01,http://www.na.gov.pk/uploads/images/130.jpg,14,http://www.na.gov.pk/en/profile.php?uid=798,pmln
799,Rana Afzaal Hussain,Muhammad Anwar,Muhallah Sheikhan Old Narang Road Muridke P.O Tehsil Ferozewala District Sheikhupura,0306-8884449,NA-131 (Sheikhupura-I),Punjab,PML(N),2013-06-01,http://www.na.gov.pk/uploads/images/131.jpg,14,http://www.na.gov.pk/en/profile.php?uid=799,pmln
800,Rana Tanveer Hussain,Muhammad Anwar,"Muhalla Sheikhan ,Old Naring Road ,Tehseel Ferozwala District Sheikhupura",0321-8442255,NA-132 (SHEIKHUPURA-II-cum-Nankana Sahib (Old Sheikhupura-II)),Punjab,PML(N),2013-06-01,http://www.na.gov.pk/uploads/images/132.JPG,14,http://www.na.gov.pk/en/profile.php?uid=800,pmln
801,Mian Javid Latif,Muhammad Latif,Main House Habib Colony Sheikhupura,0300-8438700,NA-133 (SHEIKHUPURA-III),Punjab,PML(N),2013-06-01,http://www.na.gov.pk/uploads/images/133.jpg,14,http://www.na.gov.pk/en/profile.php?uid=801,pmln
802,Sardar Muhammad Irfan Dogar,Sardar Makhdoom HussainDogar,"Kakar Gill, P/O Same, Tehsil And District Sheikhupura",0301-8468684,NA-134 (SHEIKHUPURA-IV),Punjab,PML(N),2013-06-01,http://www.na.gov.pk/uploads/images/134.jpg,14,http://www.na.gov.pk/en/profile.php?uid=802,pmln
803,Muhammad Barjees Tahir,Haji Noor Muhammad,Moh# Jamya Masjid Tehsil Sangla Hill Distt Nanakana Sahib,0300-9482500,NA-135 (NANKANA SAHIB-I-Cum-Sheikhupura (Old Sheikhupura-V)),Punjab,PML(N),2013-06-01,http://www.na.gov.pk/uploads/images/135.jpg,14,http://www.na.gov.pk/en/profile.php?uid=803,pmln
804,Chudhary Bilal Ahmed Virk,Chudhary Habib Ullah Virk,Chandi Kot P/O Warburton Tehsil And District Nankana Sahib,05627944043-0300-4449094,NA-136 (NANKANA SAHIB-II-CUM-SHEIKHUPURA (Old Sheikhupura-VI)),Punjab,PML(N),2013-06-01,http://www.na.gov.pk/uploads/images/136.%20s(1).jpg,14,http://www.na.gov.pk/en/profile.php?uid=804,pmln
1042,Dr. Shezra Mansab Ali Khan Kharal,Mr. Kamran Bashir,"Kharal House, Muhalla Rai Mansab Ali Khan, Nankana Sahib","",NA-137 (Nankana Sahib-III (Old Sheikhupra-VII)),Punjab,PML(N),2015-03-24,http://www.na.gov.pk/uploads/images/Dr.Shezra%20sMansab%20sAli%20sKhan%20sKharral%20sNA%20s137.jpg,14,http://www.na.gov.pk/en/profile.php?uid=1042,pmln
806,Salman Hanif,Chudhary Muhammad Hanif,Green Kot P/O Lakhnakay Tehsil & Disteict Kasur,0307-7000700,NA-138 (Kasur-I),Punjab,PML(N),2013-06-01,http://www.na.gov.pk/uploads/images/138.jpg,14,http://www.na.gov.pk/en/profile.php?uid=806,pmln
807,Waseem Akhtar Shaikh,Haji Muhammad Yasin,"Circular Road, Outside Mori Gate, Kasur",0492-722088-0300-6599399,NA-139 (Kasur-II),Punjab,PML(N),2013-06-01,http://www.na.gov.pk/uploads/images/139....jpg,14,http://www.na.gov.pk/en/profile.php?uid=807,pmln
808,Rasheed Ahmad Khan,Abdul Kareem Khan,"Feteh Pur P/O Dost Pura , Teh & Distt. Kasur",0300-6599700,NA-140 (Kasur-III),Punjab,PML(N),2013-06-01,http://www.na.gov.pk/uploads/images/140.jpg,14,http://www.na.gov.pk/en/profile.php?uid=808,pmln
809,Rana Muhammad Ishaq Khan,Rana Nisar Muhammad Khan,"Gulzar Jageer, P/O Khas, Tehsil Pattoki District Kasur",0333-4511666,NA-141 (Kasur-IV),Punjab,PML(N),2013-06-01,http://www.na.gov.pk/uploads/images/141.jpg,14,http://www.na.gov.pk/en/profile.php?uid=809,pmln
810,Rana Muhammad Hayat Khan,Rana Nisar Muhammad Khan,Gala Mandi Ward No.1 Phool Nagar P/O Same Tehsil Pattoki District Kasur,0333-4231155,NA-142 (Kasur-V),Punjab,PML(N),2013-06-01,http://www.na.gov.pk/uploads/images/142.JPG,14,http://www.na.gov.pk/en/profile.php?uid=810,pmln
811,Nadeem Abbas Rebaira,Ch Ghulam Abbas,Chak Khan Muhammad Okara,0300-6959550,NA-143 (Okara-I),Punjab,PML(N),2013-06-01,http://www.na.gov.pk/uploads/images/143.JPG,14,http://www.na.gov.pk/en/profile.php?uid=811,pmln
812,Muhammad Arif Ch,Ch Muhammad Ismail,9-D Cooperative Housig Socitey Okara,0300-6959049,NA-144 (Okara-II),Punjab,PML(N),2013-06-01,http://www.na.gov.pk/uploads/images/144.JPG,14,http://www.na.gov.pk/en/profile.php?uid=812,pmln
813,Syed Muhammad Ashiq Hussain Shah,Syed Shoukat Hussain Shah,"House No.6 Al-Ashiq Mouhallah Ashiq Hussain Road Shadman Colony, Lahore",0300-9422200,NA-145 (Okara-III),Punjab,PML(N),2013-06-01,http://www.na.gov.pk/uploads/images/145.jpg,14,http://www.na.gov.pk/en/profile.php?uid=813,pmln
814,Rao Muhammad Ajmal Khan,Rao Muhammad Afzal Khan,Burj Ilyas Khan Nizam Din Depalpur,0321-4665050,NA-146 (Okara--IV),Punjab,PML(N),2013-06-01,http://www.na.gov.pk/uploads/images/146.JPG,14,http://www.na.gov.pk/en/profile.php?uid=814,pmln
815,Muhammad Moeen Wattoo,Fateh Muhammad,Jamal Kot Teh. Depalpur District Okar,0300-4002334,NA-147 (Okara-V),Punjab,PML(N),2013-06-01,http://www.na.gov.pk/uploads/images/147.JPG,14,http://www.na.gov.pk/en/profile.php?uid=815,pmln
816,Malik Abdul Ghaffar Dogar,Malik Munshi Khan,House No 779 L.M.Q Road Mehmood Abad Colony Multan,0333-8734848,NA-148 (Multan-I),Punjab,PML(N),2013-06-01,http://www.na.gov.pk/uploads/images/148.jpg,14,http://www.na.gov.pk/en/profile.php?uid=816,pmln
1040,Malik Muhammad Amir Dogar,Malik Salah-ud-Din Dogar,"R/O Gujar Khadda, Sher Shah Road, House No.503, Multan Cantonment, Multan","0300-0311-8730786,061-9201186",NA-149 (Multan-II),Punjab,IND,2014-10-27,http://www.na.gov.pk/uploads/images/NA-149%20sDogar%20sSab%20s(1).jpg,14,http://www.na.gov.pk/en/profile.php?uid=1040,ind
818,Makhdoom Shah Mahmood Hussain Qureshi,Makhdoom Muhammad SajjadHussain Qureshi,"Bab E Alquresh, Doulat Gate, Circular Road, House No. 445/W- 6M, Multan",0300-8507199,NA-150 (Multan-III),Punjab,PTI,2013-06-03,http://www.na.gov.pk/uploads/images/150.jpg,14,http://www.na.gov.pk/en/profile.php?uid=818,pti
819,Skindar Hayyat Khan Bosan,Malik Khizar Hayyat KhanBosan,Basti Bosan Hathar Multan,0345-7212222,NA-151 (Multan-IV),Punjab,PML(N),2013-06-01,http://www.na.gov.pk/uploads/images/151.jpg,14,http://www.na.gov.pk/en/profile.php?uid=819,pmln
820,Syed Javed Ali Shah,Syed Fakhar Ud Din Shah,"5-Shah Bagh, Near Aviation Base Multan Cantt.",0300-8636350,NA-152 (Multan-V),Punjab,PML(N),2013-06-01,http://www.na.gov.pk/uploads/images/152.JPG,14,http://www.na.gov.pk/en/profile.php?uid=820,pmln
822,Muhammad Siddique Khan Baloch,Haji Jindwada Khan,Havali Naseer Khan Tehsil & District Lodhran,0300-9680322,NA-154 (Lodhran-I),Punjab,PML(N),2013-06-01,http://www.na.gov.pk/uploads/images/154.JPG,14,http://www.na.gov.pk/en/profile.php?uid=822,pmln
823,Abdul Rehman Khan Kanju,Sadique Khan Kanju,Mouza Ali Kanju Tehsil Karor Pacca,0300-8688333,NA-155 (Lodhran-II),Punjab,PML(N),2013-06-01,http://www.na.gov.pk/uploads/images/155.jpg,14,http://www.na.gov.pk/en/profile.php?uid=823,pmln
824,Mohammad Raza Hayat Harraj,Mahr Khizar Hayat Hiraj,Mouza Choki Haraj P/O Sardar Pur Kabir Wala,0333-5211786,NA-156 (Khanewal-I),Punjab,PML(N),2013-06-01,http://www.na.gov.pk/uploads/images/156.jpg,14,http://www.na.gov.pk/en/profile.php?uid=824,pmln
825,Muhammad Khan Daha,Haji Irfan Ahmed Khan Daha,"Daha House, Old Khanewal, Khanewal",0300-8444499,NA-157 (Khanewal-II),Punjab,PML(N),2013-06-01,http://www.na.gov.pk/uploads/images/Muhammad%20sKhan%20sDaha(1).jpg,14,http://www.na.gov.pk/en/profile.php?uid=825,pmln
826,Aslam Bodla,Peer Muhammad SanaullahBodla,"Johar Road, Bodla House No.1, Tehsil Mianchannu, District Khanewal.",0300-6336341,NA-158 (Khanewal-III),Punjab,PML(N),2013-06-01,http://www.na.gov.pk/uploads/images/158.jpg,14,http://www.na.gov.pk/en/profile.php?uid=826,pmln
827,Choudhary Iftikhar Nazir,Haji Nazir Ahmed,"Suite No. 3, 3rd Floor, Shan Arcade, Barkat Market, New Garden Town, Lahore",0342-9111111,NA-159 (Khanewal-IV),Punjab,PML(N),2013-06-01,http://www.na.gov.pk/uploads/images/159.JPG,14,http://www.na.gov.pk/en/profile.php?uid=827,pmln
828,Syed Imran Ahmad Shah,Syed Ali Ahmad Shah,Sadat Manzal Nai Abadi Sahiwal,0321-8290127,NA-160 (Sahiwal-I),Punjab,PML(N),2013-06-01,http://www.na.gov.pk/uploads/images/160.jpg,14,http://www.na.gov.pk/en/profile.php?uid=828,pmln
829,Chaudhary Muhammad Ashraf,Chaudhary Shah Din,"i) H.No.142/G Model Town Lahore ii)H.No.60/J Officer Colony, Near Stop No.4, Farid Town, Sahiwal","0321-4549752,042-35833870",NA-161 (Sahiwal-II),Punjab,PML(N),2013-06-01,http://www.na.gov.pk/uploads/images/161.jpg,14,http://www.na.gov.pk/en/profile.php?uid=829,pmln
830,Rai Hasan Nawaz Khan,Rai Muhammad Iqbal Khan,Rai House Railway Road Chichawatni Distt Sahiwal,0300-8848941,NA-162 (Sahiwal-III),Punjab,PTI,2013-06-01,http://www.na.gov.pk/uploads/images/162.JPG,14,http://www.na.gov.pk/en/profile.php?uid=830,pti
831,Chaudhry Muhammad Munir Azhar,Chaudhry Elahi Bakhsh,"Chak No 46/12-L, P O 45/12-L, Tehsil Chichawatni District Sahiwal",0302-3148231,NA-163 (Sahiwal-IV),Punjab,PML(N),2013-06-01,http://www.na.gov.pk/uploads/images/163.jpg,14,http://www.na.gov.pk/en/profile.php?uid=831,pmln
832,Sardar Mansab Ali Dogar,Sardar Allah Ditta Dogar,Chak 30Sp P.O Betiu Form Tehsil And District Pakpattan,0308-7770777,NA-164 (Pakpattan-I),Punjab,PML(N),2013-06-01,http://www.na.gov.pk/uploads/images/164.jpg,14,http://www.na.gov.pk/en/profile.php?uid=832,pmln
833,Syed Muhammad Athar Hussain Shah Gillani,Syed Ghulam Kybria Shah,Darbar Baba Mohsin Shah Qaboola Pakpattan,0300-6994466,NA-165 (Pakpattan-II),Punjab,PML(N),2013-06-01,http://www.na.gov.pk/uploads/images/165.jpg,14,http://www.na.gov.pk/en/profile.php?uid=833,pmln
834,Rana Zahid Hussain Khan,Rana Muhammad Sharif Khan,House No. 64 Gulshan Iqbal Colony Teshil Arifwala District Pakpattan,0457-832095-0300-4537087,NA-166 (Pakpattan-III),Punjab,PML(N),2013-06-01,http://www.na.gov.pk/uploads/images/166.jpg,14,http://www.na.gov.pk/en/profile.php?uid=834,pmln
835,Chaudhary Nazeer Ahmad,Chaudhary Ali Muhammad,"55-E, Block, Tehsil Burewala",0300-4409372,NA-167 (Vehari-I),Punjab,PML(N),2013-06-01,http://www.na.gov.pk/uploads/images/167.jpg,14,http://www.na.gov.pk/en/profile.php?uid=835,pmln
836,Sajid Mehdi,Syed Mehdi Hassan,"H.No. 16, Civil Line I-Block Tehsil Burewala District Vehari",0300-8448984,NA-168 (Vehari-II),Punjab,PML(N),2013-06-01,http://www.na.gov.pk/uploads/images/168.JPG,14,http://www.na.gov.pk/en/profile.php?uid=836,pmln
837,Tahir Iqbal Ch,Muhammad Sharif,Chak No. 47/Wb Vehari. Dob 1969,0300-7729347,NA-169 (Vehari-III),Punjab,PML(N),2013-06-01,http://www.na.gov.pk/uploads/images/169.JPG,14,http://www.na.gov.pk/en/profile.php?uid=837,pmln
838,Saeed Ahmed Khan Manais,Jan Muhammad Khan,"Tibba Sultanpur Post Office Khaas, House No. 4-A, Street No. 15, Cavalry Ground Ext. Lahore Cantt.",0300-8474546,NA-170 (Vehari-IV),Punjab,PML(N),2013-06-01,http://www.na.gov.pk/uploads/images/170.JPG,14,http://www.na.gov.pk/en/profile.php?uid=838,pmln
839,Sardar Muhammad Amjad Farooq Khan Khosa,Sardar Nasir MuhammadKhan Khosa,"Bahadur Gar House Churatta, Sind Janoobi, P.O. Tehsil & District D.G.Khan.",0300-4545555,NA-171 (D.G.Khan-I),Punjab,PML(N),2013-06-01,http://www.na.gov.pk/uploads/images/171.jpg,14,http://www.na.gov.pk/en/profile.php?uid=839,pmln
840,Hafiz Abdul Kareem,Qadir Bakhsh,"House No. 30-A, Khaya Ban-E- Sarwar",0321-6785555,NA-172 (D.G.Khan-II),Punjab,PML(N),2013-06-01,http://www.na.gov.pk/uploads/images/172.jpg,14,http://www.na.gov.pk/en/profile.php?uid=840,pmln
841,Sardar Awais Ahmad Khan Leghari,Sardar Farooq Ahmad KhanLeghari,"Bmp Post Pahar Fort Munroo P.O Khas Teh, & Distt. Dera Ghazi Khan",0333-5221111,NA-173 (D.G.Khan-III),Punjab,PML(N),2013-06-01,http://www.na.gov.pk/uploads/images/173.jpg,14,http://www.na.gov.pk/en/profile.php?uid=841,pmln
842,Sardar Muhammad Jaffar Khan Leghari,Sardar Atta Muhammad KhanLeghari,Chak Bakhar Tehsil Kot Chutta District D G Khan,0333-6499999,NA-174 (Rajanpur-I),Punjab,PML(N),2013-06-01,http://www.na.gov.pk/uploads/images/174.jpg,14,http://www.na.gov.pk/en/profile.php?uid=842,pmln
843,Doctor Hafeez Ur Rehman Khan Drishak,Karam Elahi Khan Drishak,"Ward No.3 Kot Mithan Sharif, Tehsil And District Rajan Pur",0345-8470333,NA-175 (Rajanpur-II),Punjab,PML(N),2013-06-01,http://www.na.gov.pk/uploads/images/175.jpg,14,http://www.na.gov.pk/en/profile.php?uid=843,pmln
844,Malik Sultan Mehmood Hanjra,Malik Ahmad Yar Hunjara,Hunjra House Tibba Mustaqil Darmiyani P/O D.D.Panah Tehsil Kot Adu,0300-4248900,NA-176 (Muzaffargarh-I),Punjab,PML(N),2013-06-01,http://www.na.gov.pk/uploads/images/176.jpg,14,http://www.na.gov.pk/en/profile.php?uid=844,pmln
1023,Mr. Ghulam Rabbani Khar,Malik Muhammad Yar Khan,"Khar Gharbi, P/O Sinawan Tehsil Kot Addu District Muzafargarh","",NA-177 (Muzaffargarh-II),Punjab,PPPP,2013-09-16,http://www.na.gov.pk/uploads/images/NA%20s177.jpg,14,http://www.na.gov.pk/en/profile.php?uid=1023,pppp
846,Jamshed Ahmad,Sultan Mehmood,Basti Bahar Khan Rakh Khan Pur Muzaffar Garh,0300-7180800,NA-178 (Muzaffargarh-III),Punjab,IND,2013-06-03,http://www.na.gov.pk/uploads/images/178.jpg,14,http://www.na.gov.pk/en/profile.php?uid=846,ind
847,Makhdoomzada Basit Bokhari,Makhdoom Syed M AbdullahShah,"Kandh Sharif P/O Kotla Raham Ali Shah, Jatoi, Distt. Muzaffargarh",0300-8731414,NA-179 (Muzaffargarh-IV),Punjab,PML(N),2013-06-01,http://www.na.gov.pk/uploads/images/179.jpg,14,http://www.na.gov.pk/en/profile.php?uid=847,pmln
848,Sardar Ashiq Hussain Gopang,Sardar Nawab Khan,Gopang House Circular Road Alipur District Muzaffargarh,0333-7676909,NA-180 (Muzaffargarh-V),Punjab,PML(N),2013-06-01,http://www.na.gov.pk/uploads/images/180.jpg,14,http://www.na.gov.pk/en/profile.php?uid=848,pmln
849,Sahibzada Faiz Ul Hassan,Khaja Ghulam Muhammad,"Chak No, 102/TDA Tehsil Karor District Layyah",0300-6768200,NA-181 (Layyah-I),Punjab,PML(N),2013-06-01,http://www.na.gov.pk/uploads/images/181.jpg,14,http://www.na.gov.pk/en/profile.php?uid=849,pmln
850,Syed Muhammad Saqlain Shah Bukhari,Syed Muhammad KhurshidAhmad Shah,"Darbar Peer Jaggi Sharif, Chak No.170/TDA, Tehsil & District Layyah",0300-6347648,NA-182 (Layyah-II),Punjab,PML(N),2013-06-01,http://www.na.gov.pk/uploads/images/182.jpg,14,http://www.na.gov.pk/en/profile.php?uid=850,pmln
851,Makhdoom Syed Ali Hassan Gillani,Syed Mukhtar Hassan Gillani,Mohallah Ghounce Ul Azam House Uch Sharif Tehsil Ahmadpur East.,0300-8686888,NA-183 (Bahawalpur-I),Punjab,PML(N),2013-06-01,http://www.na.gov.pk/uploads/images/183.jpg,14,http://www.na.gov.pk/en/profile.php?uid=851,pmln
852,Mian Najeebuddin Awaisi,Mian Muhammad QasimAwaisi,Mohallah Awaisian Khangah Sharif Tehsil & District Bahawalpur,0345-9681512,NA-184 (Bahawalpur-II),Punjab,PML(N),2013-06-01,http://www.na.gov.pk/uploads/images/184.jpg,14,http://www.na.gov.pk/en/profile.php?uid=852,pmln
853,Muhammad Baligh Ur Rehman,Aqeel Ur Rehman,Rehman Wala Bohar Gate Multan Road Bahawalpur,0321-6801112,NA-185 (Bahawalpur-III),Punjab,PML(N),2013-06-01,http://www.na.gov.pk/uploads/images/185.JPG,14,http://www.na.gov.pk/en/profile.php?uid=853,pmln
854,Mian Riaz Hussain Peerzada,Mian Shah Nawaz Peerzada,Seikhwain P.O Same Tehsil Kherpur Tamewali District Bahawalpur,0300-5007649,NA-186 (Bahawalpur-IV),Punjab,PML(N),2013-06-01,http://www.na.gov.pk/uploads/images/186.jpg,14,http://www.na.gov.pk/en/profile.php?uid=854,pmln
855,Ch.Tariq Bashir Cheema,Bashir Ahmad Cheema,House No. 35-A Sattlite Town Bahawalpur,0345-8776222,NA-187 (Bahawalpur-V),Punjab,PML,2013-06-01,http://www.na.gov.pk/uploads/images/187.JPG,14,http://www.na.gov.pk/en/profile.php?uid=855,pml
856,Syed Muhammad Asghar,Syed Ghulam Rasool,Said Ali Po Minchan Abad Dist Bahawal Nagar,0300-4406262,NA-188 (Bahawalnagar-I),Punjab,PML(N),2013-06-01,http://www.na.gov.pk/uploads/images/188.JPG,14,http://www.na.gov.pk/en/profile.php?uid=856,pmln
857,Alam Dad Laleka,Mian Abdul Sattar Laleka,Joyia House Haroonabad,0300-4542094,NA-189 (Bahawalnagar-II),Punjab,PML(N),2013-06-01,http://www.na.gov.pk/uploads/images/189.jpg,14,http://www.na.gov.pk/en/profile.php?uid=857,pmln
858,Tahir Bashir Cheema,Choudhry Bashir AhmadCheema,House # 2 Block Z Sattilite Town Chishtian Distt.Bahawalnagar,0333-3031700,NA-190 (Bahawalnagar-III),Punjab,PML(N),2013-06-01,http://www.na.gov.pk/uploads/images/190.JPG,14,http://www.na.gov.pk/en/profile.php?uid=858,pmln
859,Muhammad Ijaz Ul Haq,Muhammad Zia Ul Haq,203 Aibak Road West Ridge Rawalpindi,0300-5553777,NA-191 (Bahawalnagar-IV),Punjab,PML-Z,2013-06-01,http://www.na.gov.pk/uploads/images/191.jpg,14,http://www.na.gov.pk/en/profile.php?uid=859,pmlz
860,Khwaja Ghulam Rasool Koreja,Khwaja Ghulam Taj MehmoodKoreja.,"Muhallah Korejgan Shidani Sharif Tehsil Liaquat Pur, District Rahim Yar Khan.",0300-8308888,NA-192 (R.Y.Khan-I),Punjab,PPPP,2013-06-01,http://www.na.gov.pk/uploads/images/192.jpg,14,http://www.na.gov.pk/en/profile.php?uid=860,pppp
861,Sheikh Fayyaz Ud Din,Sheikh Ameer Ud Din,"Mohallah Saddi Wall, Ameer Ud Din Road, Ward No 21, Khanpur",0300-8670701,NA-193 (R.Y.Khan-II),Punjab,PML(N),2013-06-01,http://www.na.gov.pk/uploads/images/193.jpg,14,http://www.na.gov.pk/en/profile.php?uid=861,pmln
862,Makhdum Khusro Bakhtyar,Makhdoom Rukn Ud Din,Mianwali Quraishian Teh. Rahim Yar Khan,0333-5223000,NA-194 (R.Y.Khan-III),Punjab,PML(N),2013-06-01,http://www.na.gov.pk/uploads/images/194.JPG,14,http://www.na.gov.pk/en/profile.php?uid=862,pmln
863,Makhdoom Syed Mustafa Mehmood,Makhdoom Syed Ahmed Mehmood,Makhdoom House Jamal Din Wali,0333-4261162,NA-195 (R.Y.Khan-IV),Punjab,PPPP,2013-06-01,http://www.na.gov.pk/uploads/images/195.JPG,14,http://www.na.gov.pk/en/profile.php?uid=863,pppp
864,Mian Imtiaz Ahmad,Haji Taj Muhammad,Old Officers Colony Rahim Yar Khan,0300-8671155,NA-196 (R.Y.Khan-V),Punjab,PML(N),2013-06-01,http://www.na.gov.pk/uploads/images/196.jpg,14,http://www.na.gov.pk/en/profile.php?uid=864,pmln
865,Muhammad Arshad Khan Laghari,Ghulam Safdar Khan Leghari,"Rahim Abad, Sadiqabad",0300-8412313,NA-197 (R.Y.Khan-VI),Punjab,PML(N),2013-06-01,http://www.na.gov.pk/uploads/images/197.jpg,14,http://www.na.gov.pk/en/profile.php?uid=865,pmln
866,Nauman Islam Shaikh,Islam Ud Din Shaikh,"H.No: C-416/2, Muhalla Upper Queens Road Sukkur.",0333-7111100,NA-198 (Sukkur-I),Sindh,PPPP,2013-06-01,http://www.na.gov.pk/uploads/images/198.JPG,14,http://www.na.gov.pk/en/profile.php?uid=866,pppp
867,Syed Khursheed Ahmed Shah,Syed Zulfiqar Ali Shah,Manzil Gah Road Sukkur,0334-5555192,NA-199 (SUKKUR-CUM-SHIKARPUR (II) (OLD SUKKUR-II)),Sindh,PPPP,2013-06-01,http://www.na.gov.pk/uploads/images/199.jpg,14,http://www.na.gov.pk/en/profile.php?uid=867,pppp
868,Ali Gohar Khan Mahar,Ali Anwar Khan,"R/O. Village Khangarh P.O Khanpur Mahar, Taluka Khangarh",0321-7555555,NA-200 (Ghotki-I),Sindh,PPPP,2013-06-01,http://www.na.gov.pk/uploads/images/200.jpg,14,http://www.na.gov.pk/en/profile.php?uid=868,pppp
869,Sardar Ali Muhammad Khan Mahar,Ali Anwar Khan Mahar,"Village Khangarh Sharif, Taluka Khangarh District Ghotki.",0300-2220222,NA-201 (Ghotki-II),Sindh,PPPP,2013-06-01,http://www.na.gov.pk/uploads/images/201.JPG,14,http://www.na.gov.pk/en/profile.php?uid=869,pppp
1037,Mr. Aftab Shahban Mirani,Mian Ghulam Kadir Mirani,"23/II, Khayaban-i-Ghazi, Phase V, DHA, Karachi","051-9211411,0344-2481454",NA-202 (SHIKARPUR (OLD SHIKARPUR-I)),Sindh,PPPP,2014-05-12,http://www.na.gov.pk/uploads/images/NA-202%20sAftab%20sShaban%20sMerani.jpg,14,http://www.na.gov.pk/en/profile.php?uid=1037,pppp
871,Ghous Bux Khan Mahar,Qalandar Bux Khan Mahar,"Village PO Wazirabad, Taluka Lakhi Ghulam Shah, District Shikarpur",0300-8565532,NA-203 (SHIKARPUR-CUM-SUKKUR (OLD SHIKARPUR-II)),Sindh,PML-F,2013-06-01,http://www.na.gov.pk/uploads/images/203.jpg,14,http://www.na.gov.pk/en/profile.php?uid=871,pmlf
872,Mohammad Ayaz Soomro,Khuda Bux Soomro,Shaikh Zaid Mohalla Larkana,0331-3400441,NA-204 (LARKANA (Old Larkana)),Sindh,PPPP,2013-06-01,http://www.na.gov.pk/uploads/images/Ayaz_MNA0001.jpg,14,http://www.na.gov.pk/en/profile.php?uid=872,pppp
873,Nazir Ahmed Bughio,Wahid Bux Bughio,Village Naeen Gud Taluka Bakrani District Larkana,0333-2324212,NA-205 (LARKANA-CUM-KAMBER SHAHDADKOT (OLD LARKANA-II)),Sindh,PPPP,2013-06-01,http://www.na.gov.pk/uploads/images/205.jpg,14,http://www.na.gov.pk/en/profile.php?uid=873,pppp
874,Mir Aamir Ali Khan Magsi,Nawab Saifullah Magsi,Sardar Muhalla Jhal Magsi District Kachhi,0300-8233951,NA-206 (KAMBER SHAHDADKOT (OLD LARKANA-III)),Sindh,PPPP,2013-06-01,http://www.na.gov.pk/uploads/images/206.jpg,14,http://www.na.gov.pk/en/profile.php?uid=874,pppp
875,Faryal Talpur,Mir Munwar Ali Talpur,Village Kot Mirs Taluka Kot Ghulam Muhammad District Mirpur Khas,"",NA-207 (LARKANA-CUM-KAMBER SHAHDADKOT (OLD LARKANA-IV)),Sindh,PPPP,2013-06-01,http://www.na.gov.pk/uploads/images/207.jpg,14,http://www.na.gov.pk/en/profile.php?uid=875,pppp
876,Aijaz Hussain Jakhrani,Ahmed Nawaz Jakhrani,Mukhtiarkari Road Kamora Line Jacobabad,0300-5551905,NA-208 (JACOBABAD (OLD JACOBABAD-I)),Sindh,PPPP,2013-06-01,http://www.na.gov.pk/uploads/images/208.jpg,14,http://www.na.gov.pk/en/profile.php?uid=876,pppp
877,Mir Shabbir Ali Bijarani,Mir Hazar Khan Bijarani,Bijarani Mohalla Karampur District Kashmore,0300-2816959,NA-209 (JACOBABAD-CUM-KASHMORE (OLD JACOBABAD-II)),Sindh,PPPP,2013-06-01,http://www.na.gov.pk/uploads/images/209.jpg,14,http://www.na.gov.pk/en/profile.php?uid=877,pppp
878,Ehsan ur Rehman Mazari,Altaf ur Rahman,"Mazari House Colony No.1, Kashmore.",0300-4999619,NA-210 (KASHMORE (OLD JACOBABAD-III)),Sindh,PPPP,2013-06-01,http://www.na.gov.pk/uploads/images/210.jpg,14,http://www.na.gov.pk/en/profile.php?uid=878,pppp
879,Rais Ghulam Murtaza Khan Jatoi,Rais Ghulam Mustafa KhanJatoi,"Village New Jatoi, Taluka Moro.",0300-5501160,NA-211 (Naushero Feroze-I),Sindh,NPP,2013-06-01,http://www.na.gov.pk/uploads/images/211.jpg,14,http://www.na.gov.pk/en/profile.php?uid=879,npp
880,Asghar Ali Shah,Kararo Shah,R/O P.O Darbelo Taluka Kandiaro District Naushahro Feroze,0300-2502491,NA-212 (Naushero Feroze-II),Sindh,PPPP,2013-06-01,http://www.na.gov.pk/uploads/images/212.JPG,14,http://www.na.gov.pk/en/profile.php?uid=880,pppp
881,Dr. Azra Fazal Pechuho,Fazalullah Pechuho,Zardari Housing Society Nawabshah,"",NA-213 (Nawabshah-I),Sindh,PPPP,2013-06-01,http://www.na.gov.pk/uploads/images/213.jpg,14,http://www.na.gov.pk/en/profile.php?uid=881,pppp
882,Syed Ghulam Mustafa Shah,Syed Shabir Ahmed Shah,Syed Muhalla 12 Mehrabpur Taluka Sakrand.,0300-8222666,NA-214 (SHAHEED BENAZIR ABAD (OLD NAWABSHAH-II)),Sindh,PPPP,2013-06-01,http://www.na.gov.pk/uploads/images/214.jpg,14,http://www.na.gov.pk/en/profile.php?uid=882,pppp
883,Nawab Ali Wassan,Ali Dino Wassan,"Wassan House, Mir Ali Bazar, Taluka & District Khairpur",0300-8299699,NA-215 (Khairpur-I),Sindh,PPPP,2013-06-01,http://www.na.gov.pk/uploads/images/NA-215.jpg,14,http://www.na.gov.pk/en/profile.php?uid=883,pppp
884,Pir Sadaruddin Shah,Pir Shah Mardan Shah Pir Pagaro,"R/o. Village Hadal Shah, Taluka, Kingri.",0300-2556606,NA-216 (Khairpur-II),Sindh,PML-F,2013-06-01,http://www.na.gov.pk/uploads/images/216.jpg,14,http://www.na.gov.pk/en/profile.php?uid=884,pmlf
885,Syed Kazim Ali Shah,"","Muhalla Syed Sofan Ali Shah Hingorja-Tah-Sobhodero, District Khairpur Mirs.",0346-3428934,NA-217 (Khairpur-III),Sindh,PML-F,2013-06-01,http://www.na.gov.pk/uploads/images/217.jpg,14,http://www.na.gov.pk/en/profile.php?uid=885,pmlf
886,Makhdoom Muhammad Ameen Fahim,Makhdoom Muhammad Zaman,Makhdoom House Hala Taluka & District Matiari,0323-3747777,NA-218 (MATIARI-CUM-HYDERABAD (OLD HYDERABAD-I)),Sindh,PPPP,2013-06-01,http://www.na.gov.pk/uploads/images/218.jpg,14,http://www.na.gov.pk/en/profile.php?uid=886,pppp
887,Dr. Khalid Maqbool Siddiqui,Maqbool Hussain Siddiqui,House 301/8 F.B. Area Karachi.,0300-2109090,NA-219 (Hyderabad-II),Sindh,MQM,2013-06-01,http://www.na.gov.pk/uploads/images/219..JPG,14,http://www.na.gov.pk/en/profile.php?uid=887,mqm
888,Syed Waseem Hussain,Syed Kazim Hussain,"House No: E425, Mohi Mukhi Narain Das Gali, Hyderabad",0321-3679090,NA-220 (Hyderabad-III),Sindh,MQM,2013-06-01,http://www.na.gov.pk/uploads/images/220.jpg,14,http://www.na.gov.pk/en/profile.php?uid=888,mqm
889,Syed Amir Ali Shah Jamote,Syed Muhammad Anwar ShahJamote,House No.A-79 Latifabad Circle No.5 Hyderabad,0300-3078687,NA-221 (Hyderabad-IV),Sindh,PPPP,2013-06-01,http://www.na.gov.pk/uploads/images/221.jpg,14,http://www.na.gov.pk/en/profile.php?uid=889,pppp
890,Syed Naveed Qamar Shah,Syed Qamr Ul Zaman,"H.No. 14-F, Block 04, Kekshan Clifton, Karachi",0300-5000222,NA-222 (TANDO MUHAMMAD KHAN-CUM-HYDERABAD-CUM-BADIN (HYDERABAD-V)),Sindh,PPPP,2013-06-01,http://www.na.gov.pk/uploads/images/222.jpg,14,http://www.na.gov.pk/en/profile.php?uid=890,pppp
891,Abdul Sattar Bachani,Khan Sahab Haji MohammadSoomar,"R/O. Patoli Para, Tando Allahyar.",0300-8224902,NA-223 (Hyderabad-VI),Sindh,PPPP,2013-06-01,http://www.na.gov.pk/uploads/images/223.jpg,14,http://www.na.gov.pk/en/profile.php?uid=891,pppp
892,Sardar Kamal Khan Chang,Ghazi Khan,"Resident Of Village Yousif Khan Chang, U.C. Kario Ghanhwar, Taluka Shaheed Fazil Rahu",0301-8373383,NA-224 (BADIN-CUM-TANDO MUHAMMAD KHAN-I (OLD BADIN-I)),Sindh,PPPP,2013-06-01,http://www.na.gov.pk/uploads/images/224..JPG,14,http://www.na.gov.pk/en/profile.php?uid=892,pppp
893,Dr. Fehmida Mirza,Zulfiqar Ali Mirza,"Deh Jakheji, Golarchi. Taluka S.F. Rahu. District Badin.","",NA-225 (BADIN-CUM-TANDO MUHAMMAD KHAN-II (OLD BADIN-II)),Sindh,PPPP,2013-06-01,http://www.na.gov.pk/uploads/images/225.jpg,14,http://www.na.gov.pk/en/profile.php?uid=893,pppp
894,Pir Shafqat Hussain Shah Jilani,Pir Ghulam Rasool Shah Jilani,Ring Road Jilani House Mirpurkhas,0333-2961215,NA-226 (MIRPUR KHAS-CUM-UMERKOT (I) (OLD MIRPURKHAS-I)),Sindh,PPPP,2013-06-01,http://www.na.gov.pk/uploads/images/226.jpg,14,http://www.na.gov.pk/en/profile.php?uid=894,pppp
895,Mir Munawar Ali Talpur,Mir Ali Bux Talpur,"Kot Miris, Deh 282, Taluka Kot Ghulam Mohammad",0345-2777946,NA-227 (MIRPURKHAS-CUM-UMERKOT (II) (OLD MIRPURKHAS-II)),Sindh,PPPP,2013-06-03,http://www.na.gov.pk/uploads/images/227.jpg,14,http://www.na.gov.pk/en/profile.php?uid=895,pppp
896,Nawab Muhammad Yousif Talpur,Nawab Pir Bux Khan Talpur,"R/O North Circle Avenue House No. 6-A Mohallah, Phase One, DHA, Karachi",0300-8274633,NA-228 (UMERKOT (OLD MIRPURKHAS-III)),Sindh,PPPP,2013-06-01,http://www.na.gov.pk/uploads/images/228.jpg,14,http://www.na.gov.pk/en/profile.php?uid=896,pppp
1011,Mr. Faqir Sher Muhammad Bilaiani,"","Village Veenjhniyari, Taluka Mithi, Distt. Tharparkar at Mithi",0333-2519480-0345-2926010,NA-229 (Tharparkar-I),Sindh,PPPP,2013-06-05,http://www.na.gov.pk/uploads/images/229.JPG,14,http://www.na.gov.pk/en/profile.php?uid=1011,pppp
1010,Pir Noor Muhammad Shah Jeelani,"","Village Dargah Shareef Noor Muhammad Shah Taluka Tando Allahyar, Tharparkar","",NA-230 (Tharparkar-II),Sindh,PPPP,2013-06-05,http://www.na.gov.pk/uploads/images/230.JPG,14,http://www.na.gov.pk/en/profile.php?uid=1010,pppp
897,Malik Asad Sikandar,Malik Sikandar Khan,"Malik House, Kotri",0300-8252877,NA-231 (JAMSHORO (OLD DADU-I)),Sindh,PPPP,2013-06-01,http://www.na.gov.pk/uploads/images/231.jpg,14,http://www.na.gov.pk/en/profile.php?uid=897,pppp
898,Rafique Ahmed Jamali,Sardar Muhammad Bux Jamali,"Bahawalpur, Taluka Johi",0307-3335555,NA-232 (DADU-I (OLD DADU-II)),Sindh,PPPP,2013-06-01,http://www.na.gov.pk/uploads/images/232.jpg,14,http://www.na.gov.pk/en/profile.php?uid=898,pppp
899,Imran Zafar Leghari,Zafar Ali Leghari,House No.13-A Street No.16 Paro Clifton Karachi OR Muhalla Sita Road Taluka K.N.Shah,0321-5555541,NA-233 (DADU-II (OLD DADU-III)),Sindh,PPPP,2013-06-01,http://www.na.gov.pk/uploads/images/233.jpg,14,http://www.na.gov.pk/en/profile.php?uid=899,pppp
900,Pir Bux Junejo,Mohib Khan,"R/o. Village Talib Junejo, Taluka Sanghar.",0333-2607235,NA-234 (Sanghar-I),Sindh,PML-F,2013-06-01,http://www.na.gov.pk/uploads/images/234.jpg,14,http://www.na.gov.pk/en/profile.php?uid=900,pmlf
1024,Miss Shazia Marri,Atta Muhammad Marri,"R/O Berani, Taluka Jam Nawaz Ali","",NA-235 (SANGHAR-CUM-MIRPURKHAS-CUM-UMERKOT (OLD SANGHAR-II)),Sindh,PPPP,2013-08-30,http://www.na.gov.pk/uploads/images/Shazia%20sMarri-.jpg,14,http://www.na.gov.pk/en/profile.php?uid=1024,pppp
902,Roshan Din Junejo,Shahnawaz Khan Junejo,"Village Shahnawaz Junejo, Taluka Tando Adam",0300-8211313,NA-236 (SANGHAR-II (OLD SNAGHAR-III)),Sindh,PPPP,2013-06-03,http://www.na.gov.pk/uploads/images/236.jpg,14,http://www.na.gov.pk/en/profile.php?uid=902,pppp
1025,Mrs. Shamas-un-Nisa,W/O Abdul Hameed Memon,"H.No.36/11/11, 33rd Street, Phase V-Ext.,D.H.A, Karachi","",NA-237 (Thatta-I),Sindh,PPPP,2013-08-30,http://www.na.gov.pk/uploads/images/237-01.jpg,14,http://www.na.gov.pk/en/profile.php?uid=1025,pppp
903,Syed Ayaz Ali Shah Sheerazi,Syed Aijaz Ali Shah Sheerazi,"R/O. Village Syed Pur, Taluka Sujawal District Thatta",0300-2400032,NA-238 (Thatta-II),Sindh,PML(N),2013-06-01,http://www.na.gov.pk/uploads/images/238.jpg,14,http://www.na.gov.pk/en/profile.php?uid=903,pmln
904,Mohammad Salman Khan Baloch,K S Mujahid Khan Baloch,H No. 1728/305 Ks Mujahid Khan Road Baldia Town Karachi,0300-9267021,NA-239 (Karachi-I),Sindh,MQM,2013-06-01,http://www.na.gov.pk/uploads/images/239.JPG,14,http://www.na.gov.pk/en/profile.php?uid=904,mqm
905,Sohail Mansoor Khawaja,Khawaja Mansoor Ahmed,"H.No.2/87, Street No.25, Khayaban-E-Muhfiz Phase- VI, D.H.A, Karachi",0321-9220490,NA-240 (Karachi-II),Sindh,MQM,2013-06-01,http://www.na.gov.pk/uploads/images/240.JPG,14,http://www.na.gov.pk/en/profile.php?uid=905,mqm
906,S.A. Iqbal Qadri,Safiullah Shah,H.No R-421 Block 9 F.B. Area Karachi,0300-2201026,NA-241 (Karachi-III),Sindh,MQM,2013-06-01,http://www.na.gov.pk/uploads/images/241.jpg,14,http://www.na.gov.pk/en/profile.php?uid=906,mqm
907,Mehboob Alam,Naimatullah,"H.No.591, Sector 11 1/2, Orangi Town Karachi.",0311-8270665,NA-242 (Karachi-IV),Sindh,MQM,2013-06-01,http://www.na.gov.pk/uploads/images/242.jpg,14,http://www.na.gov.pk/en/profile.php?uid=907,mqm
908,Abdul Waseem,Abdul Rauaf,"R/O. H.No.R-5/12, Gulberg Karachi.",0300-9233404,NA-243 (Karachi-V),Sindh,MQM,2013-06-01,http://www.na.gov.pk/uploads/images/243.jpg,14,http://www.na.gov.pk/en/profile.php?uid=908,mqm
909,Sheikh Salahuddin,Sheikh Khazaruddin,"E-6/13-5, Nazimabad No.5, Karachi",0321-2443334,NA-244 (Karachi-VI),Sindh,MQM,2013-06-01,http://www.na.gov.pk/uploads/images/244.jpg,14,http://www.na.gov.pk/en/profile.php?uid=909,mqm
910,Muhammad Rehan Hashmi,Muhammad Usman Hashmi,"H. No. A-141, Block H, North Nazimabad, Karachi",0302-8255444,NA-245 (Karachi-VII),Sindh,MQM,2013-06-01,http://www.na.gov.pk/uploads/images/245.jpg,14,http://www.na.gov.pk/en/profile.php?uid=910,mqm
1044,Mr. Kanwar Naveed,Kanwar Jameel Ahmed,"H.No.160, Block-B, Latifabad, Hyderabad","",NA-246 (Karachi-VIII),Sindh,MQM,2015-04-29,http://www.na.gov.pk/uploads/images/246(1).jpg,14,http://www.na.gov.pk/en/profile.php?uid=1044,mqm
912,Sufyan Yousuf,Yousufuddin Ahmed,"House No. B-60, Block-10, F.B. Area Karachi",0300-9249558,NA-247 (Karachi-IX),Sindh,MQM,2013-06-01,http://www.na.gov.pk/uploads/images/247.jpg,14,http://www.na.gov.pk/en/profile.php?uid=912,mqm
913,Shahjahan Baloch,Yaqoob Baloch,"Ak-19-3-S-1, Gali # 4, Noorani Colony, Lyari Karachi","0321-9206037, 0333-5889997",NA-248 (Karachi-X),Sindh,PPPP,2013-06-01,http://www.na.gov.pk/uploads/images/248.JPG,14,http://www.na.gov.pk/en/profile.php?uid=913,pppp
914,Doctor Muhammad Farooq Sattar,Abdul Sattar Pirwani,"House No. 268. P.I.B. Colony, Karachi.",0300-5012990,NA-249 (Karachi-XI),Sindh,MQM,2013-06-01,http://www.na.gov.pk/uploads/images/249.jpg,14,http://www.na.gov.pk/en/profile.php?uid=914,mqm
915,Dr. Arif Alvi,Habib ur Rehman Ellahi Alvi,"House C-31, Muhammad Ali Housing Society, Karachi",0300-8221626,NA-250 (Karachi-XII),Sindh,PTI,2013-06-01,http://www.na.gov.pk/uploads/images/250.jpg,14,http://www.na.gov.pk/en/profile.php?uid=915,pti
916,Syed Ali Raza Abidi,Syed Akhlaq Hussain Abidi,"House,No 20-B/2, Khayaban E Ghazi, Phase V, D.H.A Karachi",0332-2353900,NA-251 (Karachi-XIII),Sindh,MQM,2013-06-01,http://www.na.gov.pk/uploads/images/251.jpg,14,http://www.na.gov.pk/en/profile.php?uid=916,mqm
917,Abdul Rashid Godil,Ahmed,606 Arfif Arcade Bahadurabad Plot No.48 Karachi,0333-3174046,NA-252 (Karachi-XIV),Sindh,MQM,2013-06-01,http://www.na.gov.pk/uploads/images/252.jpg,14,http://www.na.gov.pk/en/profile.php?uid=917,mqm
918,Muhammad Muzammil Qureshi,Abdul Azim,A-274 Block-2 Gulshan-E-Iqbal,0321-2919090,NA-253 (Karachi-XV),Sindh,MQM,2013-06-01,http://www.na.gov.pk/uploads/images/253.jpg,14,http://www.na.gov.pk/en/profile.php?uid=918,mqm
1026,Mr. Muhammad Ali Rashid,Rashid Iqbal,"House No. 4/2, 3rd Zulfiqar Street DHA, Karachi",0300-8244390,NA-254 (Karachi-XVI),Sindh,MQM,2013-09-16,http://www.na.gov.pk/uploads/images/254.--.jpg,14,http://www.na.gov.pk/en/profile.php?uid=1026,mqm
919,Syed Asif Hasnain,Syed Muhammad Hasnain,"House No AA- 2141/07 , Maria Luxary Apartment,Muhalla Shadman Town,North Karachi.",0300-9277831,NA-255 (Karachi-XVII),Sindh,MQM,2013-06-01,http://www.na.gov.pk/uploads/images/255.jpg,14,http://www.na.gov.pk/en/profile.php?uid=919,mqm
920,Iqbal Muhammad Ali Khan,Muhammad Yaqoob Khan,"Flat # D-8-7/14, Maymar Square Gulshan-E-Iqbal Block-14, Karachi.",0300-9273267,NA-256 (Karachi-XVIII),Sindh,MQM,2013-06-01,http://www.na.gov.pk/uploads/images/256.jpg,14,http://www.na.gov.pk/en/profile.php?uid=920,mqm
921,Sajid Ahmed,Abbas Khan,"House No.G-14/1, Khokharapar, Malir.",0300-9206884,NA-257 (Karachi-XIX),Sindh,MQM,2013-06-01,http://www.na.gov.pk/uploads/images/257.jpg,14,http://www.na.gov.pk/en/profile.php?uid=921,mqm
922,Abdul Hakeem Baloch,Abdullah,"Dur Muhammad Goth Dersano Channa, Malir.",0302-2645830,NA-258 (Karachi-XX),Sindh,PML(N),2013-06-01,http://www.na.gov.pk/uploads/images/258.jpg,14,http://www.na.gov.pk/en/profile.php?uid=922,pmln
923,Mehmood Khan Achakzai,Abdul Samad Khan Achakzai,Kawari Road House No.4-39/9 Mohallah Jabbar Colony Quetta,0300-3808061,NA-259 (Quetta),Balochistan,PMAP,2013-06-01,http://www.na.gov.pk/uploads/images/259.jpg,14,http://www.na.gov.pk/en/profile.php?uid=923,pmap
924,Abdul Rahim Mandokhail,Abdul Rehman Mandokhail,"House No. 196 Tehsil Road, Zhob","",NA-260 (QUETTA-CUM-CHANGAI-CUM-NUSHKI (OLD QUETTA-CUM-CHAGAI-CUM-MUSTANG)),Balochistan,PMAP,2013-06-01,http://www.na.gov.pk/uploads/images/260.jpg,14,http://www.na.gov.pk/en/profile.php?uid=924,pmap
1034,Moulvi Agha Muhammad,"","Killi Muhammad Raza, Dist.&Tehsil Pashin.","",NA-261 (Pishin-cum-Ziarat),Balochistan,JUI-F,2013-12-19,http://www.na.gov.pk/uploads/images/261(2).jpg,14,http://www.na.gov.pk/en/profile.php?uid=1034,juif
1027,Mr. Abdul Qahar Khan Wadan,Rahim Dad,"House No. 456, St. No. 13, Mulla Salam Road, Quetta","",NA-262 (Killa Abdullah),Balochistan,PMAP,2013-08-30,http://www.na.gov.pk/uploads/images/262-01.jpg,14,http://www.na.gov.pk/en/profile.php?uid=1027,pmap
927,Molana Ameer Zaman,Haji Bajar,Hashmi Muhallah Ward No. 4 Loralai. (Dob 1952).,0300-3863225,NA-263 (Loralai),Balochistan,JUI-F,2013-06-01,http://www.na.gov.pk/uploads/images/263.jpg,14,http://www.na.gov.pk/en/profile.php?uid=927,juif
928,Moulana Mohammad Khan Sherani,Malik Masoom Khan,Killi Mir Alikhel District Sherani,0333-5233887,NA-264 (Zhob-cum-Killa-Sherani Saifullah),Balochistan,JUI-F,2013-06-01,http://www.na.gov.pk/uploads/images/264.JPG,14,http://www.na.gov.pk/en/profile.php?uid=928,juif
929,Mir Dostain Khan Domki,Mir Hazoor Bakhsh Khan Domki,Mohallah Sardar Chakkar Khan Domki Tehsil & District Sibi,0333-2128882,NA-265 (Sibi-cum-Kolhu-cum-Dera Bugti),Balochistan,PML(N),2013-06-01,http://www.na.gov.pk/uploads/images/265.jpg,14,http://www.na.gov.pk/en/profile.php?uid=929,pmln
930,Zafarullah Khan Jamali,Haji Shahnawaz Khan Jamali,"Rojhan Jamali, Jafarabad","",NA-266 (Nasirabad),Balochistan,PML(N),2013-06-01,http://www.na.gov.pk/uploads/images/NA-266%20szafarullah%20sjamali.jpg,14,http://www.na.gov.pk/en/profile.php?uid=930,pmln
931,Khalid Hussain Magsi,Nawab Saif Ullah Magsi,Jhal Magsi,0334-8385566,NA-267 (Kachhi),Balochistan,PML(N),2013-06-01,http://www.na.gov.pk/uploads/images/267.jpg,14,http://www.na.gov.pk/en/profile.php?uid=931,pmln
932,Sardar Kamal Khan Bangulzai,Bahadur Khan Bangulzai,"Bangulzai House Killi Bangulzai, Sariab Road, Quetta",0300-8384950,NA-268 (Kalat-cum-Mastung Haidri),Balochistan,NP,2013-06-01,http://www.na.gov.pk/uploads/images/268.jpg,14,http://www.na.gov.pk/en/profile.php?uid=932,np
936,Molana Qamar ud Din,"","Gazgi, Khuzdar, Markazi Jamia Masjid, Khuzdar",0333-7983542,NA-269 (Khuzdar),Balochistan,JUI-F,2013-06-01,http://www.na.gov.pk/uploads/images/269..JPG,14,http://www.na.gov.pk/en/profile.php?uid=936,juif
933,Jam Kamal Khan,Jam Mohammad Yousif Khan,Jam House Shuresh Pat Bela Districct Lasbela,051-9103979,NA-270 (Awaran-cum-Lasbella),Balochistan,PML(N),2013-06-01,http://www.na.gov.pk/uploads/images/image.jpeg,14,http://www.na.gov.pk/en/profile.php?uid=933,pmln
934,Lt.G.(R) Abdul Qadir Baloch,Mir Rahim Dad Khan,Killi Qadir Abad Chanal District Kharan,081-2824560-03008287472,NA-271 (Kharan-cum-Panjgur),Balochistan,PML(N),2013-06-01,http://www.na.gov.pk/uploads/images/Abdul%20sQadir%20sBaloch.jpg,14,http://www.na.gov.pk/en/profile.php?uid=934,pmln
935,Sayed Essa Nori,Sayed Dad Karim,Kallag Kulanch Pasni Tehsil Pasni District Gwadar,0324-6655786,NA-272 (Kech-cum-Gwadar),Balochistan,BNP,2013-08-13,http://www.na.gov.pk/uploads/images/272.JPG,14,http://www.na.gov.pk/en/profile.php?uid=935,bnp
976,Nafeesa Inayatullah Khan Khattak,w/o Inayatullah Khan Khattak,"Badrashi Khel, Manki Sharif, Tehsil and District Nowshera","","",Khyber Pukhtunkhwa,PTI,2013-06-01,http://www.na.gov.pk/uploads/images/NA-322%20sNafeesa%20sInaualullah%20sKhan%20sKhattak.jpg,14,http://www.na.gov.pk/en/profile.php?uid=976,pti
977,Mussarat Ahmadzeb,w/o Miangul Ahmed Zaib,"Bar Kalay, Saidu Sharif, Swat","","",Khyber Pukhtunkhwa,PTI,2013-06-01,http://www.na.gov.pk/uploads/images/NA-323%20sMussarat%20sahmadzeb(1).jpg,14,http://www.na.gov.pk/en/profile.php?uid=977,pti
978,Sajida Begum,w/o Zulfiqar Rahim,"House No.203, Street No.1, E-1, Hayatabad, Peshawar","","",Khyber Pukhtunkhwa,PTI,2013-06-01,http://www.na.gov.pk/uploads/images/NA-324%20sSajida%20sBegam.jpg,14,http://www.na.gov.pk/en/profile.php?uid=978,pti
979,Aaisha Gulalai,d/o Shams-ul-Qayum Wazir,"Fata Colony, Warsak Road, Peshawar","","",Khyber Pukhtunkhwa,PTI,2013-06-01,http://www.na.gov.pk/uploads/images/325.jpg,14,http://www.na.gov.pk/en/profile.php?uid=979,pti
980,Shahida Akhtar Ali,w/o Akhtar Ali,"Mohallah Said Khel, Lakki Marwat","","",Khyber Pukhtunkhwa,JUI-F,2013-06-01,http://www.na.gov.pk/uploads/images/Shida%20sAkhter.jpg,14,http://www.na.gov.pk/en/profile.php?uid=980,juif
981,Naeema Kishwar Khan,w/o Kishwar Khan,"Gujar Garhi,Mardan","","",Khyber Pukhtunkhwa,JUI-F,2013-06-01,http://www.na.gov.pk/uploads/images/Naeema%20skishwar.jpg,14,http://www.na.gov.pk/en/profile.php?uid=981,juif
982,Begum Tahira Bukhari,w/o Syed Sardar Shah,"Aman Housing Society, Warsak Road, Peshawar.","","",Khyber Pukhtunkhwa,PML(N),2013-06-01,http://www.na.gov.pk/uploads/images/328.jpg,14,http://www.na.gov.pk/en/profile.php?uid=982,pmln
983,Aisha,w/o Hazrat Syed,"Mohallah Said Rahman Wala, Tando Dag, Patwar Odigram, Tehsil Babuzai, District Swat.","","",Khyber Pukhtunkhwa,JI,2013-06-01,http://www.na.gov.pk/uploads/images/NA-329%20sAyesha%20sSaeed(1).jpg,14,http://www.na.gov.pk/en/profile.php?uid=983,ji
937,Anusha Rahman Ahmad Khan,w/o M. Shabbir Khan,"","","",Punjab,PML(N),2013-06-01,http://www.na.gov.pk/uploads/images/273%20sAnusha%20sRahman%20sAhmad%20sKhan.jpg,14,http://www.na.gov.pk/en/profile.php?uid=937,pmln
938,Zeb Jaffar,w/o Chaudhary Faisal Zulfiqar Ali,"House No.105-P, Rahim Yar Khan","","",Punjab,PML(N),2013-06-01,http://www.na.gov.pk/uploads/images/274.jpg,14,http://www.na.gov.pk/en/profile.php?uid=938,pmln
939,Tahira Aurangzeb,w/o Raja Aurangzeb,"House No.F-780, F-Block, Satellite Town, Rawalpindi.","","",Punjab,PML(N),2013-06-01,http://www.na.gov.pk/uploads/images/275.jpg,14,http://www.na.gov.pk/en/profile.php?uid=939,pmln
940,Parveen Masood Bhatti,w/o Muhammad Masood Bhatti,"House No.C-A-35, Aziz Bhatti Road, Model Town-A, Bahawalpur","","",Punjab,PML(N),2013-06-01,http://www.na.gov.pk/uploads/images/276.JPG,14,http://www.na.gov.pk/en/profile.php?uid=940,pmln
942,Shaista Pervaiz,w/o Muhammad Pervaiz Malik,"House No.142, E-1, Gulberg-III, Lahore","","",Punjab,PML(N),2013-06-01,http://www.na.gov.pk/uploads/images/278.jpg,14,http://www.na.gov.pk/en/profile.php?uid=942,pmln
943,Nighat Parveen,w/o Muhammad Iqbal Butt alias Shehzad Qamar,"House No.110-J, Kanari Bazar, Jhellum","","",Punjab,PML(N),2013-06-01,http://www.na.gov.pk/uploads/images/279.jpg,14,http://www.na.gov.pk/en/profile.php?uid=943,pmln
944,Begum Majeeda Wyne,w/o Ch. Ghulam Haider Wyne (Late),"House No.5/13, Wyne Street, Tehsil Mian Channu, District Khanewal.","","",Punjab,PML(N),2013-06-01,http://www.na.gov.pk/uploads/images/280%20sBegum%20sMajida%20sWyne.jpg,14,http://www.na.gov.pk/en/profile.php?uid=944,pmln
945,Khalida Mansoor,w/o Ch. Khalid Bashir (Late),"House No.18, Street No.1, Block-X, Madina Town, Faisalabad.","","",Punjab,PML(N),2013-06-01,http://www.na.gov.pk/uploads/images/281.jpg,14,http://www.na.gov.pk/en/profile.php?uid=945,pmln
946,Asyia Naz Tanoli,w/o Muhammad Fayyaz Tanoli,"B-III, Lal Rukh, Wah Cantt., District Rawalpindi.","","",Punjab,PML(N),2013-06-01,http://www.na.gov.pk/uploads/images/NA-%20s282%20sAsiya%20sNaz%20sTanoli.jpg,14,http://www.na.gov.pk/en/profile.php?uid=946,pmln
947,Rida Khan,d/o Mushahidullah Khan,"House # 40/C, Allama Iqbal Medical College, Residential Colony, New Campus, Lahore","","",Punjab,PML(N),2013-06-01,http://www.na.gov.pk/uploads/images/283.jpg,14,http://www.na.gov.pk/en/profile.php?uid=947,pmln
948,Seema Mohiuddin Jameeli,w/o Mohiuddin Jameeli,"House No.577-N, Gali No.23, Mohallah Waris Khan, Rawalpindi.","","",Punjab,PML(N),2013-06-01,http://www.na.gov.pk/uploads/images/NA-284%20sSeema%20sJillani.jpg,14,http://www.na.gov.pk/en/profile.php?uid=948,pmln
949,Shahnaz Saleem Malik,w/o Muhammad Saleem Malik,"House No.2, Block-B, Khayaban-e-Sarwar, D.G.Khan.","","",Punjab,PML(N),2013-06-01,http://www.na.gov.pk/uploads/images/285.jpg,14,http://www.na.gov.pk/en/profile.php?uid=949,pmln
950,Leila Khan,d/o Saadat Ali Khan,"House No.9E, Sui Gas Colony, Lahore","","",Punjab,PML(N),2013-06-01,http://www.na.gov.pk/uploads/images/286.jpg,14,http://www.na.gov.pk/en/profile.php?uid=950,pmln
951,Arifa Khalid Parvez,w/o Khalid Parvez,"House No.189/9-A, Asad Jan Road, Lahore Cantt.","","",Punjab,PML(N),2013-06-01,http://www.na.gov.pk/uploads/images/287.jpg,14,http://www.na.gov.pk/en/profile.php?uid=951,pmln
952,Surriya Asghar,w/o Nasir Ahmad,"Village Chanda, Post Office Ramitry, Tehsil Zafarwal, District Narowal.","","",Punjab,PML(N),2013-06-01,http://www.na.gov.pk/uploads/images/288.jpg,14,http://www.na.gov.pk/en/profile.php?uid=952,pmln
953,Shazadi Umarzadi Tiwana,w/o Anjum Rafique,"House No.100 Street No.4A, Sarwar Colony, Sarwar Road, Lahore Cantt.","","",Punjab,PML(N),2013-06-01,http://www.na.gov.pk/uploads/images/289.jpg,14,http://www.na.gov.pk/en/profile.php?uid=953,pmln
954,Maiza Hameed,w/o Ch. Umer Arshad,"Chak No.72/NP, Rahim Yar Khan","","",Punjab,PML(N),2013-06-01,http://www.na.gov.pk/uploads/images/290-Maiza%20sHameed.jpg,14,http://www.na.gov.pk/en/profile.php?uid=954,pmln
955,Farhana Qamar,w/o Qamar Hussain Rashid,"Qamar House, Dhok Chatoor, P.O.Chattar, Tehsil and District Islamabad.","","",Punjab,PML(N),2013-06-01,http://www.na.gov.pk/uploads/images/291.jpg,14,http://www.na.gov.pk/en/profile.php?uid=955,pmln
956,Shaheen Shafiq,w/o Shafique Ahmed Khan,"Chowk Kamranwala, Qaiser Abad, District Multan.","","",Punjab,PML(N),2013-06-01,http://www.na.gov.pk/uploads/images/292.jpg,14,http://www.na.gov.pk/en/profile.php?uid=956,pmln
957,Iffat Liaqat,w/o Ch. Liaquat Ali Khan,"Bhoon Chowk, Chakwal.","","",Punjab,PML(N),2013-06-01,http://www.na.gov.pk/uploads/images/NA-293%20sIffat%20sliaqat.jpg,14,http://www.na.gov.pk/en/profile.php?uid=957,pmln
958,Shazia Ashfaq Mattu,w/o Ch. Ashafaq Ahmad Mattu,"13-B, Garden Town, Gujranwala.","","",Punjab,PML(N),2013-06-01,http://www.na.gov.pk/uploads/images/294.jpg,14,http://www.na.gov.pk/en/profile.php?uid=958,pmln
959,Romina Khurshid Alam,w/o Sohail Sarfraz,"Health Center Wabi, G.T. Road Kamoki, district Gujranwala.","","",Punjab,PML(N),2013-06-01,http://www.na.gov.pk/uploads/images/295%20sRomina%20sKhurshid%20sAlam.jpg,14,http://www.na.gov.pk/en/profile.php?uid=959,pmln
998,Zahra Wadood Fatemi,w/o Tariq A.R. Fatemi,"H.No.38, St. No.4, Chaklala Scheme-III, Rawalpindi","","",Punjab,PML(N),2013-06-03,http://www.na.gov.pk/uploads/images/NA-298%20szahra%20sFatma.jpg,14,http://www.na.gov.pk/en/profile.php?uid=998,pmln
999,Dr. Asma Mamdot,d/o Nawab Zulfiqar Ali Khan Mamdot,"111-G Block, Model Town, Lahore","","",Punjab,PML(N),2013-06-03,http://www.na.gov.pk/uploads/images/NA-299%20sDr.Asma%20smamdot.jpg,14,http://www.na.gov.pk/en/profile.php?uid=999,pmln
1000,Marriyum Aurangzeb,w/o Aly Ud Din Ahmad Taseer,"","","",Punjab,PML(N),2013-06-03,http://www.na.gov.pk/uploads/images/NA-300%20sMayryam.jpg,14,http://www.na.gov.pk/en/profile.php?uid=1000,pmln
1001,Sabiha Nazir,w/o Mansoor Shafi,"12-A Muhammadia Colony, Bahawalpur","","",Punjab,PML(N),2013-06-03,http://www.na.gov.pk/uploads/images/301.JPG,14,http://www.na.gov.pk/en/profile.php?uid=1001,pmln
1002,Amra Khan,w/o Muhammad Abdul Rehman Khan,"C/O Mahmud Ahmad Khan, H. No. 97-B 1/1, Nisar Road, Lahore Cantt, Lahore","","",Punjab,PML(N),2013-06-03,http://www.na.gov.pk/uploads/images/302.jpg,14,http://www.na.gov.pk/en/profile.php?uid=1002,pmln
1003,Phyllis Azeem,w/o Dr. Nelson Azeem,"Christian Hospital, Bara Pathar, Kashmir Road, Sialkot","","",Punjab,PML(N),2013-06-03,http://www.na.gov.pk/uploads/images/NA-303%20sphyllis%20sAzeem.jpg,14,http://www.na.gov.pk/en/profile.php?uid=1003,pmln
1004,Shaza Fatima Khawaja,d/o Khawaja Muhammad Naeem,"116 Mehmood Ghaznawi Road, Sialkot Cantt, Sialkot","","",Punjab,PML(N),2013-06-03,http://www.na.gov.pk/uploads/images/304.jpg,14,http://www.na.gov.pk/en/profile.php?uid=1004,pmln
1005,Tahmina Daultana,d/o Mian Riaz Daultana,"H. No, 3-B, B-Block, DHA, Phase-I, Lahore","","",Punjab,PML(N),2013-06-03,http://www.na.gov.pk/uploads/images/na-169(1).jpg,14,http://www.na.gov.pk/en/profile.php?uid=1005,pmln
960,Dr. Shireen Mehrunnisa Mazari,w/o Tabish Aitbar Hazir,"House No.248, Street No.23, E-7, Islamabad.","","",Punjab,PTI,2013-06-01,http://www.na.gov.pk/uploads/images/296-Shireen%20sMehrunnisa%20sMazari.jpg,14,http://www.na.gov.pk/en/profile.php?uid=960,pti
961,Munaza Hassan,w/o Muneer-ul-Hassan,"Dera Taj Shah, Bedan Road, Lahore.","","",Punjab,PTI,2013-06-01,http://www.na.gov.pk/uploads/images/297.jpg,14,http://www.na.gov.pk/en/profile.php?uid=961,pti
1009,Mrs. Belum Hasnain,"","House# 46-E-1, Gulberg-III, Lahore","","",Punjab,PPPP,2013-06-05,http://www.na.gov.pk/uploads/images/rs-punjab-20(1).jpg,14,http://www.na.gov.pk/en/profile.php?uid=1009,pppp
1015,Shakila Luqman,Dr. Khalid Luqman Chaudhary,"63/3/C-Block, DHA, Lahore","","",Punjab,PML(N),2013-06-27,http://www.na.gov.pk/uploads/images/304....jpg,14,http://www.na.gov.pk/en/profile.php?uid=1015,pmln
1043,Mst. Kiran Imran Dar,Imran Iqbal Butt,"House No.304/G, Gulshan-e-Ravi, Lahore","","",Punjab,PML(N),2015-04-27,http://www.na.gov.pk/uploads/images/Kiran-Dar-New-MNA.jpg,14,http://www.na.gov.pk/en/profile.php?uid=1043,pmln
1038,Dr. Fouzia Hameed,W/o Abdul Hameed Anjum,"14-D, Askari-III, School Road, Karachi Cantt.","","",Sindh,MQM,2014-08-04,http://www.na.gov.pk/uploads/images/316.jpg,14,http://www.na.gov.pk/en/profile.php?uid=1038,mqm
963,Ms Shagufta Jumani,D/o Al-haj Pir Muhammad,"Jarar Pota Mohallah, Matiari.","","",Sindh,PPPP,2013-06-03,http://www.na.gov.pk/uploads/images/308-%20sShagufta%20sJumani.jpg,14,http://www.na.gov.pk/en/profile.php?uid=963,pppp
964,Ms. Nafisa Shah,d/o Syed Qaim Ali Shah,"Jilani Mohallah, Khairpur","","",Sindh,PPPP,2013-06-01,http://www.na.gov.pk/uploads/images/310.jpg,14,http://www.na.gov.pk/en/profile.php?uid=964,pppp
1029,Ms. Suraiya Jatoi,W/O Mr. Ziauddin Jatoi,"House No. 151, 37th Street, Khayaban-e-Muslim, Phase-VI, DHA Karachi","","",Sindh,PPPP,2013-09-16,http://www.na.gov.pk/uploads/images/NA-310%20sSuraiya%20sJatoi.jpg,14,http://www.na.gov.pk/en/profile.php?uid=1029,pppp
966,Mrs. Mahreen Razaque Bhutto,D/o Abdul Razaque,"Jilani Mohallah, Khairpur","","",Sindh,PPPP,2013-06-01,http://www.na.gov.pk/uploads/images/312.jpg,14,http://www.na.gov.pk/en/profile.php?uid=966,pppp
967,Mrs. Alizeh Iqbal Haider,D/o Syed Iqbal Haider,"D-25, Block-IV, Clifton, Karachi","","",Sindh,PPPP,2013-06-01,http://www.na.gov.pk/uploads/images/313.jpg,14,http://www.na.gov.pk/en/profile.php?uid=967,pppp
968,Mrs. Musarat Rafique Mahesar,w/o Rafi Ahmed Mahesar,"Village Gahi Mahesar, Taluka Mehar, district Dadu.","","",Sindh,PPPP,2013-06-01,http://www.na.gov.pk/uploads/images/314.jpg,14,http://www.na.gov.pk/en/profile.php?uid=968,pppp
962,Mrs. Shahida Rehmani,w/o M. Abid Rehmani,"Suite No.402-H, Parliament Lodges, Islamabad","","",Sindh,PPPP,2013-06-03,http://www.na.gov.pk/uploads/images/308.JPG,14,http://www.na.gov.pk/en/profile.php?uid=962,pppp
969,Kishwer Zehra,w/o Syed Rashid Mehdi,"House No.179-D, KDA, Scheme-1, Tipu Sultan Road,Karachi","","",Sindh,MQM,2013-06-01,http://www.na.gov.pk/uploads/images/kishwar%20sZara.jpg,14,http://www.na.gov.pk/en/profile.php?uid=969,mqm
971,Saman Sultana Jafri,d/o S.Makhmoor Hassan Jafri,"B-148, Block-6, Gulshan-e-Iqbal, Karachi","","",Sindh,MQM,2013-06-01,http://www.na.gov.pk/uploads/images/317.JPG,14,http://www.na.gov.pk/en/profile.php?uid=971,mqm
972,Dr. Nikhat Shakeel Khan,w/o Shakeel Ahmed Khan,"A-230, Long Life Homes, Block-17, Gulshan-e-Johar, Karachi","","",Sindh,MQM,2013-06-01,http://www.na.gov.pk/uploads/images/318.jpg,14,http://www.na.gov.pk/en/profile.php?uid=972,mqm
973,Reeta Ishwar,w/o Ishwar Lal,"05-Khayaban-e-Badar, DHA, Karachi","","",Sindh,PML-F,2013-06-01,http://www.na.gov.pk/uploads/images/319%20sReeta%20sIshwar.jpg,14,http://www.na.gov.pk/en/profile.php?uid=973,pmlf
974,Shahjehan,w/o Muneer Ahmed Mangrio,"Sardar Muneer Mangrio, Near Civil Hospital, Arisha Cottage No.8, Sukkur","","",Sindh,NPP,2013-06-01,http://www.na.gov.pk/uploads/images/Shajhan-320.jpg,14,http://www.na.gov.pk/en/profile.php?uid=974,npp
975,Marvi Memon,d/o Nisar Memon,"Jhokia Mohallah, Near Baba Bokhari Darga, Gharo, Mirpursakro, Thatta.",https://twitter.com/marvi_memon,"",Sindh,PML(N),2013-06-01,http://www.na.gov.pk/uploads/images/321.jpg,14,http://www.na.gov.pk/en/profile.php?uid=975,pmln
984,Kiran Haider,w/o Ghulam Haider Lodhi,"Seven star Banglows, House No. 46-A, Jinnah Town, Quetta.","","",Balochistan,PML(N),2013-06-01,http://www.na.gov.pk/uploads/images/330-.jpg,14,http://www.na.gov.pk/en/profile.php?uid=984,pmln
985,Mst. Naseema,w/o Hafeez-ur-Rehman,"House No.269-C, Main Street Sumngli Housing Scheme, Quetta","","",Balochistan,PMAP,2013-06-01,http://www.na.gov.pk/uploads/images/331.jpg,14,http://www.na.gov.pk/en/profile.php?uid=985,pmap
986,Mrs. Aliya Kamran,w/o Kamran Murtaza,"House No.70, Smungli Housing Scheme, Quetta.","","",Balochistan,JUI-F,2013-06-01,"http://www.na.gov.pk/uploads/images/Alia%20sKamran%20s,MNA.jpg",14,http://www.na.gov.pk/en/profile.php?uid=986,juif
987,Dr. Darshan,Pirbhu Mal,"Wasan Shah Mohallah, Mirpur Mathelo, District Ghotki",0302-3155300,"","",PML(N),2013-06-01,http://www.na.gov.pk/uploads/images/333.jpg,14,http://www.na.gov.pk/en/profile.php?uid=987,pmln
997,Dr. Ramesh Kumar Vankwani,Sital Das,Residence of Islam Kot Tehsil Mithi District Tharparkar,0333-2277370,"","",PML(N),2013-06-01,http://www.na.gov.pk/uploads/images/Ramesh%20s03.jpg,14,http://www.na.gov.pk/en/profile.php?uid=997,pmln
988,Bhawan Das,Tahil Ram,"House No.1-B/31, Mohallah Qazi Sinjhoro, District Sanghar.",0300-8264655,"","",PML(N),2013-06-01,http://www.na.gov.pk/uploads/images/Bhawan%20sDas.jpg,14,http://www.na.gov.pk/en/profile.php?uid=988,pmln
989,Isphanyar M. Bhandara,M.P. Bhandara,"House No.1, Murree Brewery Estate, National Park Road, Rawalpindi.",0300-8500100,"","",PML(N),2013-06-01,http://www.na.gov.pk/uploads/images/335.jpg,14,http://www.na.gov.pk/en/profile.php?uid=989,pmln
990,Tariq Christopher Qaiser,Chaudhary C.L. Qaiser,"House No.241, University Road, Rehmat Park, Sargodha",0300-8602601,"","",PML(N),2013-06-01,http://www.na.gov.pk/uploads/images/336.jpg,14,http://www.na.gov.pk/en/profile.php?uid=990,pmln
991,Khalil George,George Francis,"House No.2/106/10, Near Gym Khana, Joint Road, Quetta.",0300-9386151;051-9213830,"","",PML(N),2013-06-01,http://www.na.gov.pk/uploads/images/pic25.jpg,14,http://www.na.gov.pk/en/profile.php?uid=991,pmln
992,Ramesh Lal,Madan Lal,"House No.B-1275/82, Habib Masjid, Shahdadkot, Larkana.",0300-5192504,"","",PPPP,2013-06-01,http://www.na.gov.pk/uploads/images/338.jpg,14,http://www.na.gov.pk/en/profile.php?uid=992,pppp
993,Lal Chand Malhi,Pirbhu Lal,"Ward No.312, Malhi Para, Umerkot, Sindh",0300-3302662,"","",PTI,2013-06-03,http://www.na.gov.pk/uploads/images/339.jpg,14,http://www.na.gov.pk/en/profile.php?uid=993,pti
994,Sanjay Perwani,Gobind Perwani,"House No. 1-A, Block 2, Scheme 1 Satellite Town Mirpurkhas",0300-8246000,"","",MQM,2013-06-01,http://www.na.gov.pk/uploads/images/340.jpg,14,http://www.na.gov.pk/en/profile.php?uid=994,mqm
995,Aasiya Nasir,w/o Nasir Masih,"Nasir House, Arbab Karam Khan Road, Quetta.","","","",JUI-F,2013-06-01,http://www.na.gov.pk/uploads/images/341%20sAasiya%20sNasir.JPG,14,http://www.na.gov.pk/en/profile.php?uid=995,juif
