id,name,date of birth,email,faction,faction_id,area,term,start_date,start reason,end_date,reason for leaving
8f01f37d-be79-47d2-b818-c51878a00628,Rein Ratas,1938-05-09,Rein.Ratas@riigikogu.ee,Eesti Keskerakonna fraktsioon,KESK,Tallinna Mustamäe ja Nõmme linnaosa,13,,,,
f70a1d6a-aa98-4a6b-9ffb-ff2f45f9739c,Ivi Eenmaa,1943-06-02,Ivi.Eenmaa@riigikogu.ee,Eesti Reformierakonna fraktsioon,RE,"Tallinna Kesklinna, Lasnamäe ja Pirita linnaosa",13,2015-04-09,Substitute member for Arto Aas,,
e0767645-54aa-4084-9dd3-ed196172dabb,Vladimir Velman,1945-09-25,Vladimir.Velman@riigikogu.ee,Eesti Keskerakonna fraktsioon,KESK,Harju- ja Raplamaa,13,,,,
afddc160-d868-4f2e-b3a6-3da9da83104e,Mark Soosaar,1946-01-12,Mark.Soosaar@riigikogu.ee,Sotsiaaldemokraatliku Erakonna fraktsioon,SDE,Pärnumaa,13,2015-04-09,Substitute member for Indrek Saar,,
07132cc4-5afc-4edb-9537-7c721ec39b2d,Enn Eesmaa,1946-06-07,Enn.Eesmaa@riigikogu.ee,Eesti Keskerakonna fraktsioon,KESK,"Hiiu-, Lääne- ja Saaremaa ",13,,,,
40766949-940e-4530-9377-1532bc22501b,Heimar Lenk,1946-09-17,Heimar.Lenk@riigikogu.ee,Eesti Keskerakonna fraktsioon,KESK,"Võru-, Valga- ja Põlvamaa ",13,,,,
d43974f1-4b85-4e61-b9f6-67535e1bf19f,Arno Sild,1947-04-26,Arno.Sild@riigikogu.ee,Eesti Konservatiivse Rahvaerakonna fraktsioon,EKRE,"Võru-, Valga- ja Põlvamaa ",13,,,,
764a05b8-221d-4b65-b87b-a9b1f8b569fa,Jüri Adams,1947-11-22,Jyri.Adams@riigikogu.ee,Eesti Vabaerakonna fraktsioon,EVA,Tartu linn,13,,,,
103bdae6-c980-4bd4-8e57-e8af4df13f4b,Ants Laaneots,1948-01-16,Ants.Laaneots@riigikogu.ee,Eesti Reformierakonna fraktsioon,RE,Tartu linn,13,,,,
2240eda3-3fe9-457a-ab4f-2c52a4382c3c,Kalev Kallo,1948-12-06,Kalev.Kallo@riigikogu.ee,Eesti Keskerakonna fraktsioon,KESK,"Tallinna Haabersti, Põhja-Tallinna ja Kristiine linnaosa ",13,,,2015-04-23,Became The Chairman of Tallinn City Council and resigned as an MP
4b96f3e5-af5e-41ce-86c9-3fdee3ce51da,Mart Helme,1949-10-31,Mart.Helme@riigikogu.ee,Eesti Konservatiivse Rahvaerakonna fraktsioon,EKRE,Pärnumaa,13,,,,
fd6447a4-c040-4955-b47f-b5634f0fd532,Edgar Savisaar,1950-05-31,Edgar.Savisaar@riigikogu.ee,Fraktsiooni mittekuuluvad Riigikogu liikmed,IND,"Tallinna Kesklinna, Lasnamäe ja Pirita linnaosa ",13,,,,
233ac42e-573c-400e-8568-0ac3d4c107f9,Aadu Must,1951-03-25,Aadu.Must@riigikogu.ee,Eesti Keskerakonna fraktsioon,KESK,Tartu linn,13,,,,
ec4c481a-8727-490a-b90e-cbefeac9564e,Marika Tuus-Laul,1951-05-12,Marika.Tuus-Laul@riigikogu.ee,Eesti Keskerakonna fraktsioon,KESK,Jõgeva- ja Tartumaa,13,,,,
b0eb11ef-75b9-4427-b8d0-20d38af2903a,Raivo Põldaru,1951-05-29,Raivo.Poldaru@riigikogu.ee,Eesti Konservatiivse Rahvaerakonna fraktsioon,EKRE,Jõgeva- ja Tartumaa,13,,,,
5958ba28-6672-426f-b533-bea2f9c8d64e,Igor Gräzin,1952-06-27,Igor.Grazin@riigikogu.ee,Eesti Reformierakonna fraktsioon,RE,Jõgeva- ja Tartumaa,13,,,,
bbbcacb7-c34f-48b7-a2ba-1680c93ff810,Viktor Vassiljev,1953-04-09,Viktor.Vassiljev@riigikogu.ee,Eesti Keskerakonna fraktsioon,KESK,"Tallinna Haabersti, Põhja-Tallinna ja Kristiine linnaosa ",13,,,,
81aecc23-8483-48d6-9217-289fce86b1b5,Eiki Nestor,1953-09-05,Eiki.Nestor@riigikogu.ee,Sotsiaaldemokraatliku Erakonna fraktsioon,SDE,"Tallinna Haabersti, Põhja-Tallinna ja Kristiine linnaosa ",13,,,,
3c54682c-4050-471a-bd09-27481a034f82,Maire Aunaste,1953-11-07,Maire.Aunaste@riigikogu.ee,Isamaa ja Res Publica Liidu fraktsioon,IRL,"Võru-, Valga- ja Põlvamaa ",13,,,,
76afbcdc-b41d-4fc6-b5eb-d0cce01e94d5,Tarmo Tamm,1953-12-03,Tarmo.Tamm@riigikogu.ee,Eesti Keskerakonna fraktsioon,KESK,"Võru-, Valga- ja Põlvamaa ",13,,,,
13938f95-f891-4607-a67e-d11a65dc79a3,Jaak Aaviksoo,1954-01-11,Jaak.Aaviksoo@riigikogu.ee,Isamaa ja Res Publica Liidu fraktsioon,IRL,"Võru-, Valga- ja Põlvamaa ",13,,,,
caea357b-12c0-4069-b53e-89f69f517212,Kersti Sarapuu,1954-05-05,Kersti.Sarapuu@riigikogu.ee,Eesti Keskerakonna fraktsioon,KESK,Järva- ja Viljandimaa,13,,,,
e3adcdb3-582b-411a-9132-4dc292c56bb0,Ain Lutsepp,1954-05-06,Ain.Lutsepp@riigikogu.ee,Eesti Vabaerakonna fraktsioon,EVA,Tallinna Mustamäe ja Nõmme linnaosa,13,,,,
0c571754-914d-406a-baba-6734212353de,Urve Tiidus,1954-06-06,Urve.Tiidus@riigikogu.ee,Eesti Reformierakonna fraktsioon,RE,"Hiiu-, Lääne- ja Saaremaa ",13,,,,
29e61beb-0bb5-4d05-929a-1976f3642699,Valeri Korb,1954-07-03,Valeri.Korb@riigikogu.ee,Eesti Keskerakonna fraktsioon,KESK,Ida-Virumaa,13,,,,
f45d0388-db27-47eb-b13d-f6d147ef4d6e,Uno Kaskpeit,1957-06-08,Uno.Kaskpeit@riigikogu.ee,Eesti Konservatiivse Rahvaerakonna fraktsioon,EKRE,"Võru-, Valga- ja Põlvamaa ",13,,,,
312dba1d-041b-4add-a41e-cebf0346434e,Hardi Volmer,1957-11-08,Hardi.Volmer@riigikogu.ee,Sotsiaaldemokraatliku Erakonna fraktsioon,SDE,Harju- ja Raplamaa,13,2015-04-09,Substitute member for Sven Mikser,,
6754a130-b469-4b64-a992-68407a9658a0,Kalle Muuli,1958-01-10,Kalle.Muuli@riigikogu.ee,Isamaa ja Res Publica Liidu fraktsioon,IRL,Tartu linn,13,2015-04-09,Substitute member for Margus Tsahkna,,
966e7ccd-b097-4e49-923c-c8d39dae2d62,Valdo Randpere,1958-02-04,Valdo.Randpere@riigikogu.ee,Eesti Reformierakonna fraktsioon,RE,Lääne-Virumaa,13,,,,
ed14baf6-eddf-46f6-bff2-21503139d1ec,Krista Aru,1958-08-01,Krista.Aru@riigikogu.ee,Eesti Vabaerakonna fraktsioon,EVA,Tartu linn,13,,,,
b5922bb2-56bb-4de6-a7e1-754553191c27,Heljo Pikhof,1958-10-20,Heljo.Pikhof@riigikogu.ee,Sotsiaaldemokraatliku Erakonna fraktsioon,SDE,Tartu linn,13,,,,
c0c7bea2-4c5e-4295-9c0f-dca52d602098,Jürgen Ligi,1959-07-16,Jyrgen.Ligi@riigikogu.ee,Eesti Reformierakonna fraktsioon,RE,Järva- ja Viljandimaa,13,,,2015-04-08,Became Minister of Education and Research
f8c52c41-38b3-41bd-b5fe-a3245d518404,Einar Vallbaum,1959-10-09,Einar.Vallbaum@riigikogu.ee,Isamaa ja Res Publica Liidu fraktsioon,IRL,Lääne-Virumaa,13,2015-04-09,Substitute member for Marko Pomerants,,
ae55c88e-c202-4290-832b-b4e2fb5086ed,Johannes Kert,1959-12-03,Johannes.Kert@riigikogu.ee,Eesti Reformierakonna fraktsioon,RE,Järva- ja Viljandimaa,13,,,,
d3e66a59-2b53-4d49-af9a-d0beead8b936,Toomas Vitsut,1960-01-01,Toomas.Vitsut@riigikogu.ee,Eesti Keskerakonna fraktsioon,KESK,"Tallinna Kesklinna, Lasnamäe ja Pirita linnaosa ",13,,,,
65b1d8bb-7f45-48f5-b4aa-7ba4ca459824,Henn Põlluaas,1960-02-16,Henn.Polluaas@riigikogu.ee,Eesti Konservatiivse Rahvaerakonna fraktsioon,EKRE,Harju- ja Raplamaa,13,,,,
2dcb35ed-acbc-4bcf-9e9d-9da681842d6d,Aivar Kokk,1960-04-15,Aivar.Kokk@riigikogu.ee,Isamaa ja Res Publica Liidu fraktsioon,IRL,Jõgeva- ja Tartumaa,13,,,,
03cb82b4-1b8b-45a8-8660-07baefea12fd,Märt Sults,1961-03-24,Mart.Sults@riigikogu.ee,Eesti Keskerakonna fraktsioon,KESK,"Tallinna Haabersti, Põhja-Tallinna ja Kristiine linnaosa ",13,,,,
1d0b281d-b769-4e94-8c67-faa1cb1b1395,Helmen Kütt,1961-07-28,Helmen.Kytt@riigikogu.ee,Sotsiaaldemokraatliku Erakonna fraktsioon,SDE,Järva- ja Viljandimaa,13,,,,
529e5322-1170-4926-a07e-6ed369534503,Mihhail Stalnuhhin,1961-09-15,Mihhail.Stalnuhhin@riigikogu.ee,Eesti Keskerakonna fraktsioon,KESK,Ida-Virumaa,13,,,,
e0fc4e6d-c527-4fec-8854-ddceb43cffc3,Marianne Mikko,1961-09-26,Marianne.Mikko@riigikogu.ee,Sotsiaaldemokraatliku Erakonna fraktsioon,SDE,"Tallinna Haabersti, Põhja-Tallinna ja Kristiine linnaosa",13,2015-04-09,Substitute member for Urve Palo,,
01e6473e-8d4d-4b94-9266-0e5082e94942,Andres Ammas,1962-02-25,Andres.Ammas@riigikogu.ee,Eesti Vabaerakonna fraktsioon,EVA,"Hiiu-, Lääne- ja Saaremaa ",13,,,,
cabaad00-b521-4b45-aed2-67946e6baeb9,Mart Nutt,1962-03-21,Mart.Nutt@riigikogu.ee,Isamaa ja Res Publica Liidu fraktsioon,IRL,Tallinna Mustamäe ja Nõmme linnaosa,13,2015-04-09,Substitute member for Urmas Reinsalu,,
bec6cb23-f13e-411b-9393-a3e4fb59378b,Raivo Aeg,1962-07-04,Raivo.Aeg@riigikogu.ee,Isamaa ja Res Publica Liidu fraktsioon,IRL,"Hiiu-, Lääne- ja Saaremaa ",13,,,,
ccf992ae-380e-46a9-97e7-8fa4da648262,Andres Herkel,1962-08-14,Andres.Herkel@riigikogu.ee,Eesti Vabaerakonna fraktsioon,EVA,"Tallinna Kesklinna, Lasnamäe ja Pirita linnaosa ",13,,,,
7b6823ed-96f9-462b-b931-3dd4faceb09e,Vilja Savisaar-Toomast,1962-08-15,Vilja.Savisaar-Toomast@riigikogu.ee,Eesti Reformierakonna fraktsioon,RE,"Tallinna Haabersti, Põhja-Tallinna ja Kristiine linnaosa",13,2015-04-09,Substitute member for Kristen Michal,,
906f1a0a-0000-4a96-866c-b30f2b6adc49,Toomas Kivimägi,1963-02-16,Toomas.Kivimagi@riigikogu.ee,Eesti Reformierakonna fraktsioon,RE,Pärnumaa,13,,,,
13fe7449-a3ec-4e2e-86aa-256d8ce8475c,Jaanus Marrandi,1963-03-23,Jaanus.Marrandi@riigikogu.ee,Sotsiaaldemokraatliku Erakonna fraktsioon,SDE,Järva- ja Viljandimaa,13,,,,
e6c4032b-6803-4a5e-b857-f181c1a81685,Artur Talvik,1964-06-13,Artur.Talvik@riigikogu.ee,Eesti Vabaerakonna fraktsioon,EVA,Harju- ja Raplamaa,13,,,,
88e36468-1e0f-4b6f-9872-1c7025d2f66b,Laine Randjärv,1964-07-30,Laine.Randjarv@riigikogu.ee,Eesti Reformierakonna fraktsioon,RE,Harju- ja Raplamaa,13,,,,
23161df7-bc1b-442e-b4cd-2d1f37627658,Helir-Valdor Seeder,1964-09-07,Helir-Valdor.Seeder@riigikogu.ee,Isamaa ja Res Publica Liidu fraktsioon,IRL,Järva- ja Viljandimaa,13,,,,
85b88dbc-3406-44a0-9aff-49394fd4e9a2,Marko Pomerants,1964-09-24,Marko.Pomerants@riigikogu.ee,Isamaa ja Res Publica Liidu fraktsioon,IRL,Lääne-Virumaa,13,,,2015-04-08,Became Minister of the Environment
5650dddf-f2ca-4b94-8888-e7482808f81b,Aivar Sõerd,1964-11-22,Aivar.Soerd@riigikogu.ee,Eesti Reformierakonna fraktsioon,RE,Harju- ja Raplamaa,13,,,,
56240b7a-f393-479e-8fa4-8267be56d125,Ivari Padar,1965-03-12,Ivari.Padar@riigikogu.ee,Sotsiaaldemokraatliku Erakonna fraktsioon,SDE,"Võru-, Valga- ja Põlvamaa ",13,,,,
410c0030-7bcd-4977-85c2-27af3439770f,Mati Raidma,1965-04-07,Mati.Raidma@riigikogu.ee,Eesti Reformierakonna fraktsioon,RE,Jõgeva- ja Tartumaa,13,2015-04-09,Substitute member for Urmas Kruuse,,
4a332fbb-be05-4cb2-b6a0-5916eb40fe89,Urmas Kruuse,1965-07-14,Urmas.Kruuse@riigikogu.ee,Eesti Reformierakonna fraktsioon,RE,Jõgeva- ja Tartumaa,13,,,2015-04-08,Became Minister of Rural Affairs
31eee189-0019-469f-8469-7da564bf1af9,Kalle Laanet,1965-09-25,Kalle.Laanet@riigikogu.ee,Eesti Reformierakonna fraktsioon,RE,"Hiiu-, Lääne- ja Saaremaa ",13,,,,
09500870-255e-416d-8eda-f80e9929adda,Jüri Jaanson,1965-10-14,Jyri.Jaanson@riigikogu.ee,Eesti Reformierakonna fraktsioon,RE,Pärnumaa,13,,,,
315ea785-8f59-40e5-a158-3de8b908572f,Maris Lauri,1966-01-01,Maris.Lauri@riigikogu.ee,Eesti Reformierakonna fraktsioon,RE,Tallinna Mustamäe ja Nõmme linnaosa,13,,,,
bd171edb-9d99-483e-acc1-dfca5d6deb18,Juhan Parts,1966-08-27,Juhan.Parts@riigikogu.ee,Isamaa ja Res Publica Liidu fraktsioon,IRL,"Tallinna Kesklinna, Lasnamäe ja Pirita linnaosa ",13,,,,
c79c2162-d406-445a-91bb-4c4f9556efb2,Terje Trei,1967-05-01,Terje.Trei@riigikogu.ee,Eesti Reformierakonna fraktsioon,RE,Jõgeva- ja Tartumaa,13,,,,
b2226516-4cd4-4471-b93b-696c40b7a9e2,Eerik-Niiles Kross,1967-09-08,Eerik-Niiles.Kross@riigikogu.ee,Eesti Reformierakonna fraktsioon,RE,Tallinna Mustamäe ja Nõmme linnaosa,13,2015-03-27,Substitute member for Urmas Paet,,
40521bc5-281e-4d9b-a56d-f99be029ecaf,Mihkel Raud,1969-01-18,Mihkel.Raud@riigikogu.ee,Sotsiaaldemokraatliku Erakonna fraktsioon,SDE,Tartu linn,13,,,,
a137f382-44af-44b6-8ce7-1bfe7cc23007,Imre Sooäär,1969-03-13,Imre.Sooaar@riigikogu.ee,Eesti Reformierakonna fraktsioon,RE,"Tallinna Kesklinna, Lasnamäe ja Pirita linnaosa",13,2015-04-09,Substitute member for Keit Pentus-Rosimannus,,
d29b95db-3b4d-43de-802d-652c32199211,Andres Anvelt,1969-09-30,Andres.Anvelt@riigikogu.ee,Sotsiaaldemokraatliku Erakonna fraktsioon,SDE,"Tallinna Kesklinna, Lasnamäe ja Pirita linnaosa ",13,,,,
58be6531-1f4b-4b0b-9c21-92566a40ae8b,Marko Mihkelson,1969-11-30,Marko.Mihkelson@riigikogu.ee,Isamaa ja Res Publica Liidu fraktsioon,IRL,Harju- ja Raplamaa,13,,,,
49d964ea-2e35-4075-913e-18587fcb64cc,Meelis Mälberg,1970-04-26,Meelis.Malberg@riigikogu.ee,Eesti Reformierakonna fraktsioon,RE,"Võru-, Valga- ja Põlvamaa",13,2015-04-09,Substitute member for Hanno Pevkur,,
ef97dd2d-40d0-4d80-866d-4ef6e71995f1,Madis Milling,1970-11-24,Madis.Milling@riigikogu.ee,Eesti Reformierakonna fraktsioon,RE,Harju- ja Raplamaa,13,,,,
b9feb51b-6b6c-4ca0-b6c2-de0d0fd89aa8,Hannes Hanso,1971-10-06,Hannes.Hanso@riigikogu.ee,Sotsiaaldemokraatliku Erakonna fraktsioon,SDE,"Hiiu-, Lääne- ja Saaremaa ",13,,,,
fdeb3c21-d9cf-46e9-8173-3fb22cd872ba,Andre Sepp,1971-10-25,Andre.Sepp@riigikogu.ee,Eesti Reformierakonna fraktsioon,RE,Harju- ja Raplamaa,13,2015-04-09,Substitute member for Taavi Rõivas,,
5ea230e2-5d34-46e1-9e4c-3966903f6b15,Monika Haukanõmm,1972-05-22,Monika.Haukanomm@riigikogu.ee,Eesti Vabaerakonna fraktsioon,EVA,"Tallinna Kesklinna, Lasnamäe ja Pirita linnaosa ",13,,,,
c91bc287-d95b-4d95-aded-f7a142c1e599,Urve Palo,1972-07-10,Urve.Palo@riigikogu.ee,Sotsiaaldemokraatliku Erakonna fraktsioon,SDE,Harju- ja Raplamaa,13,,,2015-04-08,Became Minister of Entrepreneurship
58378026-b797-4bf2-89fc-31a73d9219b3,Indrek Saar,1973-02-20,Indrek.Saar@riigikogu.ee,Sotsiaaldemokraatliku Erakonna fraktsioon,SDE,Lääne-Virumaa,13,,,2015-04-08,Became Minister of Culture
8719c4cd-291e-4216-b3e1-8b5a0d7902fb,Sven Mikser,1973-11-08,Sven.Mikser@riigikogu.ee,Sotsiaaldemokraatliku Erakonna fraktsioon,SDE,Harju- ja Raplamaa,13,,,2015-04-08,Became Minister of Defence
e796fa83-54c6-4aa2-a05a-166f331508fa,Ken-Marti Vaher,1974-09-05,Ken-Marti.Vaher@riigikogu.ee,Isamaa ja Res Publica Liidu fraktsioon,IRL,"Tallinna Haabersti, Põhja-Tallinna ja Kristiine linnaosa ",13,,,,
e8df7efa-a72a-495c-a485-7ff8c0a177d8,Lauri Laasi,1974-09-12,Lauri.Laasi@riigikogu.ee,Eesti Keskerakonna fraktsioon,KESK,"Tallinna Haabersti, Põhja-Tallinna ja Kristiine linnaosa ",13,,,,
46fa9a7c-7055-444f-8c55-ea640d1d95d6,Kalvi Kõva,1974-11-16,Kalvi.Kova@riigikogu.ee,Sotsiaaldemokraatliku Erakonna fraktsioon,SDE,"Võru-, Valga- ja Põlvamaa ",13,,,,
74f8df6d-6f4d-410b-8b45-bf58922cf421,Mailis Reps,1975-01-13,Mailis.Reps@riigikogu.ee,Eesti Keskerakonna fraktsioon,KESK,Järva- ja Viljandimaa,13,,,,
cb6b45a7-5dcb-4a3b-bb18-2b79fe3278ae,Heidy Purga,1975-03-18,Heidy.Purga@riigikogu.ee,Eesti Reformierakonna fraktsioon,RE,"Tallinna Haabersti, Põhja-Tallinna ja Kristiine linnaosa ",13,,,,
a78027e5-2480-49f2-a340-ee88daf92d53,Urmas Reinsalu,1975-06-22,Urmas.Reinsalu@riigikogu.ee,Isamaa ja Res Publica Liidu fraktsioon,IRL,Tallinna Mustamäe ja Nõmme linnaosa,13,,,2015-04-08,Became Minister of Justice
84bf9004-a454-44c9-8696-5337c74ff486,Kristen Michal,1975-07-02,Kristen.Michal@riigikogu.ee,Eesti Reformierakonna fraktsioon,RE,"Tallinna Haabersti, Põhja-Tallinna ja Kristiine linnaosa ",13,,,2015-04-08,Became Minister of Economic Affairs and Infrastructure
e87a03b8-08cf-4b88-8a28-f26da1d65e30,Keit Pentus-Rosimannus,1976-03-03,Keit.Pentus-Rosimannus@riigikogu.ee,Eesti Reformierakonna fraktsioon,RE,"Tallinna Kesklinna, Lasnamäe ja Pirita linnaosa ",13,,,2015-04-08,Became Minister of Foreign Affairs
98008392-64a2-4429-8a41-fb051823e402,Martin Helme,1976-04-24,Martin.Helme@riigikogu.ee,Eesti Konservatiivse Rahvaerakonna fraktsioon,EKRE,Tallinna Mustamäe ja Nõmme linnaosa,13,,,,
059a2370-53f7-480c-9700-8d33d0496560,Tanel Talve,1976-08-13,Tanel.Talve@riigikogu.ee,Sotsiaaldemokraatliku Erakonna fraktsioon,SDE,Jõgeva- ja Tartumaa,13,,,,
124415a9-7640-4ec6-aa07-fc402b67af56,Anne Sulling,1976-10-12,Anne.Sulling@riigikogu.ee,Eesti Reformierakonna fraktsioon,RE,Tartu linn,13,,,,
382d928f-8fa4-422b-9538-043ff3033b65,Kadri Simson,1977-01-22,Kadri.Simson@riigikogu.ee,Eesti Keskerakonna fraktsioon,KESK,Pärnumaa,13,,,,
94351dfe-449e-48db-9396-06cf204ce22e,Jaanus Karilaid,1977-02-01,Jaanus.Karilaid@riigikogu.ee,Eesti Keskerakonna fraktsioon,KESK,"Hiiu-, Lääne- ja Saaremaa",13,2015-04-27,Substitute member for Kalev Kallo,,
cf42a56a-b91a-4a51-913b-a489305326a2,Hanno Pevkur,1977-04-02,Hanno.Pevkur@riigikogu.ee,Eesti Reformierakonna fraktsioon,RE,"Võru-, Valga- ja Põlvamaa ",13,,,2015-04-08,Became Minister of the Interior
db788688-d7a6-4af8-8cee-3004adb948f5,Margus Tsahkna,1977-04-13,Margus.Tsahkna@riigikogu.ee,Isamaa ja Res Publica Liidu fraktsioon,IRL,Tartu linn,13,,,2015-04-08,Became Minister of Social Protection
,Mihhail Kõlvart,1977-11-24,,Eesti Keskerakonna fraktsioon,KESK,"Tallinna Haabersti, Põhja-Tallinna ja Kristiine linnaosa",13,,,2015-03-27,"Is Deputy Mayor of Tallinn and decided to continue as such, so resigned as MP"
8940964b-6bfd-482d-a4f5-53f2cccb149d,Priit Sibul,1977-12-31,Priit.Sibul@riigikogu.ee,Isamaa ja Res Publica Liidu fraktsioon,IRL,"Võru-, Valga- ja Põlvamaa ",13,,,,
18360e3e-b776-4fa1-a361-5d9c287a89a7,Erki Savisaar,1978-06-16,Erki.Savisaar@riigikogu.ee,Eesti Keskerakonna fraktsioon,KESK,Tallinna Mustamäe ja Nõmme linnaosa,13,,,,
87b36dbb-08e9-4048-91eb-6df699c6e27e,Jüri Ratas,1978-07-02,Jyri.Ratas@riigikogu.ee,Eesti Keskerakonna fraktsioon,KESK,Harju- ja Raplamaa,13,,,,
d5f3dddb-d809-448a-a94f-adbf208e408a,Andres Metsoja,1978-11-25,Andres.Metsoja@riigikogu.ee,Isamaa ja Res Publica Liidu fraktsioon,IRL,Pärnumaa,13,,,,
90074aa2-4938-41a9-8275-3a6efa1cee31,Yoko Alender,1979-06-13,Yoko.Alender@riigikogu.ee,Eesti Reformierakonna fraktsioon,RE,Harju- ja Raplamaa,13,,,,
47201a8e-4ae7-45fa-8659-b47930d6f99c,Taavi Rõivas,1979-09-26,Taavi.Roivas@riigikogu.ee,Eesti Reformierakonna fraktsioon,RE,Harju- ja Raplamaa,13,,,2015-04-08,Became Prime Minister
5c9c68d8-7b18-4f3e-901a-afc9970cdd97,Deniss Boroditš,1979-11-01,Deniss.Borodits@riigikogu.ee,Eesti Reformierakonna fraktsioon,RE,Ida-Virumaa,13,,,,
a12ffc5c-0809-46cb-abc4-cc99a7fa3f60,Liina Kersna,1980-04-03,Liina.Kersna@riigikogu.ee,Eesti Reformierakonna fraktsioon,RE,"Võru-, Valga- ja Põlvamaa ",13,,,,
fe748f4d-3f50-4af8-8069-92a460978d2b,Arto Aas,1980-06-09,Arto.Aas@riigikogu.ee,Eesti Reformierakonna fraktsioon,RE,"Tallinna Kesklinna, Lasnamäe ja Pirita linnaosa ",13,,,2015-04-08,Became Minister of Public Administration
9c583623-eb94-48de-bf39-2bf49759c5a6,Mihhail Korb,1980-08-03,Mihhail.Korb@riigikogu.ee,Eesti Keskerakonna fraktsioon,KESK,"Tallinna Kesklinna, Lasnamäe ja Pirita linnaosa ",13,,,,
7b7e11c8-31e8-4072-b50f-fb1dbbb7cd62,Remo Holsmer,1980-09-20,Remo.Holsmer@riigikogu.ee,Eesti Reformierakonna fraktsioon,RE,"Tallinna Haabersti, Põhja-Tallinna ja Kristiine linnaosa ",13,2015-03-27,Substitute member for Urmas Klaas,,
5388e0b7-83d8-4c7c-8cfd-084a225d0c5f,Rainer Vakra,1981-03-10,Rainer.Vakra@riigikogu.ee,Fraktsiooni mittekuuluvad Riigikogu liikmed,IND,Tallinna Mustamäe ja Nõmme linnaosa,13,,,,
1a847bf9-89b0-40b5-ad0f-36e8d41ebe20,Külliki Kübarsepp,1981-06-27,Kylliki.Kybarsepp@riigikogu.ee,Eesti Vabaerakonna fraktsioon,EVA,"Tallinna Haabersti, Põhja-Tallinna ja Kristiine linnaosa ",13,,,,
08134982-2ac6-436c-ad8f-8f941ca41d3c,Viktoria Ladõnskaja,1981-07-20,Viktoria.Ladonskaja@riigikogu.ee,Isamaa ja Res Publica Liidu fraktsioon,IRL,"Tallinna Kesklinna, Lasnamäe ja Pirita linnaosa ",13,,,,
6532ddc5-3651-49a7-b79c-b6ebeb0a2acd,Andrei Novikov,1982-03-27,Andrei.Novikov@riigikogu.ee,Eesti Keskerakonna fraktsioon,KESK,"Tallinna Haabersti, Põhja-Tallinna ja Kristiine linnaosa ",13,2015-03-27,Substitute member for Mihhail Kõlvart,,
0c8c32b6-5add-4058-acb8-c76822d1d06b,Lauri Luik,1982-04-23,Lauri.Luik@riigikogu.ee,Eesti Reformierakonna fraktsioon,RE,"Hiiu-, Lääne- ja Saaremaa ",13,,,,
6eafafda-f117-44e5-b14b-1956d566e233,Dmitri Dmitrijev,1982-06-17,Dmitri.Dmitrijev@riigikogu.ee,Eesti Keskerakonna fraktsioon,KESK,Ida-Virumaa,13,2015-03-27,Substitute member for Yana Toom,,
8153acb2-28a5-4145-8cfc-28b0bc8f7e09,Kristjan Kõljalg,1982-12-26,Kristjan.Koljalg@riigikogu.ee,Eesti Reformierakonna fraktsioon,RE,Järva- ja Viljandimaa,13,2015-04-09,Substitute member for Jürgen Ligi,,
35385340-859d-4ee2-81f8-399474f00d4b,Priit Toobal,1983-11-01,Priit.Toobal@riigikogu.ee,Eesti Keskerakonna fraktsioon,KESK,Järva- ja Viljandimaa,13,,,,
db899d3d-cf2e-466f-844d-940ec162ed9a,Olga Ivanova,1984-10-15,Olga.Ivanova@riigikogu.ee,Eesti Keskerakonna fraktsioon,KESK,"Tallinna Kesklinna, Lasnamäe ja Pirita linnaosa ",13,,,,
ca5eb437-2288-4945-bc12-325f98008ed3,Kalle Palling,1985-02-27,Kalle.Palling@riigikogu.ee,Eesti Reformierakonna fraktsioon,RE,Harju- ja Raplamaa,13,,,,
74be76ab-c833-4ae8-89bc-6e4c7bc3f7fd,Jevgeni Ossinovski,1986-03-15,Jevgeni.Ossinovski@riigikogu.ee,Sotsiaaldemokraatliku Erakonna fraktsioon,SDE,Ida-Virumaa,13,,,,
e6416c11-b0c5-459a-96f9-c9549bbaaa81,Siret Kotka,1986-07-27,Siret.Kotka@riigikogu.ee,Eesti Keskerakonna fraktsioon,KESK,Lääne-Virumaa,13,,,,
ce3f9ed0-083c-4d0f-b45a-096610012b5f,Martin Repinski,1986-08-06,Martin.Repinski@riigikogu.ee,Eesti Keskerakonna fraktsioon,KESK,Ida-Virumaa,13,,,,
7dd476b9-96f3-4087-a91b-6e5855904fed,Martin Kukk,1987-08-15,Martin.Kukk@riigikogu.ee,Eesti Reformierakonna fraktsioon,RE,Tallinna Mustamäe ja Nõmme linnaosa,13,,,,
ecbd080f-ee6a-4287-9dff-393cf5c8e880,Jaak Madison,1991-04-22,Jaak.Madison@riigikogu.ee,Eesti Konservatiivse Rahvaerakonna fraktsioon,EKRE,Järva- ja Viljandimaa,13,,,,
