id,identifier__popong,name,name__ko,name__cn,birth_date,group,area,phone,website,email,image,term,source,wikipedia,twitter,facebook
19601167,19601167,KANG Gi Yun,강기윤,姜起潤,1960-06-04,새누리당,경남 창원시성산구,02-784-1322,http://www.강기윤.kr,ggotop@assembly.go.kr,http://www.assembly.go.kr/photo/.jpg),19,github.com/teampopong/data-for-rnd,,kangkiyoun,ggotop
1964154,1964154,KANG Gi Jung,강기정,姜琪正,1964-12-03,새정치민주연합,광주 북구갑,02-788-2666,http://www.kanggijung.com,okang@assembly.go.kr,http://www.assembly.go.kr/photo/.jpg),19,github.com/teampopong/data-for-rnd,/wiki/%EA%B0%95%EA%B8%B0%EC%A0%95,gijungkang,kjkang21
19421164,19421164,KANG Ghil Boo,강길부,姜吉夫,1942-06-05,새누리당,울산 울주군,02-788-2708,http://www.uljukang.org,shinmut@assembly.go.kr,http://www.assembly.go.kr/photo/.jpg),19,github.com/teampopong/data-for-rnd,/wiki/%EA%B0%95%EA%B8%B8%EB%B6%80,uljukang,""
19531120,19531120,KANG Dong Won,강동원,姜東遠,1953-01-20,새정치민주연합,전북 남원시순창군,02-784-2577,http://kdwon.co.kr,525kdw@hanmail.net,http://www.assembly.go.kr/photo/.jpg),19,github.com/teampopong/data-for-rnd,/wiki/%EA%B0%95%EB%8F%99%EC%9B%90_(1953%EB%85%84),kdwon53,kdwon53
19551112,19551112,KANG Seok Ho,강석호,姜碩鎬,1955-12-03,새누리당,경북 영양군영덕군봉화군울진군,02-784-2376,http://kangsh.kr,kangsh@na.go.kr,http://www.assembly.go.kr/photo/.jpg),19,github.com/teampopong/data-for-rnd,/wiki/%EA%B0%95%EC%84%9D%ED%98%B8,kangsh314,kangsh314
1964171,1964171,KANG Seoghoon,강석훈,姜錫勳,1964-08-15,새누리당,서울 서초구을,02-784-3457,http://www.hoonhoon.or.kr,ksh@assembly.go.kr,http://www.assembly.go.kr/photo/.jpg),19,github.com/teampopong/data-for-rnd,/wiki/%EA%B0%95%EC%84%9D%ED%9B%88,hoonster21,hoonster21
1964213,1964213,KANG Eunhee,강은희,姜𤨒姬,1964-10-23,새누리당,비례대표,02-784-3543,http://kangeunhee.or.kr,kang119@assembly.go.kr,http://www.assembly.go.kr/photo/.jpg),19,github.com/teampopong/data-for-rnd,,"",""
19521149,19521149,KANG Chang-il,강창일,姜昌一,1952-01-28,새정치민주연합,제주 제주시갑,02-784-6084,http://www.kangci.net,kangci@assembly.go.kr,http://www.assembly.go.kr/photo/.jpg),19,github.com/teampopong/data-for-rnd,/wiki/%EA%B0%95%EC%B0%BD%EC%9D%BC,kangci52,kangci52
19461111,19461111,KANG Chang Hee,강창희,姜昌熙,1946-08-03,새누리당,대전 중구,02-784-3807,http://www.kangkorea.com,kangkorea7@assembly.go.kr,http://www.assembly.go.kr/photo/.jpg),19,github.com/teampopong/data-for-rnd,/wiki/%EA%B0%95%EC%B0%BD%ED%9D%AC_(1946%EB%85%84),kangchanghee,kangkorea
19581127,19581127,KYUNG Dae Soo,경대수,慶大秀,1958-03-18,새누리당,충북 증평군진천군괴산군음성군,02-784-3977,http://www.kyungdaesoo.or.kr,kyungds@na.go.kr,http://www.assembly.go.kr/photo/.jpg),19,github.com/teampopong/data-for-rnd,,kyungds79,kyungds79
19601157,19601157,KWEON Seong Dong,권성동,權性東,1960-04-29,새누리당,강원 강릉시,02-784-3396~8 / 788-2469,http://www.ksdd.net,ksdd22@naver.com,http://www.assembly.go.kr/photo/.jpg),19,github.com/teampopong/data-for-rnd,/wiki/%EA%B6%8C%EC%84%B1%EB%8F%99,ksdd22,ksdd22
195928,195928,KWON Eun Hee,권은희,權恩嬉,1959-05-24,새누리당,대구 북구갑,02-784-1051,http://www.eunhee.kr,ehkwon1@naver.com,http://www.assembly.go.kr/photo/.jpg),19,github.com/teampopong/data-for-rnd,/wiki/%EA%B6%8C%EC%9D%80%ED%9D%AC,keh1004,ehkwon1
195928,195928,"Kwon, Eun Hee",권은희,權垠希,1974-02-15,새정치민주연합,광주 광산구을,02-784-1813,http://blog.daum.net/kwoneunhee0215,kwoneunhee0215@gmail.com,http://www.assembly.go.kr/photo/.jpg),19,github.com/teampopong/data-for-rnd,/wiki/%EA%B6%8C%EC%9D%80%ED%9D%AC,keh1004,ehkwon1
19551119,19551119,KIL Jeong Woo,길정우,吉炡宇,1955-02-04,새누리당,서울 양천구갑,02-784-1091,http://www.giljw.com,tong@giljw.com,http://www.assembly.go.kr/photo/.jpg),19,github.com/teampopong/data-for-rnd,/wiki/%EA%B8%B8%EC%A0%95%EC%9A%B0,oraclepeter,OraclePeter
19621100,19621100,KIM Kyung Hyub,김경협,金炅俠,1962-11-07,새정치민주연합,경기 부천시원미구갑,02-784-1190,http://www.kimgh.com,ggh000@naver.com,http://www.assembly.go.kr/photo/.jpg),19,github.com/teampopong/data-for-rnd,,kimghkr,kimgyunghyub
196916,196916,KIM Kwan Young,김관영,金寬永,1969-11-15,새정치민주연합,전북 군산시,02-784-1781,http://www.usekky.com,kky672@hanmail.net,http://www.assembly.go.kr/photo/.jpg),19,github.com/teampopong/data-for-rnd,,usekky,usekky
19481132,19481132,KIM Gwang Lim,김광림,金光琳,1948-04-28,새누리당,경북 안동시,02-784-3063,http://www.i333.co.kr,glkim@na.go.kr,http://www.assembly.go.kr/photo/.jpg),19,github.com/teampopong/data-for-rnd,/wiki/%EA%B9%80%EA%B4%91%EB%A6%BC,glkim333,glkim333
198113,198113,KIM Kwang Jin,김광진,金光珍,1981-04-28,새정치민주연합,비례대표,02-784-1422~4,http://bluepaper815.kr,2030minju@hanmail.net,http://www.assembly.go.kr/photo/.jpg),19,github.com/teampopong/data-for-rnd,/wiki/%EA%B9%80%EA%B4%91%EC%A7%84_(1981%EB%85%84),bluepaper815,minjuletter
19521133,19521133,KIM Ki Sun,김기선,金起善,1952-10-29,새누리당,강원 원주시갑,02-784-1511,http://www.facebook.com/kksun290,"",http://www.assembly.go.kr/photo/.jpg),19,github.com/teampopong/data-for-rnd,,gambakim,kksun290
1966174,1966174,KIM Ki Sik,김기식,金起式,1966-03-06,새정치민주연합,비례대표,02-784-1530,http://www.dreamk.kr,dreamkisik@gmail.com,http://www.assembly.go.kr/photo/.jpg),19,github.com/teampopong/data-for-rnd,/wiki/%EA%B9%80%EA%B8%B0%EC%8B%9D,pspdkks,""
1957139,1957139,KIM Gi Juhn,김기준,金基俊,1957-07-04,새정치민주연합,비례대표,02-784-1571,http://gijuhn.com,coopsol@naver.com,http://www.assembly.go.kr/photo/.jpg),19,github.com/teampopong/data-for-rnd,/wiki/%EA%B9%80%EA%B8%B0%EC%A4%80,gijuhn,""
1964174,1964174,KIM Do Eup,김도읍,金度邑,1964-07-06,새누리당,부산 북구강서구을,02-784-1740,http://www.김도읍.com,ldek3525@naver.com,http://www.assembly.go.kr/photo/.jpg),19,github.com/teampopong/data-for-rnd,/wiki/%EA%B9%80%EB%8F%84%EC%9D%8D,ldek3525,ldek3525
19581130,19581130,KIM Dongwan,김동완,金東完,1958-06-20,새누리당,충남 당진시,02-784-1751,http://dowakim.net,dowakim@daum.net,http://www.assembly.go.kr/photo/.jpg),19,github.com/teampopong/data-for-rnd,,dowakim,""
19551151,19551151,KIM Dongcheol,김동철,金東喆,1955-06-30,새정치민주연합,광주 광산구갑,02-788-2695,http://www.kdc2000.com,kdc2000@na.go.kr,http://www.assembly.go.kr/photo/.jpg),19,github.com/teampopong/data-for-rnd,/wiki/%EA%B9%80%EB%8F%99%EC%B2%A0,kdc2000,kdc2000
1964179,1964179,KIM Myung Yeon,김명연,金明淵,1964-02-28,새누리당,경기 안산시단원구갑,02-784-1797,http://www.vitamin21.or.kr,my733@hanmail.net,http://www.assembly.go.kr/photo/.jpg),19,github.com/teampopong/data-for-rnd,,mmy523400,ansanvitamin
1951151,1951151,KIM Moo Sung,김무성,金武星,1951-09-20,새누리당,부산 영도구,02-784-5274,http://mskim.co.kr,moosung4u@naver.com,http://www.assembly.go.kr/photo/.jpg),19,github.com/teampopong/data-for-rnd,/wiki/%EA%B9%80%EB%AC%B4%EC%84%B1,,
1966166,1966166,KIM Min-ki,김민기,金敏基,1966-04-28,새정치민주연합,경기 용인시을,02-784-1930,http://www.kimminki.co.kr,kimminki@assembly.go.kr,http://www.assembly.go.kr/photo/.jpg),19,github.com/teampopong/data-for-rnd,/wiki/%EA%B9%80%EB%AF%BC%EA%B8%B0_(%EC%A0%95%EC%B9%98%EC%9D%B8),kimminki84,kminki84
1973110,1973110,KIM Sang Min,김상민,金相珉,1973-07-14,새누리당,비례대표,02-784-2060~1,http://www.v2030.net,v2030net@naver.com,http://www.assembly.go.kr/photo/.jpg),19,github.com/teampopong/data-for-rnd,/wiki/%EA%B9%80%EC%83%81%EB%AF%BC,"",""
1963196,1963196,KIM Sang Hoon,김상훈,金相勳,1963-01-25,새누리당,대구 서구,02-784-2310,http://kimsh.or.kr,kshdg11@gmail.com,http://www.assembly.go.kr/photo/.jpg),19,github.com/teampopong/data-for-rnd,/wiki/%EA%B9%80%EC%83%81%ED%9B%88_(1963%EB%85%84),kshdg11,kshdg11
1954213,1954213,KIM Sang Hee,김상희,金相姬,1954-05-18,새정치민주연합,경기 부천시소사구,02-784-4173,http://cleankim.kr/,shk@assembly.go.kr,http://www.assembly.go.kr/photo/.jpg),19,github.com/teampopong/data-for-rnd,/wiki/%EA%B9%80%EC%83%81%ED%9D%AC_(1954%EB%85%84),SosaKim,sosakim407
19521138,19521138,KIM Sunggon,김성곤,金星坤,1952-11-06,새정치민주연합,전남 여수시갑,02-788-2872,http://www.kimsg.net,sgkim@assembly.go.kr,http://www.assembly.go.kr/photo/.jpg),19,github.com/teampopong/data-for-rnd,/wiki/%EA%B9%80%EC%84%B1%EA%B3%A4_(1952%EB%85%84),kimsgnet,sgkimwon
1964191,1964191,KIM Sung Ju,김성주,金成柱,1964-04-10,새정치민주연합,전북 전주시덕진구,02-784-2350~2 / 02-788-2101,http://www.sungju.info,ksj2514327@naver.com,http://www.assembly.go.kr/photo/.jpg),19,github.com/teampopong/data-for-rnd,,kimsungju,kimsungju21
19541122,19541122,KIM Sung Chan,김성찬,金盛贊,1954-05-07,새누리당,경남 창원시진해구,"02-784-2477, 2478",http://blog.naver.com/ksc2385,ksc2385@naver.com,http://www.assembly.go.kr/photo/.jpg),19,github.com/teampopong/data-for-rnd,/wiki/%EA%B9%80%EC%84%B1%EC%B0%AC_(%EA%B5%B0%EC%9D%B8),kscjinhaesarang,""
1958193,1958193,KIM Sung Tae,김성태,金聖泰,1958-05-23,새누리당,서울 강서구을,02-788-2309,http://www.winkst.org,kst0331@assembly.go.kr,http://www.assembly.go.kr/photo/.jpg),19,github.com/teampopong/data-for-rnd,/wiki/%EA%B9%80%EC%84%B1%ED%83%9C_(1958%EB%85%84),kimsungtae,""
1972113,1972113,KIM Se Yeon,김세연,金世淵,1972-07-15,새누리당,부산 금정구,02-788-2839,http://www.ksy.or.kr,kim.se.yeon@na.go.kr,http://www.assembly.go.kr/photo/.jpg),19,github.com/teampopong/data-for-rnd,/wiki/%EA%B9%80%EC%84%B8%EC%97%B0_(1972%EB%85%84),seyeonkim72,seyeonkim72
1966172,1966172,KIM Seung Nam,김승남,金承南,1966-10-06,새정치민주연합,전남 고흥군보성군,02-788-2104,http://www.snk21.com,snk0411@naver.com,http://www.assembly.go.kr/photo/.jpg),19,github.com/teampopong/data-for-rnd,/wiki/%EA%B9%80%EC%8A%B9%EB%82%A8,"",""
19551138,19551138,KIM Yung Rok,김영록,金瑛錄,1955-02-17,새정치민주연합,전남 해남군완도군진도군,02-788-2554,http://www.kyr.pe.kr,camp8866@assembly.go.kr,http://www.assembly.go.kr/photo/.jpg),19,github.com/teampopong/data-for-rnd,/wiki/%EA%B9%80%EC%98%81%EB%A1%9D,KimYungRok,""
1967149,1967149,KIM Young Woo,김영우,金榮宇,1967-01-20,새누리당,경기 포천시연천군,02-788-2014,http://www.ywkim.co.kr,yw2014@naver.com,http://www.assembly.go.kr/photo/.jpg),19,github.com/teampopong/data-for-rnd,/wiki/%EA%B9%80%EC%98%81%EC%9A%B0,kim_youngwoo,ywkim1
kim-young-joo,,KIM Young Joo,김영주,金榮珠,1955-07-27,새정치민주연합,서울 영등포구갑,02-784-2470,http://www.youngjoo.kr,joojoo2012@naver.com,http://www.assembly.go.kr/photo/.jpg),19,github.com/teampopong/data-for-rnd,,,
19551102,19551102,KIM Young Hwan,김영환,金榮煥,1955-05-27,새정치민주연합,경기 안산시상록구을,"02-784-5020~2, 02-788-2613",http://www.kyh21.net,digitalmr@hanmail.net,http://www.assembly.go.kr/photo/.jpg),19,github.com/teampopong/data-for-rnd,/wiki/%EA%B9%80%EC%98%81%ED%99%98,kyh21,yeonghwan.gim1
1970125,1970125,"Kim, Yong Nam",김용남,金勇男,1970-02-14,새누리당,경기 수원시병,02-784-5087,http://kimyongnam.com/,yn9072@assembly.go.kr,http://www.assembly.go.kr/photo/.jpg),19,github.com/teampopong/data-for-rnd,,,
19521151,19521151,KIM Yong-ik,김용익,金容益,1952-08-22,새정치민주연합,비례대표,02-784-2570,http://yikim.tistory.com,yikim614@na.go.kr,http://www.assembly.go.kr/photo/.jpg),19,github.com/teampopong/data-for-rnd,,"",""
1968136,1968136,"KIM, Yongtae",김용태,金容兌,1968-03-26,새누리당,서울 양천구을,02-784-5076,http://www.YTNetwork.or.kr,YTN@assembly.go.kr,http://www.assembly.go.kr/photo/.jpg),19,github.com/teampopong/data-for-rnd,/wiki/%EA%B9%80%EC%9A%A9%ED%83%9C,ytnetwork,ytnetwork
19551144,19551144,KIM Woo Nam,김우남,金宇南,1955-05-23,새정치민주연합,제주 제주시을,788-2754,http://www.wnkim.or.kr,wnkim@assembly.go.kr,http://www.assembly.go.kr/photo/.jpg),19,github.com/teampopong/data-for-rnd,/wiki/%EA%B9%80%EC%9A%B0%EB%82%A8,kimwn734,kimwn734
1966170,1966170,KIM Yunduk,김윤덕,金潤德,1966-05-23,새정치민주연합,전북 전주시완산구갑,02-784-2620,http://www.wansan.co.kr,ydkim22@naver.com,http://www.assembly.go.kr/photo/.jpg),19,github.com/teampopong/data-for-rnd,/wiki/%EA%B9%80%EC%9C%A4%EB%8D%95,ydkim22,ydkim22
194526,194526,KIM Eul Dong,김을동,金乙東,1945-09-05,새누리당,서울 송파구병,02-784-6142~4,http://blog.naver.com/ked0905,euldong@na.go.kr,http://www.assembly.go.kr/photo/.jpg),19,github.com/teampopong/data-for-rnd,/wiki/%EA%B9%80%EC%9D%84%EB%8F%99,euldongkim,""
19561133,19561133,KIM Jang-sil,김장실,金長實,1956-03-15,새누리당,비례대표,02-784-2640,http://jangsilk.kr,jangsilk@naver.com,http://www.assembly.go.kr/photo/.jpg),19,github.com/teampopong/data-for-rnd,/wiki/%EA%B9%80%EC%9E%A5%EC%8B%A4,jangsilk,""
19611132,19611132,KIM Jae Kyung,김재경,金在庚,1961-10-10,새누리당,경남 진주시을,02-784-0054,http://www.youngjinju.co.kr,kjg7942@jinjucity.com,http://www.assembly.go.kr/photo/.jpg),19,github.com/teampopong/data-for-rnd,/wiki/%EA%B9%80%EC%9E%AC%EA%B2%BD,powerjinju,powerjinju
1964196,1964196,KIM Jaewon,김재원,金在原,1964-12-20,새누리당,경북 군위군의성군청송군,02-788-2136,http://www.kimjaewon.or.kr,2020jwk@assembly.go.kr,http://www.assembly.go.kr/photo/.jpg),19,github.com/teampopong/data-for-rnd,/wiki/%EA%B9%80%EC%9E%AC%EC%9B%90_(1964%EB%85%84),2020jwk,""
19651105,19651105,KIM Jae Yun,김재윤,金才允,1965-05-24,새정치민주연합,제주 서귀포시,02-784-0713,http://www.kimjaeyun.com,kjy1@assembly.go.kr,http://www.assembly.go.kr/photo/.jpg),19,github.com/teampopong/data-for-rnd,/wiki/%EA%B9%80%EC%9E%AC%EC%9C%A4,kimJaeyun,kimjaeyun1
19511112,19511112,KIM Jung Rok,김정록,金正錄,1951-06-22,새누리당,비례대표,02-784-2890,http://www.kjr.or.kr,ceo@assembly.go.kr,http://www.assembly.go.kr/photo/.jpg),19,github.com/teampopong/data-for-rnd,,"",""
kim-jung-hoon,,KIM Jung Hoon,김정훈,金正薰,1957-11-03,새누리당,부산 남구갑,02-784-0680,http://www.namgu21.com,kjh302@assembly.go.kr,http://www.assembly.go.kr/photo/.jpg),19,github.com/teampopong/data-for-rnd,,,
1963211,1963211,KIM Je Nam,김제남,金霽南,1963-06-12,정의당,비례대표,02-784-3080 / FAX. 02-788-0157,http://www.jenam.org,jnkim517@gmail.com,http://www.assembly.go.kr/photo/.jpg),19,github.com/teampopong/data-for-rnd,/wiki/%EA%B9%80%EC%A0%9C%EB%82%A8_(1963%EB%85%84),jenam63,jnkim63
kim-je-sik,,Kim Je Sik,김제식,金濟植,1957-07-10,새누리당,충남 서산시태안군,02-784-9640∼2,http://www.facebook.com/kimjesik,kimjesik0710@naver.com,http://www.assembly.go.kr/photo/.jpg),19,github.com/teampopong/data-for-rnd,,,
19491120,19491120,KIM Jong Tae,김종태,金鍾泰,1949-03-16,새누리당,경북 상주시,02-784-3190,http://www.kjt3600.kr,kimjt2012@na.go.kr,http://www.assembly.go.kr/photo/.jpg),19,github.com/teampopong/data-for-rnd,,kjt3600,kjt3600
19521114,19521114,KIM Jong Hoon,김종훈,金宗壎,1952-05-05,새누리당,서울 강남구을,02-784-3740,"","",http://www.assembly.go.kr/photo/.jpg),19,github.com/teampopong/data-for-rnd,/wiki/%EA%B9%80%EC%A2%85%ED%9B%88,jhkimdragon,jhkimdragon
1964183,1964183,KIM Jin Tae,김진태,金鎭台,1964-10-13,새누리당,강원 춘천시,02-784-3760,"",jtkim1013@na.go.kr,http://www.assembly.go.kr/photo/.jpg),19,github.com/teampopong/data-for-rnd,/wiki/%EA%B9%80%EC%A7%84%ED%83%9C_(1964%EB%85%84),jtkim1013,tongsub
19531121,19531121,KIM Choon Jin,김춘진,金椿鎭,1953-01-24,새정치민주연합,전북 고창군부안군,02-788-2574,http://www.cjkorea.org,kimcj@assembly.go.kr,http://www.assembly.go.kr/photo/.jpg),19,github.com/teampopong/data-for-rnd,/wiki/%EA%B9%80%EC%B6%98%EC%A7%84,"",""
1965191,1965191,KIM Tae-nyeon,김태년,金太年,1965-03-20,새정치민주연합,경기 성남시수정구,"02-784-4570, 031-751-4048",http://www.ktn21.com,ktn0320@daum.net,http://www.assembly.go.kr/photo/.jpg),19,github.com/teampopong/data-for-rnd,/wiki/%EA%B9%80%ED%83%9C%EB%85%84,kimtaenyeon,kimtaenyeon
19511102,19511102,KIM Tae Won,김태원,金兌原,1951-03-19,새누리당,경기 고양시덕양구을,02-784-1606,http://www.ktw.or.kr,ktw24@assembly.go.kr,http://www.assembly.go.kr/photo/.jpg),19,github.com/teampopong/data-for-rnd,/wiki/%EA%B9%80%ED%83%9C%EC%9B%90,kim_taewon,kim.taewon
19621110,19621110,KIM Tae Ho,김태호,金台鎬,1962-08-21,새누리당,경남 김해시을,02-788-2439,http://www.taehois.com,taehois@gmail.com,http://www.assembly.go.kr/photo/.jpg),19,github.com/teampopong/data-for-rnd,/wiki/%EA%B9%80%ED%83%9C%ED%98%B8_(1962%EB%85%84),taehois,taehois
19431139,19431139,KIM Tae-whan,김태환,金泰煥,1943-09-24,새누리당,경북 구미시을,02-788-2576,http://www.kimtw.co.kr,kimtw@na.go.kr,http://www.assembly.go.kr/photo/.jpg),19,github.com/teampopong/data-for-rnd,/wiki/%EA%B9%80%ED%83%9C%ED%99%98,Gumi_Kimtw,""
19631112,19631112,KIM Tae Heum,김태흠,金泰欽,1963-01-11,새누리당,충남 보령시서천군,02-784-4710,http://www.kimtaeheum.com,ktheum@hanmail.net,http://www.assembly.go.kr/photo/.jpg),19,github.com/teampopong/data-for-rnd,,"",ktheum
19611113,19611113,KIM Hack Yong,김학용,金學容,1961-12-10,새누리당,경기 안성시,02-784-3860,http://www.ansung365.com,ansung@assembly.go.kr,http://www.assembly.go.kr/photo/.jpg),19,github.com/teampopong/data-for-rnd,/wiki/%EA%B9%80%ED%95%99%EC%9A%A9,kimhackyong,KimHackYong
19531101,19531101,KIM Han Gil,김한길,金한길,1953-09-17,새정치민주연합,서울 광진구갑,02-784-4750,http://www.hangillo.net,"",http://www.assembly.go.kr/photo/.jpg),19,github.com/teampopong/data-for-rnd,/wiki/%EA%B9%80%ED%95%9C%EA%B8%B8,hangillo,hangillo
19541123,19541123,KIM Han Pyo,김한표,金漢杓,1954-08-08,새누리당,경남 거제시,02-784-4760 055-632-7822,http://www.hanpyo.org,khpgeoje@naver.com,http://www.assembly.go.kr/photo/.jpg),19,github.com/teampopong/data-for-rnd,,khp1001,프로필
196226,196226,KIM Hyun,김현,金玄,1965-10-15,새정치민주연합,비례대표,02-784-4840,http://yesokkh.blog.me,yesokkh@naver.com,http://www.assembly.go.kr/photo/.jpg),19,github.com/teampopong/data-for-rnd,/wiki/%EA%B9%80%ED%98%84%EB%AF%B8,hyunmeek,2012khm
196226,196226,KIM Hyun Mee,김현미,金賢美,1962-11-29,새정치민주연합,경기 고양시일산서구,02-784-4990,http://hyunmee.net,7844990@naver.com,http://www.assembly.go.kr/photo/.jpg),19,github.com/teampopong/data-for-rnd,/wiki/%EA%B9%80%ED%98%84%EB%AF%B8,hyunmeek,2012khm
19551120,19551120,KIM Hoe Sun,김회선,金會瑄,1955-05-03,새누리당,서울 서초구갑,02-784-5680,http://www.hoeseon.com,ilovesc1@na.go.kr,http://www.assembly.go.kr/photo/.jpg),19,github.com/teampopong/data-for-rnd,/wiki/%EA%B9%80%ED%9A%8C%EC%84%A0,"",ilovesc1
19581100,19581100,KIM Hee-kuk,김희국,金熙國,1958-10-20,새누리당,대구 중구남구,02-784-5920,http://unclekim.net,heekuk1020@naver.com,http://www.assembly.go.kr/photo/.jpg),19,github.com/teampopong/data-for-rnd,/wiki/%EA%B9%80%ED%9D%AC%EA%B5%AD,kim_hee_kuk,heekuk1020
1971214,1971214,KIM Hee Jung,김희정,金姬廷,1971-04-13,새누리당,부산 연제구,02-788-2181,http://www.khjkorea.com,khjkorea@assembly.go.kr,http://www.assembly.go.kr/photo/.jpg),19,github.com/teampopong/data-for-rnd,/wiki/%EA%B9%80%ED%9D%AC%EC%A0%95_(1971%EB%85%84),khjkorea,""
1963212,1963212,"Na, Kyung-Won",나경원,羅卿瑗,1963-12-06,새누리당,서울 동작구을,"02-784-3103~4, 788-2770",http://blog.naver.com/nakw63,nakw@na.go.kr,http://www.assembly.go.kr/photo/.jpg),19,github.com/teampopong/data-for-rnd,/wiki/%EB%82%98%EA%B2%BD%EC%9B%90,,
19531108,19531108,NA Seong-lin,나성린,羅城麟,1953-03-27,새누리당,부산 부산진구갑,02-784-2717,http://www.nasl.or.kr,"",http://www.assembly.go.kr/photo/.jpg),19,github.com/teampopong/data-for-rnd,/wiki/%EB%82%98%EC%84%B1%EB%A6%B0,na_sl,""
195829,195829,NAM In-soon,남인순,南仁順,1958-11-05,새정치민주연합,비례대표,02-784-5980,http://nisoon.tistory.com,nisoon@na.go.kr,http://www.assembly.go.kr/photo/.jpg),19,github.com/teampopong/data-for-rnd,,nisoon,nisoon
19571140,19571140,NOH Young-min,노영민,盧英敏,1957-11-25,새정치민주연합,충북 청주시흥덕구을,02-788-2580,http://www.min21.net,youngmin21c@hanmail.net,http://www.assembly.go.kr/photo/.jpg),19,github.com/teampopong/data-for-rnd,/wiki/%EB%85%B8%EC%98%81%EB%AF%BC,youngmin21c,nohyoungmin
1957192,1957192,NOH Woong Rae,노웅래,盧雄來,1957-08-03,새정치민주연합,서울 마포구갑,02-788-2203,http://www.gowithwr.com,wraenoh@hanmail.net,http://www.assembly.go.kr/photo/.jpg),19,github.com/teampopong/data-for-rnd,/wiki/%EB%85%B8%EC%9B%85%EB%9E%98,GoWith_WRaenoh,GoWithWRae
19501106,19501106,ROH Chul Rae,노철래,盧喆來,1950-01-02,새누리당,경기 광주시,02-784-6566/788-2637,http://www.rcr.kr,rcr2008@hanmail.net,http://www.assembly.go.kr/photo/.jpg),19,github.com/teampopong/data-for-rnd,/wiki/%EB%85%B8%EC%B2%A0%EB%9E%98,Roh_Chul_Rae,RohChulRae
19551145,19551145,DO Jong Hwan,도종환,都鐘煥,1955-09-27,새정치민주연합,비례대표,02-784-2537,"","",http://www.assembly.go.kr/photo/.jpg),19,github.com/teampopong/data-for-rnd,/wiki/%EB%8F%84%EC%A2%85%ED%99%98,"",""
yoo-sungkull,,YOO Sungkull,류성걸,柳性杰,1957-07-12,새누리당,대구 동구갑,02-784-3851,http://www.usk21.co.kr,sungkull@na.go.kr,http://www.assembly.go.kr/photo/.jpg),19,github.com/teampopong/data-for-rnd,,,
195028,195028,YOU Jee Young,류지영,柳知姈,1950-03-04,새누리당,비례대표,"02-784-6120, 02-788-2208",http://www.yjy2012.com,yjy@assembly.go.kr,http://www.assembly.go.kr/photo/.jpg),19,github.com/teampopong/data-for-rnd,,"",youjeeyoung1004
197614,197614,MOON Dae Sung,문대성,文大成,1976-09-03,새누리당,부산 사하구갑,02-784-6130,http://www.greatmoon.kr/,cybermds@naver.com,http://www.assembly.go.kr/photo/.jpg),19,github.com/teampopong/data-for-rnd,/wiki/%EB%AC%B8%EB%8C%80%EC%84%B1,"",moondaesung19
19591113,19591113,MOON Byeong Ho,문병호,文炳浩,1959-12-27,새정치민주연합,인천 부평구갑,02-784-6150,http://www.bhmoon.co.kr,moon3055@hanmail.net,http://www.assembly.go.kr/photo/.jpg),19,github.com/teampopong/data-for-rnd,/wiki/%EB%AC%B8%EB%B3%91%ED%98%B8,moon3055,moon3055
19531110,19531110,MOON Jae In,문재인,文在寅,1953-01-24,새정치민주연합,부산 사상구,02-784-6801~3,http://www.moonjaein.com,7882236@gmail.com,http://www.assembly.go.kr/photo/.jpg),19,github.com/teampopong/data-for-rnd,/wiki/%EB%AC%B8%EC%9E%AC%EC%9D%B8,moonriver365,moonbyun1
1961215,1961215,MOON Jeong-lim,문정림,文靜林,1961-12-22,새누리당,비례대표,02-784-6290,"",doucemoon@naver.com,http://www.assembly.go.kr/photo/.jpg),19,github.com/teampopong/data-for-rnd,,doucemoon,""
1945113,1945113,MOON Hee Sang,문희상,文喜相,1945-03-03,새정치민주연합,경기 의정부시갑,02-784-1261,http://www.moonhs.net,moonhs@assembly.go.kr,http://www.assembly.go.kr/photo/.jpg),19,github.com/teampopong/data-for-rnd,/wiki/%EB%AC%B8%ED%9D%AC%EC%83%81,,
1958170,1958170,BYUNG Doo Min,민병두,閔丙梪,1958-06-10,새정치민주연합,서울 동대문구을,02-788-2256,http://www.bdmin.net,bdmin1958@assembly.go.kr,http://www.assembly.go.kr/photo/.jpg),19,github.com/teampopong/data-for-rnd,/wiki/%EB%AF%BC%EB%B3%91%EB%91%90,bdmin1958,bdmin
1959210,1959210,MIN Byung Joo,민병주,閔丙珠,1959-02-26,새누리당,비례대표,02-784-6430~1,http://www.bjmin.org,bjmin135@naver.com,http://www.assembly.go.kr/photo/.jpg),19,github.com/teampopong/data-for-rnd,,"",""
1969210,1969210,MIN Hyunjoo,민현주,閔炫珠,1969-07-23,새누리당,비례대표,02-784-6450,http://blog.naver.com/newrules77,newrules@na.go.kr,http://www.assembly.go.kr/photo/.jpg),19,github.com/teampopong/data-for-rnd,,"",""
19611133,19611133,MIN Hong Chul,민홍철,閔洪喆,1961-04-18,새정치민주연합,경남 김해시갑,02-784-6490,"","",http://www.assembly.go.kr/photo/.jpg),19,github.com/teampopong/data-for-rnd,/wiki/%EB%AF%BC%ED%99%8D%EC%B2%A0,minstar21c,""
park-kwang-on,,Park Kwang On,박광온,朴洸瑥,1957-03-26,새정치민주연합,경기 수원시정,02-784-5364,http://blog.naver.com/kopark2012,sotong533@gmail.com,http://www.assembly.go.kr/photo/.jpg),19,github.com/teampopong/data-for-rnd,,,
19561118,19561118,PARK Ki Choon,박기춘,朴起春,1956-05-01,무소속,경기 남양주시을,02-784-6264,http://www.kichoon.com,parkkichoon@na.go.kr,http://www.assembly.go.kr/photo/.jpg),19,github.com/teampopong/data-for-rnd,/wiki/%EB%B0%95%EA%B8%B0%EC%B6%98,parkkichoon,parkkichoon
19581107,19581107,PARK Nam Choon,박남춘,朴南春,1958-07-02,새정치민주연합,인천 남동구갑,02-784-6181,http://blog.naver.com/parknamchun,parknamchun@naver.com,http://www.assembly.go.kr/photo/.jpg),19,github.com/teampopong/data-for-rnd,/wiki/%EB%B0%95%EB%82%A8%EC%B6%98,parknamchun,parknamchun
19511100,19511100,PARK Dae Dong,박대동,朴大東,1951-05-13,새누리당,울산 북구,"02-784-6730, 02-784-6731",http://www.facebook.com/park.daedong,pddy2k@na.go.kr,http://www.assembly.go.kr/photo/.jpg),19,github.com/teampopong/data-for-rnd,/wiki/%EB%B0%95%EB%8C%80%EB%8F%99,dd1090,프로필
19611131,19611131,PARK Dae Chul,박대출,朴大出,1961-03-18,새누리당,경남 진주시갑,02-784-6750,http://www.wejinju.co.kr,dcparkjj@assembly.go.kr,http://www.assembly.go.kr/photo/.jpg),19,github.com/teampopong/data-for-rnd,,dcparkjj,dcpark.jinju
19531118,19531118,PARK Duk Hyum,박덕흠,朴德欽,1953-10-18,새누리당,충북 보은군옥천군영동군,02-784-6550,"",parkdukhyum@naver.com,http://www.assembly.go.kr/photo/.jpg),19,github.com/teampopong/data-for-rnd,,parkdukhyum,""
bak-maeng-woo,,Bak Maeng Woo,박맹우,朴孟雨,1951-12-06,새누리당,울산 남구을,02-788-2259,http://blog.naver.com/ulsanpmw,ulsanbmw@na.go.kr,http://www.assembly.go.kr/photo/.jpg),19,github.com/teampopong/data-for-rnd,,,
19471123,19471123,"Park, Myung-Jae",박명재,朴明在,1947-07-05,새누리당,경북 포항시남구울릉군,02-788-2174,"",mjp@na.go.kr,http://www.assembly.go.kr/photo/.jpg),19,github.com/teampopong/data-for-rnd,,,
1964194,1964194,PARK Min Soo,박민수,朴敏秀,1964-09-21,새정치민주연합,전북 진안군무주군장수군임실군,02-784-6950,http://blog.naver.com/lawperf,lawperf@hanmail.net,http://www.assembly.go.kr/photo/.jpg),19,github.com/teampopong/data-for-rnd,,"",lawperf
1965184,1965184,PARK Min-shik,박민식,朴敏植,1965-11-20,새누리당,부산 북구강서구갑,02-784-2316,http://www.minshik.kr,msbusan@na.go.kr,http://www.assembly.go.kr/photo/.jpg),19,github.com/teampopong/data-for-rnd,/wiki/%EB%B0%95%EB%AF%BC%EC%8B%9D,Park_Minshik,parkminshik
19631128,19631128,PARK Beom Kye,박범계,朴範界,1963-04-27,새정치민주연합,대전 서구을,02-784-6960,"","",http://www.assembly.go.kr/photo/.jpg),19,github.com/teampopong/data-for-rnd,/wiki/%EB%B0%95%EB%B2%94%EA%B3%84,bkfire1004,bkfire
19521154,19521154,PARK Byeong Seug,박병석,朴炳錫,1952-01-25,새정치민주연합,대전 서구갑,02-788-2306,http://www.pbs21.or.kr,pbs21@assembly.go.kr,http://www.assembly.go.kr/photo/.jpg),19,github.com/teampopong/data-for-rnd,/wiki/%EB%B0%95%EB%B3%91%EC%84%9D,pbs21,pbs21
19491129,19491129,PARK Sang Eun,박상은,朴商銀,1949-09-01,새누리당,인천 중구동구옹진군,02-788-2126,http://www.pse.or.kr,separk@assembly.go.kr,http://www.assembly.go.kr/photo/.jpg),19,github.com/teampopong/data-for-rnd,/wiki/%EB%B0%95%EC%83%81%EC%9D%80,incheon_separk,separk49
19571150,19571150,PARK Seong-ho,박성호,朴成浩,1957-03-13,새누리당,경남 창원시의창구,02-784-6970,"","",http://www.assembly.go.kr/photo/.jpg),19,github.com/teampopong/data-for-rnd,,parksh5758,parksh5758
1964187,1964187,PARK Soo Hyun,박수현,朴洙賢,1964-08-14,새정치민주연합,충남 공주시,02-784-7380,http://www.gongjunamja.org,worker21c@naver.com,http://www.assembly.go.kr/photo/.jpg),19,github.com/teampopong/data-for-rnd,/wiki/%EB%B0%95%EC%88%98%ED%98%84_(1964%EB%85%84),workerpark,worker21c
1960211,1960211,PARK Young-sun,박영선,朴映宣,1960-01-22,새정치민주연합,서울 구로구을,02-784-3870,http://www.pys21.net,parkyoungsun21@gmail.com,http://www.assembly.go.kr/photo/.jpg),19,github.com/teampopong/data-for-rnd,/wiki/%EB%B0%95%EC%98%81%EC%84%A0_(1960%EB%85%84),Park_Youngsun,parkys21
1966177,1966177,PARK Wan Ju,박완주,朴完柱,1966-11-10,새정치민주연합,충남 천안시을,02-784-7560,http://blog.naver.com/withwanju/,lasco21@hanmail.net,http://www.assembly.go.kr/photo/.jpg),19,github.com/teampopong/data-for-rnd,,park_wanju,""
1970129,1970129,PARK Wonsuk,박원석,朴元錫,1970-02-22,정의당,비례대표,02-784-7610,http://www.wonsuk.or.kr,jinbochange@gmail.com,http://www.assembly.go.kr/photo/.jpg),19,github.com/teampopong/data-for-rnd,/wiki/%EB%B0%95%EC%9B%90%EC%84%9D_(1970%EB%85%84),wspark,wonsuk88
1949210,1949210,Park Yoon Ok,박윤옥,朴允玉,1949-01-22,새누리당,비례대표,02-784-9518,http://blog.naver.com/gloryokok,gloryokok@naver.com,http://www.assembly.go.kr/photo/.jpg),19,github.com/teampopong/data-for-rnd,,,
194828,194828,IN-SOOK PARK,박인숙,朴仁淑,1948-11-10,새누리당,서울 송파구갑,02-784-7810,http://www.parkinsook.co.kr,ispark0530@naver.com,http://www.assembly.go.kr/photo/.jpg),19,github.com/teampopong/data-for-rnd,/wiki/%EB%B0%95%EC%9D%B8%EC%88%99,ispark0530,ispark0530
19491108,19491108,PARK Joo Sun,박주선,朴柱宣,1949-07-23,새정치민주연합,광주 동구,02-784-5288,http://www.parkjoosun.pe.kr,jsp@na.go.kr,http://www.assembly.go.kr/photo/.jpg),19,github.com/teampopong/data-for-rnd,/wiki/%EB%B0%95%EC%A3%BC%EC%84%A0,ParkJooSun,parkjoosun
19421168,19421168,PARK Jie Won,박지원,朴智元,1942-06-05,새정치민주연합,전남 목포시,02-784-4179,http://www.jwp615.com,jwp615@hanmail.net,http://www.assembly.go.kr/photo/.jpg),19,github.com/teampopong/data-for-rnd,/wiki/%EB%B0%95%EC%A7%80%EC%9B%90_(%EC%A0%95%EC%B9%98%EC%9D%B8),jwp615,jwp615
19591138,19591138,PARK Chang Sik,박창식,朴昌植,1959-10-17,새누리당,비례대표,02-784-8150,www.pcs.or.kr,pcs963963@naver.com,http://www.assembly.go.kr/photo/.jpg),19,github.com/teampopong/data-for-rnd,,"",""
1956212,1956212,PARK Hae Ja,박혜자,朴惠子,1956-05-23,새정치민주연합,광주 서구갑,02-784-8340,http://www.phj.or.kr,hj_p@naver.com,http://www.assembly.go.kr/photo/.jpg),19,github.com/teampopong/data-for-rnd,,hj_p1,kimminki84
1969132,1969132,PARK Hong Keun,박홍근,朴洪根,1969-10-08,새정치민주연합,서울 중랑구을,02-784-8370,http://blog.naver.com/bakhonggeun,maumgil88@gmail.com,http://www.assembly.go.kr/photo/.jpg),19,github.com/teampopong/data-for-rnd,/wiki/%EB%B0%95%ED%99%8D%EA%B7%BC,maumgil,maumgil
bae-duk-kwang,,Bae Duk Kwang,배덕광,裵德光,1948-06-22,새누리당,부산 해운대구기장군갑,02-784-0797~9,http://blog.naver.com/baedk48,baedk@na.go.kr,http://www.assembly.go.kr/photo/.jpg),19,github.com/teampopong/data-for-rnd,,,
1968212,1968212,BAE Jae Jeung,배재정,裵在禎,1968-02-16,새정치민주연합,비례대표,02-784-8410,http://www.jjreport.net,jjreport@assembly.go.kr,http://www.assembly.go.kr/photo/.jpg),19,github.com/teampopong/data-for-rnd,/wiki/%EB%B0%B0%EC%9E%AC%EC%A0%95,jjreport,jaejeung.bae
19501102,19501102,BAEK Kun Ki,백군기,白君基,1950-02-12,새정치민주연합,비례대표,02-784-8430,http://blog.naver.com/kmageneral,kmageneral@gmail.com,http://www.assembly.go.kr/photo/.jpg),19,github.com/teampopong/data-for-rnd,/wiki/%EB%B0%B1%EA%B5%B0%EA%B8%B0,kmageneral,프로필
19511115,19511115,BAEK Jae Hyun,백재현,白在鉉,1951-07-04,새정치민주연합,경기 광명시갑,"788-2326(국회),2619-0409(광명)",http://www.ok100.or.kr,jhok100@hanmail.net,http://www.assembly.go.kr/photo/.jpg),19,github.com/teampopong/data-for-rnd,/wiki/%EB%B0%B1%EC%9E%AC%ED%98%84,jhok100,jhok100
19481129,19481129,BYUN Jae Ill,변재일,卞在一,1948-09-02,새정치민주연합,충북 청원군,02-784-1626,http://open21.or.kr,bji@assembly.go.kr,http://www.assembly.go.kr/photo/.jpg),19,github.com/teampopong/data-for-rnd,/wiki/%EB%B3%80%EC%9E%AC%EC%9D%BC,BYUNJAEILL,open1197
19561116,19561116,BOO Jwahyun,부좌현,夫佐炫,1956-05-13,새정치민주연합,경기 안산시단원구을,02-784-8450,www.bjh2080.co.kr,bjh2021@na.go.kr,http://www.assembly.go.kr/photo/.jpg),19,github.com/teampopong/data-for-rnd,,bjwahyun,""
1970130,1970130,SEO Gi Ho,서기호,徐基鎬,1970-03-09,정의당,비례대표,02-784-4591~3,http://www.seogiho.kr,sgh463@gmail.com,http://www.assembly.go.kr/photo/.jpg),19,github.com/teampopong/data-for-rnd,/wiki/%EC%84%9C%EA%B8%B0%ED%98%B8,,
19461109,19461109,SUH Sang-kee,서상기,徐相箕,1946-01-29,새누리당,대구 북구을,02-788-2362,http://www.sks.or.kr,sks@assembly.go.kr,http://www.assembly.go.kr/photo/.jpg),19,github.com/teampopong/data-for-rnd,/wiki/%EC%84%9C%EC%83%81%EA%B8%B0,SK_Suh,peopleinsks
1964210,1964210,SEO Youngkyo,서영교,徐瑛敎,1964-11-11,새정치민주연합,서울 중랑구갑,02-784-8490,http://blog.naver.com/youngkyos,youngkyos@naver.com,http://www.assembly.go.kr/photo/.jpg),19,github.com/teampopong/data-for-rnd,/wiki/%EC%84%9C%EC%98%81%EA%B5%90,seoyoungkyo,youngkyone
1968137,1968137,SEO Yong Gyo,서용교,徐瑢敎,1968-01-21,새누리당,부산 남구을,02-784-8540,http://www.서용교.com,yg4namgu@naver.com,http://www.assembly.go.kr/photo/.jpg),19,github.com/teampopong/data-for-rnd,/wiki/%EC%84%9C%EC%9A%A9%EA%B5%90,ygs4namgu,yg4namgu
19431134,19431134,Suh Chung won,서청원,徐淸源,1943-04-03,새누리당,경기 화성시갑,02-788-2078,http://www.suhchungwon.com,suhcw@assembly.go.kr,http://www.assembly.go.kr/photo/.jpg),19,github.com/teampopong/data-for-rnd,/wiki/%EC%84%9C%EC%B2%AD%EC%9B%90,,
195319,195319,SUL Hoon,설훈,薛勳,1953-04-23,새정치민주연합,경기 부천시원미구을,02-784-8570,http://www.sulhoon.com,sulhoon21@naver.com,http://www.assembly.go.kr/photo/.jpg),19,github.com/teampopong/data-for-rnd,/wiki/%EC%84%A4%ED%9B%88,,
1959211,1959211,SHON In Chun,손인춘,孫仁春,1959-05-13,새누리당,비례대표,02-784-8690,http://shonic.co.kr,shoninchun@gmail.com,http://www.assembly.go.kr/photo/.jpg),19,github.com/teampopong/data-for-rnd,,soninch45,""
19421165,19421165,SONG Kwang Ho,송광호,宋光浩,1942-05-10,새누리당,충북 제천시단양군,02-784-4071,http://www.songkh.com,"",http://www.assembly.go.kr/photo/.jpg),19,github.com/teampopong/data-for-rnd,/wiki/%EC%86%A1%EA%B4%91%ED%98%B8,songkh21,""
19471124,19471124,SONG Young Keun,송영근,宋泳勤,1947-09-28,새누리당,비례대표,02-784-8780,http://songlove.kr,songyk0530@hanmail.net,http://www.assembly.go.kr/photo/.jpg),19,github.com/teampopong/data-for-rnd,,"",""
1967147,1967147,SONG Ho Chang,송호창,宋皓彰,1967-02-14,새정치민주연합,경기 의왕시과천시,02-784-8870,http://www.hochang21.com,hochang67@hotmail.com,http://www.assembly.go.kr/photo/.jpg),19,github.com/teampopong/data-for-rnd,/wiki/%EC%86%A1%ED%98%B8%EC%B0%BD,HOwindow,hochangs1
1954216,1954216,SHIN Kyung Rim,신경림,辛瓊林,1954-03-22,새누리당,비례대표,02-784-8940,http://상선약수.com,"",http://www.assembly.go.kr/photo/.jpg),19,github.com/teampopong/data-for-rnd,,"",""
19531104,19531104,SHIN Kyoung Min,신경민,辛京珉,1953-08-19,새정치민주연합,서울 영등포구을,02-784-8950,http://mentshin.com,mentshin@naver.com,http://www.assembly.go.kr/photo/.jpg),19,github.com/teampopong/data-for-rnd,/wiki/%EC%8B%A0%EA%B2%BD%EB%AF%BC,mentshin,mentshin
19541102,19541102,SHIN Geh-ryoon,신계륜,申溪輪,1954-08-13,새정치민주연합,서울 성북구을,02-788-2460,http://www.sgr21.or.kr,sgr211@hanmail.net,http://www.assembly.go.kr/photo/.jpg),19,github.com/teampopong/data-for-rnd,/wiki/%EC%8B%A0%EA%B3%84%EB%A5%9C,shingr,sgr21
1952173,1952173,SHIN Ki-nam,신기남,辛基南,1952-10-16,새정치민주연합,서울 강서구갑,02-784-9160,http://www.skn.kr,skn8384@hanmail.net,http://www.assembly.go.kr/photo/.jpg),19,github.com/teampopong/data-for-rnd,/wiki/%EC%8B%A0%EA%B8%B0%EB%82%A8,skn21c,""
19531106,19531106,SHIN Dong-woo,신동우,申東雨,1953-06-06,새누리당,서울 강동구갑,02-784-9340,http://www.shindongwoo.co.kr,eastrain53@gmail.com,http://www.assembly.go.kr/photo/.jpg),19,github.com/teampopong/data-for-rnd,,eastrain53,eastrain53
19551147,19551147,SHIN Moon Sik,신문식,申文植,1955-03-28,새정치민주연합,비례대표,02-784-3772,"","",http://www.assembly.go.kr/photo/.jpg),19,github.com/teampopong/data-for-rnd,,,
19561113,19561113,SHIN Sang-jin,신상진,申相珍,1956-06-28,새누리당,경기 성남시중원구,02-784-1860~2,http://www.ssj.or.kr,ssj21c@na.go.kr,http://www.assembly.go.kr/photo/.jpg),19,github.com/teampopong/data-for-rnd,/wiki/%EC%8B%A0%EC%83%81%EC%A7%84,,
19631122,19631122,SHIN Sung Bum,신성범,愼聖範,1963-06-01,새누리당,경남 산청군함양군거창군,"02-784-1730, 02-788-2112",http://www.sbumshin.com,sbumshin@assembly.go.kr,http://www.assembly.go.kr/photo/.jpg),19,github.com/teampopong/data-for-rnd,/wiki/%EC%8B%A0%EC%84%B1%EB%B2%94,sbumshin,""
1964214,1964214,Yee Jin Shin,신의진,申宜眞,1964-04-10,새누리당,비례대표,02-784-9470,http://iloveshin.kr,yjshin@na.go.kr,http://www.assembly.go.kr/photo/.jpg),19,github.com/teampopong/data-for-rnd,/wiki/%EC%8B%A0%EC%9D%98%EC%A7%84,"",""
shin-jeung-hoon,,Shin Jeung Hoon,신정훈,辛正勳,1964-12-06,새정치민주연합,전남 나주시화순군,02-784-8380~2,http://blog.naver.com/newnaju21,jhshin6133@naver.com,http://www.assembly.go.kr/photo/.jpg),19,github.com/teampopong/data-for-rnd,,,
19521121,19521121,SHIN Hak Yong,신학용,辛鶴用,1952-01-21,새정치민주연합,인천 계양구갑,02-788-2165,http://www.seen.or.kr,hyshin7129@hanmail.net,http://www.assembly.go.kr/photo/.jpg),19,github.com/teampopong/data-for-rnd,/wiki/%EC%8B%A0%ED%95%99%EC%9A%A9,loveincheon,incheonlove
1959214,1959214,SIM Sang Jeung,심상정,沈相奵,1959-02-20,정의당,경기 고양시덕양구갑,02-784-9530,http://www.minsim.or.kr,sangjungsim@hanmail.net,http://www.assembly.go.kr/photo/.jpg),19,github.com/teampopong/data-for-rnd,/wiki/%EC%8B%AC%EC%83%81%EC%A0%95,sangjungsim,simsangjung
19541105,19541105,SHIM Yoon Joe,심윤조,沈允肇,1954-07-26,새누리당,서울 강남구갑,02-784-9542,http://www.shimyoonjoe.kr/,yjshim@na.go.kr,http://www.assembly.go.kr/photo/.jpg),19,github.com/teampopong/data-for-rnd,/wiki/%EC%8B%AC%EC%9C%A4%EC%A1%B0,yjshim2012,""
19461107,19461107,SHIM Jae Kwon,심재권,沈載權,1946-08-15,새정치민주연합,서울 강동구을,02-788-2485,http://blog.naver.com/shimjk815,sjk815@naver.com,http://www.assembly.go.kr/photo/.jpg),19,github.com/teampopong/data-for-rnd,/wiki/%EC%8B%AC%EC%9E%AC%EA%B6%8C,sjk0815,sjk815
19581117,19581117,SHIM Jae-chul,심재철,沈在哲,1958-01-18,새누리당,경기 안양시동안구을,02-784-4164,http://www.cleanshim.com,cleanshim@naver.com,http://www.assembly.go.kr/photo/.jpg),19,github.com/teampopong/data-for-rnd,/wiki/%EC%8B%AC%EC%9E%AC%EC%B2%A0,cleanshim,cleanshim
19611128,19611128,SIM Hagbong,심학봉,沈學鳳,1961-04-11,무소속,경북 구미시갑,02-784-9630,http://www.big-gumi.com,shb745@hanmail.net,http://www.assembly.go.kr/photo/.jpg),19,github.com/teampopong/data-for-rnd,,simhakbong,hakbongsim
1961196,1961196,AHN Gyu Baek,안규백,安圭伯,1961-04-29,새정치민주연합,서울 동대문구갑,02-784-4181,http://www.safe100.or.kr,intoan429@gmail.com,http://www.assembly.go.kr/photo/.jpg),19,github.com/teampopong/data-for-rnd,/wiki/%EC%95%88%EA%B7%9C%EB%B0%B1,agbhope,agbhope
1966164,1966164,AN Min Suk,안민석,安敏錫,1966-08-13,새정치민주연합,경기 오산시,02-784-3877,http://www.osan21.or.kr,ams2273@daum.net,http://www.assembly.go.kr/photo/.jpg),19,github.com/teampopong/data-for-rnd,/wiki/%EC%95%88%EB%AF%BC%EC%84%9D,eduhimang,osan21
ahn-sangsoo,,AHN Sangsoo,안상수,安相洙,1946-05-28,새누리당,인천 서구강화군을,02-784-2690~1,http://blog.naver.com/ahnssoo,ahnssoo@naver.com,http://www.assembly.go.kr/photo/.jpg),19,github.com/teampopong/data-for-rnd,,,
19621122,19621122,AHN Cheolsoo,안철수,安哲秀,1962-01-22,새정치민주연합,서울 노원구병,"02-788-2204, F 788-0184",http://ahncs.kr,ahncs0518@naver.com,http://www.assembly.go.kr/photo/.jpg),19,github.com/teampopong/data-for-rnd,/wiki/%EC%95%88%EC%B2%A0%EC%88%98,cheolsoo0919,
19511109,19511109,AHN Hong Joon,안홍준,安鴻俊,1951-03-02,새누리당,경남 창원시마산회원구,02-784-4366,http://www.cleanjun.com,masan-jun@hanmail.net,http://www.assembly.go.kr/photo/.jpg),19,github.com/teampopong/data-for-rnd,/wiki/%EC%95%88%ED%99%8D%EC%A4%80,masanjun,masan.jun
19551128,19551128,AHN Hyo Dae,안효대,安孝大,1955-07-27,새누리당,울산 동구,02-784-2371,http://www.hdahn.com,ahd823@hanmail.net,http://www.assembly.go.kr/photo/.jpg),19,github.com/teampopong/data-for-rnd,/wiki/%EC%95%88%ED%9A%A8%EB%8C%80,ahd0403,프로필
19591127,19591127,YANG Seoung Jo,양승조,梁承晁,1959-03-21,새정치민주연합,충남 천안시갑,02-784-2173,http://www.ysj.or.kr,YSJ@assembly.go.kr,http://www.assembly.go.kr/photo/.jpg),19,github.com/teampopong/data-for-rnd,/wiki/%EC%96%91%EC%8A%B9%EC%A1%B0,yangsim012,페이지
19431141,19431141,"Yang, Chang Young",양창영,楊昶榮,1943-03-10,새누리당,비례대표,02-784-9740,"",ycy513@naver.com,http://www.assembly.go.kr/photo/.jpg),19,github.com/teampopong/data-for-rnd,,,
19481134,19481134,YEO Sang Kyoo,여상규,余尙奎,1948-09-15,새누리당,경남 사천시남해군하동군,02-784-1845,http://www.sky21.co.kr,yeosk@assembly.go.kr,http://www.assembly.go.kr/photo/.jpg),19,github.com/teampopong/data-for-rnd,/wiki/%EC%97%AC%EC%83%81%EA%B7%9C,sky435,sky435
19611119,19611119,YEOM Dong Yeol,염동열,廉東烈,1961-02-28,새누리당,강원 태백시영월군평창군정선군,02-784-9820,http://www.eideabank.co.kr,signal9501@gmail.com,http://www.assembly.go.kr/photo/.jpg),19,github.com/teampopong/data-for-rnd,,DY_YEOM,yeomdy
1971143,1971143,OH Shinhwan,오신환,吳晨煥,1971-02-07,새누리당,서울 관악구을,02-784-5761,http://blog.naver.com/arang301,arang301@naver.com,http://www.assembly.go.kr/photo/.jpg),19,github.com/teampopong/data-for-rnd,,,
1967156,1967156,OH Young-sik,오영식,吳泳食,1967-02-28,새정치민주연합,서울 강북구갑,"02-784-2601, 788-2510",http://okys.kr,okys04@na.go.kr,http://www.assembly.go.kr/photo/.jpg),19,github.com/teampopong/data-for-rnd,/wiki/%EC%98%A4%EC%98%81%EC%8B%9D,okys04,ohys2012
19491117,19491117,OH Jae Sae,오제세,吳濟世,1949-04-05,새정치민주연합,충북 청주시흥덕구갑,02-788-2303,http://www.ojs.or.kr,"",http://www.assembly.go.kr/photo/.jpg),19,github.com/teampopong/data-for-rnd,/wiki/%EC%98%A4%EC%A0%9C%EC%84%B8,ojs0126,ojs0126
1962128,1962128,WOO Sang Ho,우상호,禹相虎,1962-12-12,새정치민주연합,서울 서대문구갑,02-784-3071,http://www.woosangho.net,wsh@assembly.go.kr,http://www.assembly.go.kr/photo/.jpg),19,github.com/teampopong/data-for-rnd,/wiki/%EC%9A%B0%EC%83%81%ED%98%B8,,
19571117,19571117,WOO Won-shik,우원식,禹元植,1957-09-18,새정치민주연합,서울 노원구을,02-784-3601~3,http://우원식.kr,reform1-1@hanmail.net,http://www.assembly.go.kr/photo/.jpg),19,github.com/teampopong/data-for-rnd,/wiki/%EC%9A%B0%EC%9B%90%EC%8B%9D,wonsikw,wonsikw
19571146,19571146,WOO Yoon Keun,우윤근,禹潤根,1957-09-24,새정치민주연합,전남 광양시구례군,02-784-1045,http://www.wyk.co.kr,wyk-lawyer@hanmail.net,http://www.assembly.go.kr/photo/.jpg),19,github.com/teampopong/data-for-rnd,/wiki/%EC%9A%B0%EC%9C%A4%EA%B7%BC,2020GG,2020GG
19621102,19621102,WON Yoo Chul,원유철,元裕哲,1962-09-26,새누리당,경기 평택시갑,02-784-4441,http://www.won21.or.kr,wonyoochul@daum.net,http://www.assembly.go.kr/photo/.jpg),19,github.com/teampopong/data-for-rnd,/wiki/%EC%9B%90%EC%9C%A0%EC%B2%A0,won6767,won6767
1951184,1951184,WON Hye-young,원혜영,元惠榮,1951-09-27,새정치민주연합,경기 부천시오정구,02-784-3106,http://www.wonhyeyoung.or.kr,whywon21@daum.net,http://www.assembly.go.kr/photo/.jpg),19,github.com/teampopong/data-for-rnd,/wiki/%EC%9B%90%ED%98%9C%EC%98%81,wonhyeyoung,whywon
19591141,19591141,YOO Ki June,유기준,兪奇濬,1959-08-10,새누리당,부산 서구,02-788-2493,http://www.seogu21c.com,piloyu@hanmail.net,http://www.assembly.go.kr/photo/.jpg),19,github.com/teampopong/data-for-rnd,/wiki/%EC%9C%A0%EA%B8%B0%EC%A4%80_(1959%EB%85%84),YOOKIJUNE,YOOKIJUNE
1958194,1958194,YOO Ki Hong,유기홍,柳基洪,1958-06-11,새정치민주연합,서울 관악구갑,02-788-2522,http://www.kihong.or.kr,youngkor@naver.com,http://www.assembly.go.kr/photo/.jpg),19,github.com/teampopong/data-for-rnd,/wiki/%EC%9C%A0%EA%B8%B0%ED%99%8D,yookihong,58kihong
1950183,1950183,YOU Dae Woon,유대운,劉大運,1950-01-10,새정치민주연합,서울 강북구을,02-784-3781,http://goodluck2you.net,you7715@naver.com,http://www.assembly.go.kr/photo/.jpg),19,github.com/teampopong/data-for-rnd,/wiki/%EC%9C%A0%EB%8C%80%EC%9A%B4,yy7715,you7715
19601160,19601160,YOU Sung-yop,유성엽,柳成葉,1960-01-25,새정치민주연합,전북 정읍시,"02-788-2209, 063-537-1788",http://www.yajeong.or.kr,yousuoy@hanmail.net,http://www.assembly.go.kr/photo/.jpg),19,github.com/teampopong/data-for-rnd,/wiki/%EC%9C%A0%EC%84%B1%EC%97%BD,yousuoy,yajeong
19581103,19581103,YOO Seong Min,유승민,劉承旼,1958-01-07,새누리당,대구 동구을,02-784-1840,http://www.ysm21.com,ysm21com@naver.com,http://www.assembly.go.kr/photo/.jpg),19,github.com/teampopong/data-for-rnd,/wiki/%EC%9C%A0%EC%8A%B9%EB%AF%BC,hannaraysm,SminYoo
19481136,19481136,YOO Seung Woo,유승우,柳勝優,1948-11-25,무소속,경기 이천시,02-784-4020,http://www.ysw2000.kr,"",http://www.assembly.go.kr/photo/.jpg),19,github.com/teampopong/data-for-rnd,,yoosw2000,yoosw2000
196022,196022,YOU Seung-hee,유승희,兪承希,1960-04-26,새정치민주연합,서울 성북구갑,02-784-4091,http://www.yoush.org/,337ysh@assembly.go.kr,http://www.assembly.go.kr/photo/.jpg),19,github.com/teampopong/data-for-rnd,/wiki/%EC%9C%A0%EC%8A%B9%ED%9D%AC,337ysh,youseunghee
196229,196229,YOO Eun Hae,유은혜,兪銀惠,1962-10-02,새정치민주연합,경기 고양시일산동구,02-784-4291,http://way2yoo.com,way2yoo@naver.com,http://www.assembly.go.kr/photo/.jpg),19,github.com/teampopong/data-for-rnd,/wiki/%EC%9C%A0%EC%9D%80%ED%98%9C,yooeunhae,ilsaneast2012
yu-eui-dong,,Yu Eui Dong,유의동,兪義東,1971-06-23,새누리당,경기 평택시을,02-784-7351,http://yueuidong.com,ptopen730@naver.com,http://www.assembly.go.kr/photo/.jpg),19,github.com/teampopong/data-for-rnd,,,
19481137,19481137,YOO Ihn-tae,유인태,柳寅泰,1948-09-05,새정치민주연합,서울 도봉구을,"02-784-4367, 02-788-2563",http://yit92.tistory.com,yit92@hanmail.net,http://www.assembly.go.kr/photo/.jpg),19,github.com/teampopong/data-for-rnd,/wiki/%EC%9C%A0%EC%9D%B8%ED%83%9C,yit92,yit92
19551152,19551152,YOO Il Ho,유일호,柳一鎬,1955-03-30,새누리당,서울 송파구을,02-784-3161,http://www.yooilho.co.kr,ilhoyoo@yahoo.co.kr,http://www.assembly.go.kr/photo/.jpg),19,github.com/teampopong/data-for-rnd,/wiki/%EC%9C%A0%EC%9D%BC%ED%98%B8,ilhoYoo,프로필
19561106,19561106,YOO Jae Jung,유재중,柳在仲,1956-03-27,새누리당,부산 수영구,02-784-6066,http://www.yjj21.co.kr,yoo@na.go.kr,http://www.assembly.go.kr/photo/.jpg),19,github.com/teampopong/data-for-rnd,/wiki/%EC%9C%A0%EC%9E%AC%EC%A4%91,Yoojaejung,jaejungy
19601146,19601146,"YOUN, Kwan Suk",윤관석,尹官石,1960-08-17,새정치민주연합,인천 남동구을,02-784-4380,http://blog.daum.net/ysj2005,winneryks@naver.com,http://www.assembly.go.kr/photo/.jpg),19,github.com/teampopong/data-for-rnd,/wiki/%EC%9C%A4%EA%B4%80%EC%84%9D,yks0817,yks0817
1956216,1956216,YOON Myung Hee,윤명희,尹明熙,1956-08-26,새누리당,비례대표,02-784-4630,http://www.mhyoon.or.kr,m567h@na.go.kr,http://www.assembly.go.kr/photo/.jpg),19,github.com/teampopong/data-for-rnd,,"",""
1962194,1962194,YOON Sang Hyun,윤상현,尹相現,1962-12-01,새누리당,인천 남구을,02-788-2805,http://www.shyoon.co.kr,shyoon@na.go.kr,http://www.assembly.go.kr/photo/.jpg),19,github.com/teampopong/data-for-rnd,/wiki/%EC%9C%A4%EC%83%81%ED%98%84,sanghyun_yoon,yoonsanghyun1962
19641100,19641100,YOON Young-seok,윤영석,尹永碩,1964-10-07,새누리당,경남 양산시,02-784-4861,"",hangomy@assembly.go.kr,http://www.assembly.go.kr/photo/.jpg),19,github.com/teampopong/data-for-rnd,/wiki/%EC%9C%A4%EC%98%81%EC%84%9D,hangomy,hangomy
19611104,19611104,YUN Jae Ok,윤재옥,尹在玉,1961-09-10,새누리당,대구 달서구을,02-784-4871,http://www.yunjaeok.com,7882579@naver.com,http://www.assembly.go.kr/photo/.jpg),19,github.com/teampopong/data-for-rnd,/wiki/%EC%9C%A4%EC%9E%AC%EC%98%A5,yunjaeok,yunjaeok
1963169,1963169,YUN Ho Jung,윤호중,尹昊重,1963-03-27,새정치민주연합,경기 구리시,02-784-4961~3,http://blog.naver.com/hjyun327,hjyun327@gmail.com,http://www.assembly.go.kr/photo/.jpg),19,github.com/teampopong/data-for-rnd,/wiki/%EC%9C%A4%ED%98%B8%EC%A4%91,dpcorea,""
19571136,19571136,YOON Hu Duk,윤후덕,尹厚德,1957-01-09,새정치민주연합,경기 파주시갑,02-788-2587,http://pajulove.kr,yoons609@hanmail.net,http://www.assembly.go.kr/photo/.jpg),19,github.com/teampopong/data-for-rnd,/wiki/%EC%9C%A4%ED%9B%84%EB%8D%95,yoons609,yoons609
196328,196328,EUN Soo Mi,은수미,殷秀美,1963-12-06,새정치민주연합,비례대표,02-784-5477~9,http://www.hopesumi.com,hopesumi@na.go.kr,http://www.assembly.go.kr/photo/.jpg),19,github.com/teampopong/data-for-rnd,/wiki/%EC%9D%80%EC%88%98%EB%AF%B8,hopesumi,hopesumi
19531115,19531115,LEE Kanghoo,이강후,李康厚,1953-06-04,새누리당,강원 원주시을,02-784-5490,http://www.leekanghoo.kr,leekh@assembly.go.kr,http://www.assembly.go.kr/photo/.jpg),19,github.com/teampopong/data-for-rnd,,"",ganghu3
"lee,-kai-ho",,"Lee, Kai-Ho",이개호,李介昊,1959-06-23,새정치민주연합,전남 담양군함평군영광군장성군,02-788-2226,www.leegaeho.co.kr,7880291@naver.com,http://www.assembly.go.kr/photo/.jpg),19,github.com/teampopong/data-for-rnd,,,
19521109,19521109,LEE Koon Hyon,이군현,李君賢,1952-03-12,새누리당,경남 통영시고성군,02-784-6327,http://www.leekh.kr,koonhyonlee@hanmail.net,http://www.assembly.go.kr/photo/.jpg),19,github.com/teampopong/data-for-rnd,/wiki/%EC%9D%B4%EA%B5%B0%ED%98%84,koonhyon,koonhyon
19541103,19541103,LEE No Keun,이노근,李老根,1954-03-09,새누리당,서울 노원구갑,02-788-2602,http://www.lng5238.net,lng5238@hanmail.net,http://www.assembly.go.kr/photo/.jpg),19,github.com/teampopong/data-for-rnd,/wiki/%EC%9D%B4%EB%85%B8%EA%B7%BC,nokeunlee,lng5238
19501100,19501100,LEE Man-woo,이만우,李萬雨,1950-08-25,새누리당,비례대표,02-784-5621,http://blog.naver.com/leemanwoo715,mwlee@na.go.kr,http://www.assembly.go.kr/photo/.jpg),19,github.com/teampopong/data-for-rnd,,"",""
19551133,19551133,LEE Myoung Su,이명수,李明洙,1955-02-11,새누리당,충남 아산시,02-788-2891,http://www.mslee.co.kr/,mslee3@assembly.go.kr,http://www.assembly.go.kr/photo/.jpg),19,github.com/teampopong/data-for-rnd,/wiki/%EC%9D%B4%EB%AA%85%EC%88%98_(1955%EB%85%84),msdaehan,msdaehan
19531103,19531103,RHEE Mok Hee,이목희,李穆熙,1953-09-10,새정치민주연합,서울 금천구,02-784-5750,http://www.mokhee.com,mokhee@nate.com,http://www.assembly.go.kr/photo/.jpg),19,github.com/teampopong/data-for-rnd,/wiki/%EC%9D%B4%EB%AA%A9%ED%9D%AC,2mokhee,""
lee-mi-kyung,,LEE Mi Kyung,이미경,李美卿,1950-09-20,새정치민주연합,서울 은평구갑,02-788-2619,http://www.leemikyung.net,lmk2014@na.go.kr,http://www.assembly.go.kr/photo/.jpg),19,github.com/teampopong/data-for-rnd,,,
19521108,19521108,LEE Byung Suk,이병석,李秉錫,1952-10-28,새누리당,경북 포항시북구,02-788-2641,http://www.musoi.com,lbs@assembly.go.kr,http://www.assembly.go.kr/photo/.jpg),19,github.com/teampopong/data-for-rnd,/wiki/%EC%9D%B4%EB%B3%91%EC%84%9D,leebyungsuk,leebyungsuk
19581111,19581111,LEE Sang Min,이상민,李相珉,1958-01-22,새정치민주연합,대전 유성구,02-784-0924,http://www.smlee.or.kr,smlee@assembly.go.kr,http://www.assembly.go.kr/photo/.jpg),19,github.com/teampopong/data-for-rnd,/wiki/%EC%9D%B4%EC%83%81%EB%AF%BC,esangmin,esangmin
19611135,19611135,LEE Sang Il,이상일,李相逸,1961-10-31,새누리당,비례대표,02-784-5871,http://www.silee.co.kr,win.yongin@na.go.kr,http://www.assembly.go.kr/photo/.jpg),19,github.com/teampopong/data-for-rnd,/wiki/%EC%9D%B4%EC%83%81%EC%9D%BC,"",""
19631115,19631115,LEE Sanng Jik,이상직,李相稷,1963-01-30,새정치민주연합,전북 전주시완산구을,02-784-5891,http://www.2go2.kr,ace_hope@hanmail.net,http://www.assembly.go.kr/photo/.jpg),19,github.com/teampopong/data-for-rnd,,ace_hope,acehope
19511101,19511101,LEE Seok Hyun,이석현,李錫玄,1951-03-16,새정치민주연합,경기 안양시동안구갑,02-784-1631,http://www.lsh4u.kr,esh337@hanmail.net,http://www.assembly.go.kr/photo/.jpg),19,github.com/teampopong/data-for-rnd,/wiki/%EC%9D%B4%EC%84%9D%ED%98%84,lsh4u,lsh4u
1972218,1972218,LEE Un Ju,이언주,李彦周,1972-11-08,새정치민주연합,경기 광명시을,02-784-6201,http://www.leeunju.com,leeuj@assembly.go.kr,http://www.assembly.go.kr/photo/.jpg),19,github.com/teampopong/data-for-rnd,/wiki/%EC%9D%B4%EC%96%B8%EC%A3%BC,k2newface,leeuj72
1954215,1954215,LEE Elisa,이에리사,李에리사,1954-08-15,새누리당,비례대표,02-788-2634,http://blog.naver.com/sarajevo1973,sarajevo1973@naver.com,http://www.assembly.go.kr/photo/.jpg),19,github.com/teampopong/data-for-rnd,/wiki/%EC%9D%B4%EC%97%90%EB%A6%AC%EC%82%AC,"",""
lee-wan-koo,,LEE Wan Koo,이완구,李完九,1950-06-02,새누리당,충남 부여군청양군,02-784-1460~2,http://www.leewankoo.com,0424victory@hanmail.net,http://www.assembly.go.kr/photo/.jpg),19,github.com/teampopong/data-for-rnd,,,
19571147,19571147,YI Wan Young,이완영,李完永,1957-07-07,새누리당,경북 고령군성주군칠곡군,02-784-6351,http://www.leedandi.kr,yiwy5777@naver.com,http://www.assembly.go.kr/photo/.jpg),19,github.com/teampopong/data-for-rnd,,"",wanyoung77
19571103,19571103,LEE Woo Hyun,이우현,李愚鉉,1957-01-03,새누리당,경기 용인시갑,02-784-6441,http://blog.naver.com/bravolwh,lwh99@hanmail.net,http://www.assembly.go.kr/photo/.jpg),19,github.com/teampopong/data-for-rnd,/wiki/%EC%9D%B4%EC%9A%B0%ED%98%84_(1957%EB%85%84),lwh99_,""
19611136,19611136,LEE Un Ryong,이운룡,李雲龍,1961-07-15,새누리당,비례대표,02-784-4360,"",urlee2004@naver.com,http://www.assembly.go.kr/photo/.jpg),19,github.com/teampopong/data-for-rnd,,,
19631105,19631105,LEE Won Wook,이원욱,李元旭,1963-03-20,새정치민주연합,경기 화성시을,02-784-6471,http://blog.naver.com/ewon33,ewon33@hanmail.net,http://www.assembly.go.kr/photo/.jpg),19,github.com/teampopong/data-for-rnd,,ewon33,ewon33
19601163,19601163,LEE Yoon Seok,이윤석,李潤錫,1960-03-16,새정치민주연합,전남 무안군신안군,02-784-2417,http://www.leeyoonseok.kr,lys6062@assembly.go.kr,http://www.assembly.go.kr/photo/.jpg),19,github.com/teampopong/data-for-rnd,,Lee_Yoon_Seok,프로필
19591126,19591126,LEE Lee Jae,이이재,李利在,1959-03-17,새누리당,강원 동해시삼척시,02-784-6651,http://www.eej.or.kr,eej540@assembly.go.kr,http://www.assembly.go.kr/photo/.jpg),19,github.com/teampopong/data-for-rnd,,eej365,eej365
1964170,1964170,LEE In-young,이인영,李仁榮,1964-06-28,새정치민주연합,서울 구로구갑,02-784-6811~3,http://www.inyoung.net,liy1964@empal.com,http://www.assembly.go.kr/photo/.jpg),19,github.com/teampopong/data-for-rnd,/wiki/%EC%9D%B4%EC%9D%B8%EC%98%81_(1964%EB%85%84),lee_inyoung,guroliy
19481130,19481130,RHEE In-je,이인제,李仁濟,1948-12-11,새누리당,충남 논산시계룡시금산군,02-788-2953,http://www.ijworld.or.kr,ij@assembly.go.kr,http://www.assembly.go.kr/photo/.jpg),19,github.com/teampopong/data-for-rnd,/wiki/%EC%9D%B4%EC%9D%B8%EC%A0%9C,powerIJ,powerij
197728,197728,LEE Jasmine,이자스민,李자스민,1977-01-06,새누리당,비례대표,02-784-6831,http://blog.naver.com/jasmine__lee,jasminelee@assembly.go.kr,http://www.assembly.go.kr/photo/.jpg),19,github.com/teampopong/data-for-rnd,/wiki/%EC%9D%B4%EC%9E%90%EC%8A%A4%EB%AF%BC,"",""
1965187,1965187,LEE Jang Woo,이장우,李莊雨,1965-02-10,새누리당,대전 동구,02-784-6931,http://blog.naver.com/jwoo37,jwoo2772@hanmail.net,http://www.assembly.go.kr/photo/.jpg),19,github.com/teampopong/data-for-rnd,/wiki/%EC%9D%B4%EC%9E%A5%EC%9A%B0_(1965%EB%85%84),jangwoo2020,jwoo37
lee-jae-young,,LEE Jae Young,이재영,李宰榮,1975-11-16,새누리당,비례대표,02-784-7141~3,http://www.jaeyoung.net,jaeyoung@assembly.go.kr,http://www.assembly.go.kr/photo/.jpg),19,github.com/teampopong/data-for-rnd,,,
1945194,1945194,LEE Jae Oh,이재오,李在五,1945-01-11,새누리당,서울 은평구을,02-784-7925,http://www.leejo.net,leejo@na.go.kr,http://www.assembly.go.kr/photo/.jpg),19,github.com/teampopong/data-for-rnd,/wiki/%EC%9D%B4%EC%9E%AC%EC%98%A4,JaeOhYi,jaeohyi.joy
lee-jung-hyun,,Lee Jung Hyun,이정현,李貞鉉,1958-09-01,새누리당,전남 순천시곡성군,02)784-5031,http://www.이정현.com,jhlee519519@hanmail.net,http://www.assembly.go.kr/photo/.jpg),19,github.com/teampopong/data-for-rnd,,,
19571101,19571101,LEE Jong Kul,이종걸,李鍾杰,1957-05-22,새정치민주연합,경기 안양시만안구,02-788-2694,http://www.ljk.co.kr,anyang21@hanmail.net,http://www.assembly.go.kr/photo/.jpg),19,github.com/teampopong/data-for-rnd,/wiki/%EC%9D%B4%EC%A2%85%EA%B1%B8,leejongkul,페이지
19191112,19191112,"Lee, Jong-Bae",이종배,李鍾培,1957-05-30,새누리당,충북 충주시,02-784-4131~3,"",victoryljb@naver.com,http://www.assembly.go.kr/photo/.jpg),19,github.com/teampopong/data-for-rnd,,,
1950187,1950187,LEE Jong Jin,이종진,李鐘鎭,1950-05-05,새누리당,대구 달성군,02-784-7431,http://www.ljj2012.kr/,"",http://www.assembly.go.kr/photo/.jpg),19,github.com/teampopong/data-for-rnd,/wiki/%EC%9D%B4%EC%A2%85%EC%A7%84_(1950%EB%85%84),ljj20121,ljj2012
19601149,19601149,RHEE Chong Hoon,이종훈,李宗勳,1960-07-01,새누리당,경기 성남시분당구갑,02-784-7451,http://www.withbundang.com,rhee@na.go.kr,http://www.assembly.go.kr/photo/.jpg),19,github.com/teampopong/data-for-rnd,/wiki/%EC%9D%B4%EC%A2%85%ED%9B%88_(1960%EB%85%84),"",""
19511108,19511108,LEE Ju-young,이주영,李柱榮,1951-09-30,새누리당,경남 창원시마산합포구,02-784-5283,http://www.newmasan.com,newmasan@assembly.go.kr,http://www.assembly.go.kr/photo/.jpg),19,github.com/teampopong/data-for-rnd,/wiki/%EC%9D%B4%EC%A3%BC%EC%98%81,newmasan,newmasan315
19571120,19571120,LEE Jin Bok,이진복,李珍福,1957-10-18,새누리당,부산 동래구,02-784-4316,http://www.leejinbok.co.kr/,jinbok57@na.go.kr,http://www.assembly.go.kr/photo/.jpg),19,github.com/teampopong/data-for-rnd,/wiki/%EC%9D%B4%EC%A7%84%EB%B3%B5_(1957%EB%85%84),JinBok57,leejinbok57
19591117,19591117,LEE Chan-yeol,이찬열,李燦烈,1959-07-15,새정치민주연합,경기 수원시갑,02-788-2975,http://leecy.or.kr,leecy@assembly.go.kr,http://www.assembly.go.kr/photo/.jpg),19,github.com/teampopong/data-for-rnd,/wiki/%EC%9D%B4%EC%B0%AC%EC%97%B4,leecy_jangan,2chan10
19551127,19551127,LEE Cha Ik,이채익,李埰益,1955-05-27,새누리당,울산 남구갑,02-784-8011~3,http://www.이채익.com,lci8572@naver.com,http://www.assembly.go.kr/photo/.jpg),19,github.com/teampopong/data-for-rnd,/wiki/%EC%9D%B4%EC%B1%84%EC%9D%B5,lci8572,프로필
lee-cheol-woo,,LEE Cheol Woo,이철우,李喆雨,1955-08-15,새누리당,경북 김천시,02-788-2461,http://www.leecw.pe.kr/,lcw619@hanmail.net,http://www.assembly.go.kr/photo/.jpg),19,github.com/teampopong/data-for-rnd,,,
1963117,1963117,LEE Choon Suak,이춘석,李春錫,1963-03-07,새정치민주연합,전북 익산시갑,02-784-3285,http://www.ebyon.com,lcs1747@na.go.kr,http://www.assembly.go.kr/photo/.jpg),19,github.com/teampopong/data-for-rnd,/wiki/%EC%9D%B4%EC%B6%98%EC%84%9D,lcs1747,chunseog.i
19521132,19521132,LEE Hack Young,이학영,李學永,1952-04-16,새정치민주연합,경기 군포시,02-784-8051,http://ofthepeople.kr,youngcamp1@gmail.com,http://www.assembly.go.kr/photo/.jpg),19,github.com/teampopong/data-for-rnd,/wiki/%EC%9D%B4%ED%95%99%EC%98%81,hackyoung1,hackyoung
19641105,19641105,LEE Hag Jae,이학재,李鶴宰,1964-08-19,새누리당,인천 서구강화군갑,02-784-1884~6,http://www.leehj.net,hjv6465@assembly.go.kr,http://www.assembly.go.kr/photo/.jpg),19,github.com/teampopong/data-for-rnd,/wiki/%EC%9D%B4%ED%95%99%EC%9E%AC,hjv6465,hjv6465
1945180,1945180,LEE Hahn Koo,이한구,李漢久,1945-12-12,새누리당,대구 수성구갑,02-788-2430,http://www.e219.or.kr,e219@e219.or.kr,http://www.assembly.go.kr/photo/.jpg),19,github.com/teampopong/data-for-rnd,/wiki/%EC%9D%B4%ED%95%9C%EA%B5%AC,smart219,Smart219
19571154,19571154,LEE Hansung,이한성,李翰成,1957-04-05,새누리당,경북 문경시예천군,02-784-2135,http://www.leehs.kr,hansung@na.go.kr,http://www.assembly.go.kr/photo/.jpg),19,github.com/teampopong/data-for-rnd,/wiki/%EC%9D%B4%ED%95%9C%EC%84%B1,lee_han_sung,""
19521128,19521128,LEE Hae Chan,이해찬,李海瓚,1952-07-10,새정치민주연합,세종특별자치시,02-784-7901,http://www.lhc21.net,lhc21c@assembly.go.kr,http://www.assembly.go.kr/photo/.jpg),19,github.com/teampopong/data-for-rnd,/wiki/%EC%9D%B4%ED%95%B4%EC%B0%AC,lhc21net,lhc21net
1963191,1963191,LEE Hun Seung,이헌승,李憲昇,1963-05-11,새누리당,부산 부산진구을,02-784-7911,http://www.ilovebusanjin.com,ilovebusanjin@hanmail.net,http://www.assembly.go.kr/photo/.jpg),19,github.com/teampopong/data-for-rnd,/wiki/%EC%9D%B4%ED%97%8C%EC%8A%B9,g7member,프로필
19491115,19491115,LEE Hyun-jae,이현재,李賢在,1949-04-25,새누리당,경기 하남시,02-784-8071,http://www.lhj21.com,hanam432@naver.com,http://www.assembly.go.kr/photo/.jpg),19,github.com/teampopong/data-for-rnd,/wiki/%EC%9D%B4%ED%98%84%EC%9E%AC_(1949%EB%85%84),hannaralhj,hannaralhj
1953215,1953215,IN Jae Keun,인재근,印在謹,1953-11-11,새정치민주연합,서울 도봉구갑,02-784-8091,http://www.ijk.or.kr,ijgalso@daum.net,http://www.assembly.go.kr/photo/.jpg),19,github.com/teampopong/data-for-rnd,/wiki/%EC%9D%B8%EC%9E%AC%EA%B7%BC,JGT_FOREVER,ijk2012
19521124,19521124,LIM Nae-hyun,임내현,林來玄,1952-12-21,새정치민주연합,광주 북구을,02-784-8101,http://www.nhlim.com,nhoffice@naver.com,http://www.assembly.go.kr/photo/.jpg),19,github.com/teampopong/data-for-rnd,,nhlim52,프로필
1968213,1968213,LIM Su-kyung,임수경,林秀卿,1968-11-06,새정치민주연합,비례대표,02-784-8191,http://blog.naver.com/su_blog,su.data663@gmail.com,http://www.assembly.go.kr/photo/.jpg),19,github.com/teampopong/data-for-rnd,/wiki/%EC%9E%84%EC%88%98%EA%B2%BD,su_corea,""
19521123,19521123,CHANG Byoung Wan,장병완,張秉浣,1952-05-05,새정치민주연합,광주 남구,02-784-5270,http://www.cbwhope.or.kr,cbwhope@naver.com,http://www.assembly.go.kr/photo/.jpg),19,github.com/teampopong/data-for-rnd,/wiki/%EC%9E%A5%EB%B3%91%EC%99%84,cbwhope,byeongwan.jang
1950199,1950199,CHANG Yoon Seok,장윤석,張倫碩,1950-01-05,새누리당,경북 영주시,02-784-5072,http://www.yschang49.or.kr,yschang49@assembly.go.kr,http://www.assembly.go.kr/photo/.jpg),19,github.com/teampopong/data-for-rnd,/wiki/%EC%9E%A5%EC%9C%A4%EC%84%9D,"",프로필
1967213,1967213,JANG Jung-eun,장정은,張廷銀,1967-06-21,새누리당,비례대표,02-784-5901,"",jungeun0016@naver.com,http://www.assembly.go.kr/photo/.jpg),19,github.com/teampopong/data-for-rnd,,,
197729,197729,CHANG Ha Na,장하나,張하나,1977-06-19,새정치민주연합,비례대표,02-784-8231,http://www.onethehuman.com,onethehuman@gmail.com,http://www.assembly.go.kr/photo/.jpg),19,github.com/teampopong/data-for-rnd,/wiki/%EC%9E%A5%ED%95%98%EB%82%98,onethehuman,onethehuman
1958172,1958172,JUN Byung Hun,전병헌,田炳憲,1958-03-17,새정치민주연합,서울 동작구갑,02-788-2038,http://blog.daum.net/bhjun,bhjun@assembly.go.kr,http://www.assembly.go.kr/photo/.jpg),19,github.com/teampopong/data-for-rnd,/wiki/%EC%A0%84%EB%B3%91%ED%97%8C,BHJun,프로필
1953218,1953218,CHUN Soon Ok,전순옥,全順玉,1953-05-05,새정치민주연합,비례대표,02-784-8551,http://blog.naver.com/sparksoon,spark@soonok.kr,http://www.assembly.go.kr/photo/.jpg),19,github.com/teampopong/data-for-rnd,/wiki/%EC%A0%84%EC%88%9C%EC%98%A5,"",""
1960216,1960216,JEON Jeong Hee,전정희,全正姬,1960-10-24,새정치민주연합,전북 익산시을,02-784-8630~2,http://www.jjhiksanlove.com,jhjeon411@naver.com,http://www.assembly.go.kr/photo/.jpg),19,github.com/teampopong/data-for-rnd,,Jeon_Jeonghee,jjhv411
19581115,19581115,JHUN Ha Jin,전하진,田夏鎭,1958-09-02,새누리당,경기 성남시분당구을,02-784-8731,http://www.hajin.com,hajin366@naver.com,http://www.assembly.go.kr/photo/.jpg),19,github.com/teampopong/data-for-rnd,/wiki/%EC%A0%84%ED%95%98%EC%A7%84,hajinJ,hajinj
19621104,19621104,JEON Hae Cheol,전해철,全海澈,1962-05-18,새정치민주연합,경기 안산시상록구갑,02-784-8901,http://haec-jeon.tistory.com,sangrokgab@naver.com,http://www.assembly.go.kr/photo/.jpg),19,github.com/teampopong/data-for-rnd,,HaeC_J,HaecheorJeon
1950188,1950188,JEONG Kab Yoon,정갑윤,鄭甲潤,1950-11-08,새누리당,울산 중구,02-784-5275,http://www.mrjung.net,mrjung@assembly.go.kr,http://www.assembly.go.kr/photo/.jpg),19,github.com/teampopong/data-for-rnd,/wiki/%EC%A0%95%EA%B0%91%EC%9C%A4,kyjung2206,himrjung
1957191,1957191,CHUNG Doo-un,정두언,鄭斗彦,1957-03-06,새누리당,서울 서대문구을,02-784-4195,http://www.doodoodoo.co.kr,dooun4u@hanmail.net,http://www.assembly.go.kr/photo/.jpg),19,github.com/teampopong/data-for-rnd,/wiki/%EC%A0%95%EB%91%90%EC%96%B8,doorun,doorundoorun
1966167,1966167,CHUNG Moon Hun,정문헌,鄭文憲,1966-05-04,새누리당,강원 속초시고성군양양군,02-788-2815,http://www.hunny.or.kr,moonhunc@assembly.go.kr,http://www.assembly.go.kr/photo/.jpg),19,github.com/teampopong/data-for-rnd,/wiki/%EC%A0%95%EB%AC%B8%ED%97%8C,ChungMoonHun,moonhunc
196528,196528,CHUNG MI KYUNG,정미경,鄭美京,1965-09-17,새누리당,경기 수원시을,"02-784-9480, 031-231-8884",http://blog.naver.com/hega33,hega33@naver.com,http://www.assembly.go.kr/photo/.jpg),19,github.com/teampopong/data-for-rnd,/wiki/%EC%A0%95%EB%AF%B8%EA%B2%BD_(1965%EB%85%84),,
choung-byoung-gug,,CHOUNG Byoung-gug,정병국,鄭柄國,1958-02-10,새누리당,경기 여주군양평군가평군,02-788-2210,http://www.byounggug.co.kr,bgchoung@assembly.go.kr,http://www.assembly.go.kr/photo/.jpg),19,github.com/teampopong/data-for-rnd,,,
19621103,19621103,JUNG Sung Ho,정성호,鄭成湖,1962-06-02,새정치민주연합,경기 양주시동두천시,02-784-8991,http://www.jungsh.co.kr,jsh35351@naver.com,http://www.assembly.go.kr/photo/.jpg),19,github.com/teampopong/data-for-rnd,,JungSungho1,JungSungho1
1950181,1950181,CHUNG Sye-kyun,정세균,丁世均,1950-09-26,새정치민주연합,서울 종로구,02-788-2895,http://www.skchung.or.kr,skchung@assembly.go.kr,http://www.assembly.go.kr/photo/.jpg),19,github.com/teampopong/data-for-rnd,/wiki/%EC%A0%95%EC%84%B8%EA%B7%A0,sk0926,peopleinside2012
19461135,19461135,JUNG Soo-sung,정수성,鄭壽星,1946-01-02,새누리당,경북 경주시,02-788-2893,http://www.jss4star.co.kr,jss4star@assembly.go.kr,http://www.assembly.go.kr/photo/.jpg),19,github.com/teampopong/data-for-rnd,/wiki/%EC%A0%95%EC%88%98%EC%84%B1_(%EC%A0%95%EC%B9%98%EC%9D%B8),"",""
1962142,1962142,Jeong Yong Ki,정용기,鄭容起,1962-06-01,새누리당,대전 대덕구,02-784-7190,"",jbrave119@naver.com,http://www.assembly.go.kr/photo/.jpg),19,github.com/teampopong/data-for-rnd,,,
19531117,19531117,CHUNG Woo Taik,정우택,鄭宇澤,1953-02-18,새누리당,충북 청주시상당구,02-784-9071,http://www.wtc21.co.kr,wtc218@gmail.com,http://www.assembly.go.kr/photo/.jpg),19,github.com/teampopong/data-for-rnd,/wiki/%EC%A0%95%EC%9A%B0%ED%83%9D_(1953%EB%85%84),bigwtc,bigwtc
19481123,19481123,Chung Ui Hwa,정의화,鄭義和,1948-12-18,무소속,부산 중구동구,02-788-2125,http://www.justice21.or.kr,ceh312@naver.com,http://www.assembly.go.kr/photo/.jpg),19,github.com/teampopong/data-for-rnd,/wiki/%EC%A0%95%EC%9D%98%ED%99%94,justicehwa,JusticeHwa
19571151,19571151,JEONG Jinhoo,정진후,鄭鎭珝,1957-11-06,정의당,비례대표,02-784-9130/ FAX. 02-788-0357,http://www.jinhoo.co.kr,eduhopejjh@naver.com,http://www.assembly.go.kr/photo/.jpg),19,github.com/teampopong/data-for-rnd,/wiki/%EC%A0%95%EC%A7%84%ED%9B%84,ktuhope,ktubox
19651109,19651109,JUNG Cheong Rae,정청래,鄭淸來,1965-04-18,새정치민주연합,서울 마포구을,02-784-9241,http://www.mapopower.or.kr,ssaribi317@hanmail.net,http://www.assembly.go.kr/photo/.jpg),19,github.com/teampopong/data-for-rnd,/wiki/%EC%A0%95%EC%B2%AD%EB%9E%98,ssaribi,cheongrae
1971140,1971140,CHYUNG Hojoon,정호준,鄭皓駿,1971-02-19,새정치민주연합,서울 중구,02-784-9401,http://www.lovejunggu.com,chyung21@gmail.com,http://www.assembly.go.kr/photo/.jpg),19,github.com/teampopong/data-for-rnd,/wiki/%EC%A0%95%ED%98%B8%EC%A4%80,chyung21,chyung21
19531123,19531123,CHUNG Hee Soo,정희수,鄭熙秀,1953-10-25,새누리당,경북 영천시,02-784-2855,http://www.happy01000.net,jhs01000@hanmail.net,http://www.assembly.go.kr/photo/.jpg),19,github.com/teampopong/data-for-rnd,/wiki/%EC%A0%95%ED%9D%AC%EC%88%98,jhs01000,jhs01000love
1968139,1968139,CHO Kyoung-tae,조경태,趙慶泰,1968-01-10,새정치민주연합,부산 사하구을,02-784-6380,http://www.ktclub.kr,yeskt@ktclub.kr,http://www.assembly.go.kr/photo/.jpg),19,github.com/teampopong/data-for-rnd,/wiki/%EC%A1%B0%EA%B2%BD%ED%83%9C,Choforce,Choforce
19591136,19591136,CHO Myung Chul,조명철,趙明哲,1959-04-02,새누리당,비례대표,02-784-2455,http://blog.daum.net/cho-1011,unicho1011@naver.com,http://www.assembly.go.kr/photo/.jpg),19,github.com/teampopong/data-for-rnd,,unicho7,UniCho
19591111,19591111,CHO Won jin,조원진,趙源震,1959-01-07,새누리당,대구 달서구병,02-788-2361,http://www.chowonjin.com,johj98@assembly.go.kr,http://www.assembly.go.kr/photo/.jpg),19,github.com/teampopong/data-for-rnd,/wiki/%EC%A1%B0%EC%9B%90%EC%A7%84,cho_wonjin,chowonjin88
19631126,19631126,CHO Jeong Sik,조정식,趙正湜,1963-12-25,새정치민주연합,경기 시흥시을,02-788-2923,http://www.greensh.net/,"",http://www.assembly.go.kr/photo/.jpg),19,github.com/teampopong/data-for-rnd,/wiki/%EC%A1%B0%EC%A0%95%EC%8B%9D_(%EC%A0%95%EC%B9%98%EC%9D%B8),chojs21,joo350
19631127,19631127,CHO Hae Jin,조해진,曺海珍,1963-08-04,새누리당,경남 밀양시창녕군,02-784-0496,http://www.chohaejin.com,chrisjo@na.go.kr,http://www.assembly.go.kr/photo/.jpg),19,github.com/teampopong/data-for-rnd,/wiki/%EC%A1%B0%ED%95%B4%EC%A7%84,chrisjo204,chrisjo204
19451101,19451101,CHO Hyun Yong,조현룡,趙顯龍,1945-12-30,새누리당,경남 의령군함안군합천군,02-784-9423,http://www.johyunyong.co.kr,johy0411@assembly.go.kr,http://www.assembly.go.kr/photo/.jpg),19,github.com/teampopong/data-for-rnd,/wiki/%EC%A1%B0%ED%98%84%EB%A3%A1,johyunyong0411,johy0411
19521139,19521139,JOO Seung Yong,주승용,朱昇鎔,1952-07-27,새정치민주연합,전남 여수시을,02-788-2153,http://www.joo-sy.com,joo350@hanmail.net,http://www.assembly.go.kr/photo/.jpg),19,github.com/teampopong/data-for-rnd,/wiki/%EC%A3%BC%EC%8A%B9%EC%9A%A9,joo350,""
19461137,19461137,JOO Young Soon,주영순,朱永順,1946-04-08,새누리당,비례대표,02-784-9501,http://www.jysoon.or.kr,ijysoon@naver.com,http://www.assembly.go.kr/photo/.jpg),19,github.com/teampopong/data-for-rnd,,"",""
19601113,19601113,JOO Ho Young,주호영,朱豪英,1960-12-10,새누리당,대구 수성구을,"02-788-2137, 02-784-2055/2056",http://www.주호영.com,suseong@na.go.kr,http://www.assembly.go.kr/photo/.jpg),19,github.com/teampopong/data-for-rnd,/wiki/%EC%A3%BC%ED%98%B8%EC%98%81,sangtoil,sangtoil
196723,196723,JIN Sun Mee,진선미,陳善美,1967-05-14,새정치민주연합,비례대표,02-784-9591,"","",http://www.assembly.go.kr/photo/.jpg),19,github.com/teampopong/data-for-rnd,/wiki/%EC%A7%84%EC%84%A0%EB%AF%B8,Sunmee_Jin,""
1967154,1967154,JIN Sung Joon,진성준,陳聲準,1967-04-19,새정치민주연합,비례대표,02-784-9671,http://hotjjoon.com,hotjjoon@gmail.com,http://www.assembly.go.kr/photo/.jpg),19,github.com/teampopong/data-for-rnd,/wiki/%EC%A7%84%EC%84%B1%EC%A4%80,jinsungjoon,""
1950136,1950136,CHIN Young,진영,陳永,1950-10-23,새누리당,서울 용산구,02-788-2925,http://www.chinyoung.kr/,ychin21@assembly.go.kr,http://www.assembly.go.kr/photo/.jpg),19,github.com/teampopong/data-for-rnd,/wiki/%EC%A7%84%EC%98%81,,
19541106,19541106,CHUN Jung-bae,천정배,千正培,1954-12-12,무소속,광주 서구을,02-784-9850~2,http://hope_1000.blog.me,hope_1000@naver.com,http://www.assembly.go.kr/photo/.jpg),19,github.com/teampopong/data-for-rnd,/wiki/%EC%B2%9C%EC%A0%95%EB%B0%B0,,
19551143,19551143,CHOI Kyunghwan,최경환,崔炅煥,1955-02-27,새누리당,경북 경산시청도군,02-788-2458,http://www.vision2015.com,vision2015@assembly.go.kr,http://www.assembly.go.kr/photo/.jpg),19,github.com/teampopong/data-for-rnd,/wiki/%EC%B5%9C%EA%B2%BD%ED%99%98,khwanchoi,ckyunghwan
1950196,1950196,CHOI Kyu Sung,최규성,崔圭成,1950-02-04,새정치민주연합,전북 김제시완주군,02-784-4183,http://www.ckstar.or.kr,cks2603@assembly.go.kr,http://www.assembly.go.kr/photo/.jpg),19,github.com/teampopong/data-for-rnd,/wiki/%EC%B5%9C%EA%B7%9C%EC%84%B1,"",프로필
19621112,19621112,CHOI Dong-ic,최동익,崔東益,1962-04-08,새정치민주연합,비례대표,02-784-9721,http://www.hopewings.or.kr,cdi4488@nate.com,http://www.assembly.go.kr/photo/.jpg),19,github.com/teampopong/data-for-rnd,,"",""
1960217,1960217,CHOI Minhee,최민희,崔敏姬,1960-12-03,새정치민주연합,비례대표,02-784-9751,http://minheetalk.net/,choiminhee51@gmail.com,http://www.assembly.go.kr/photo/.jpg),19,github.com/teampopong/data-for-rnd,/wiki/%EC%B5%9C%EB%AF%BC%ED%9D%AC,motheryyy,""
19421169,19421169,CHOI Bong Hong,최봉홍,崔奉弘,1942-11-28,새누리당,비례대표,02-784-9761,http://www.bhcport.or.kr/,bhcport@naver.com,http://www.assembly.go.kr/photo/.jpg),19,github.com/teampopong/data-for-rnd,,bhcport,bhcport
choi-won-sik,,CHOI Won Sik,최원식,崔元植,1963-03-08,새정치민주연합,인천 계양구을,02-784-9792,"",cws7000@nate.com,http://www.assembly.go.kr/photo/.jpg),19,github.com/teampopong/data-for-rnd,,,
1965198,1965198,CHOI Jae Sung,최재성,崔宰誠,1965-09-09,새정치민주연합,경기 남양주시갑,02-788-2573,http://www.js21.net,js21@assembly.go.kr,http://www.assembly.go.kr/photo/.jpg),19,github.com/teampopong/data-for-rnd,/wiki/%EC%B5%9C%EC%9E%AC%EC%84%B1,withjs21,withjs21
1963188,1963188,CHOI Jae Cheon,최재천,崔載千,1963-11-19,새정치민주연합,서울 성동구갑,02-788-2915,http://www.yourrights.co.kr,cjc@assembly.go.kr,http://www.assembly.go.kr/photo/.jpg),19,github.com/teampopong/data-for-rnd,/wiki/%EC%B5%9C%EC%9E%AC%EC%B2%9C,your_rights,cjc4y
1958211,1958211,CHOO Mi Ae,추미애,秋美愛,1958-10-23,새정치민주연합,서울 광진구을,02-784-1270,http://www.choomiae.com,cma2008@naver.com,http://www.assembly.go.kr/photo/.jpg),19,github.com/teampopong/data-for-rnd,/wiki/%EC%B6%94%EB%AF%B8%EC%95%A0,choomiae,""
1968138,1968138,HA Tae Keung,하태경,河泰慶,1968-06-19,새누리당,부산 해운대구기장군을,02-784-2491,http://www.hastory.org / 페이스북: taekyungh / 트위터: youngdemos,radiohaha@naver.com,http://www.assembly.go.kr/photo/.jpg),19,github.com/teampopong/data-for-rnd,/wiki/%ED%95%98%ED%83%9C%EA%B2%BD,taekyungh,youngdemos
19521135,19521135,HAN Ki Ho,한기호,韓起鎬,1952-08-13,새누리당,강원 철원군화천군양구군인제군,02-784-2174,http://www.hankiho.com,nombo1@na.go.kr,http://www.assembly.go.kr/photo/.jpg),19,github.com/teampopong/data-for-rnd,/wiki/%ED%95%9C%EA%B8%B0%ED%98%B8,nombo1,hankiho
19591125,19591125,HAN Sun Kyo,한선교,韓善敎,1959-06-23,새누리당,경기 용인시병,02-788-2205,http://www.hansunkyo.com,hansunkyo@assembly.go.kr,http://www.assembly.go.kr/photo/.jpg),19,github.com/teampopong/data-for-rnd,/wiki/%ED%95%9C%EC%84%A0%EA%B5%90,hansunkyo,hansunkyo
196529,196529,HAN Jeoung Ae,한정애,韓貞愛,1965-01-08,새정치민주연합,비례대표,02-784-3051,http://www.한정애.com,jeoung@gmail.com,http://www.assembly.go.kr/photo/.jpg),19,github.com/teampopong/data-for-rnd,/wiki/%ED%95%9C%EC%A0%95%EC%95%A0,dudehowru,""
19591124,19591124,HAM Jin Gyu,함진규,咸珍圭,1959-08-13,새누리당,경기 시흥시갑,02-784-4277~9,http://www.dreamham7.co.kr,dreamham7@na.go.kr,http://www.assembly.go.kr/photo/.jpg),19,github.com/teampopong/data-for-rnd,,dreamham7,dreamham7
19551153,19551153,HONG Moon Jong,홍문종,洪文鐘,1955-04-05,새누리당,경기 의정부시을,02-784-4777,http://blog.naver.com/mjhong2004,mjhong830@naver.com,http://www.assembly.go.kr/photo/.jpg),19,github.com/teampopong/data-for-rnd,/wiki/%ED%99%8D%EB%AC%B8%EC%A2%85_(1955%EB%85%84),mjhong,mjhong2004
194719,194719,HONG Moon Pyo,홍문표,洪文杓,1947-10-05,새누리당,충남 홍성군예산군,02-788-2954,http://www.mphong.com,mphonglove@assembly.go.kr,http://www.assembly.go.kr/photo/.jpg),19,github.com/teampopong/data-for-rnd,,,
19571126,19571126,HONG Young-pyo,홍영표,洪永杓,1957-04-30,새정치민주연합,인천 부평구을,02-784-3143,http://dreamyp.or.kr,youngvote@hanmail.net,http://www.assembly.go.kr/photo/.jpg),19,github.com/teampopong/data-for-rnd,/wiki/%ED%99%8D%EC%98%81%ED%91%9C,youngpyoHong,""
19551146,19551146,HONG Eui Rak,홍의락,洪宜洛,1955-03-11,새정치민주연합,비례대표,02-784-6277,http://blog.daum.net/tkrakrak,7882971@hanmail.net,http://www.assembly.go.kr/photo/.jpg),19,github.com/teampopong/data-for-rnd,,"",""
1967139,1967139,HONG Ihk Pyo,홍익표,洪翼杓,1967-11-20,새정치민주연합,서울 성동구을,02-784-6887,http://www.peacehong.net,peace@peacehong.net,http://www.assembly.go.kr/photo/.jpg),19,github.com/teampopong/data-for-rnd,/wiki/%ED%99%8D%EC%9D%B5%ED%91%9C_(1967%EB%85%84),peace_hong,""
19561109,19561109,HONG Il Pyo,홍일표,洪日杓,1956-02-11,새누리당,인천 남구갑,02-784-6346,http://www.hip.or.kr,hip@assembly.go.kr,http://www.assembly.go.kr/photo/.jpg),19,github.com/teampopong/data-for-rnd,/wiki/%ED%99%8D%EC%9D%BC%ED%91%9C,hongip,HONG.ILPYO
19591139,19591139,HONG Jong Haak,홍종학,洪鍾學,1959-05-12,새정치민주연합,비례대표,02-784-7727,http://www.hongjonghaak.com,jonghaak@hanmail.net,http://www.assembly.go.kr/photo/.jpg),19,github.com/teampopong/data-for-rnd,,haasimi,""
1968141,1968141,HONG Ji Man,홍지만,洪志晩,1968-02-01,새누리당,대구 달서구갑,02-784-7773,http://blog.naver.com/atjiman,jiman0530@naver.com,http://www.assembly.go.kr/photo/.jpg),19,github.com/teampopong/data-for-rnd,/wiki/%ED%99%8D%EC%A7%80%EB%A7%8C,hongjiman,atjiman
hong-chul-ho,,Hong Chul Ho,홍철호,洪哲鎬,1958-08-13,새누리당,경기 김포시,02-784-5961~3 / 788-2220,http://www.ilovegimpo.org,victorygimpo@naver.com,http://www.assembly.go.kr/photo/.jpg),19,github.com/teampopong/data-for-rnd,,,
1965162,1965162,HWANG Young Cheul,황영철,黃永哲,1965-07-13,새누리당,강원 홍천군횡성군,02-784-5707,http://blog.naver.com/hhhyc,hhhyc@naver.com,http://www.assembly.go.kr/photo/.jpg),19,github.com/teampopong/data-for-rnd,/wiki/%ED%99%A9%EC%98%81%EC%B2%A0,hhhyc,hhhyc
19471117,19471117,HWANG Woo Yea,황우여,黃祐呂,1947-08-03,새누리당,인천 연수구,02-788-2017,http://www.hwy.pe.kr,hwangwygrace@hotmail.com,http://www.assembly.go.kr/photo/.jpg),19,github.com/teampopong/data-for-rnd,/wiki/%ED%99%A9%EC%9A%B0%EC%97%AC,hwangwygrace,hwangwygrace
1955210,1955210,"Hwang, In Ja",황인자,黃仁子,1955-10-16,새누리당,비례대표,02-788-2105,http://eqhwang543.blog.me,eqhwang543@naver.com,http://www.assembly.go.kr/photo/.jpg),19,github.com/teampopong/data-for-rnd,,,
19521141,19521141,HWANG Ju-hong,황주홍,黃柱洪,1952-02-27,새정치민주연합,전남 장흥군강진군영암군,02-784-8834,http://hwangjuhong.com,pv21c@assembly.go.kr,http://www.assembly.go.kr/photo/.jpg),19,github.com/teampopong/data-for-rnd,/wiki/%ED%99%A9%EC%A3%BC%ED%99%8D,Hwangjuhong,Hwangjuhong2
19461131,19461131,HWANG Jin Ha,황진하,黃震夏,1946-08-25,새누리당,경기 파주시을,02-788-2347,http://www.jinhwang.com,jinhwang@assembly.go.kr,http://www.assembly.go.kr/photo/.jpg),19,github.com/teampopong/data-for-rnd,/wiki/%ED%99%A9%EC%A7%84%ED%95%98,hwangjinhapaju,hwangjinhapaju
