name,name__ne,area,area__ne,group,party__ne,email,cell,phone,term
Damodar Bhandari,मा.दामोदर भण्डारी,Baitadi,बैतडी-१,Communist Party of Nepal (Unified Marxist-Leninist),नेकपा (एमाले),kamred.damodar@gmail.com,9848772007 9749503636,"",ca2
Dhana Pahari,मा.धना पहरी,Baitadi,बैतडी,Unified Communist Party of Nepal (Maoist),एनेकपा (माओवादी),"",9848904293 9848828600,"",ca2
Nar Bahadur Chand,मा.नर बहादुर चन्द,Baitadi,बैतडी २,Nepali congress,नेपाली काँग्रेस,"",9749519097,"",ca2
Dr. Aarju Rana Deuwa,मा.डा  आरजु राणा  देउवा,Dadeldhura,डडेलधुरा,Nepali congress,नेपाली काँग्रेस,"",9851086888,4374236,ca2
Narbhad Kami,मा.नरभान कामि,Dadeldhura,डडेलधुरा,Nepali congress,नेपाली काँग्रेस,"",9848830135,"",ca2
Ganesh SIngh Thagunna,मा.गणेश सिंह ठगुन्ना,Darchula,दार्चुला-१,Communist Party of Nepal (Unified Marxist-Leninist),नेकपा (एमाले),"",9759500323,"",ca2
Aanandi Panta,मा.आनन्दी पन्त,Kanchanpur,कञ्चनपुर,Rastriya Prajatantra Party,राप्रपा,"",9860066441 9809435040,099-521381,ca2
Kalasha Devi Mahara,मा. कलसा देवी महरा,Kanchanpur,कञ्चनपुर,Communist Party of Nepal (Marxist-Leninist),नेकपा (माले),"",9848721257,"",ca2
Kripa Ram Rana,मा.कृपा राम राना,Kanchanpur,कञ्चनपुर,Communist Party of Nepal (Unified Marxist-Leninist),नेकपा (एमाले),"",9809477361 9851197579,"",ca2
Jay Dev Joshi,मां जय देव जोशी,Kanchanpur,कञ्चनपुर,Communist Party of Nepal (United),नेपाल कम्युनिस्ट पार्टी (संयुक्त),"",9848721905,099-524727,ca2
Tarini Datta Chataut,मा.तारिणी दत्त चटौत,Kanchanpur,कन्चनपुर,Nepali congress,नेपाली काँग्रेस,"",9841328908,4482985,ca2
Diwan SIngh BIsta,मा.दिवान सिंह बिस्ट,Kanchanpur,कञ्चनपुर   -१,Nepali congress,नेपाली काँग्रेस,"",9749505665,"",ca2
Durga Khuna,मा.दुर्गा खुना,Kanchanpur,कञ्चनपुर,Unified Communist Party of Nepal (Maoist),एनेकपा (माओवादी),"",9806448991,"",ca2
Narayan Prasad Saud,मा.नारायण प्रसाद साउद,Kanchanpur,कञ्चनपुर   २,Nepali congress,नेपाली काँग्रेस,npsauda@gmail.com,9841387912,4426699,ca2
Bal Dev Bohora,मा.बल देव बोहोरा,Kanchanpur,कञ्चनपुर,Nepali congress,नेपाली काँग्रेस,"",9841711590,"",ca2
Bahadur SIngh Thapa,मा.बहादुर सिङ्ग थापा,Kanchanpur,कञ्चनपुर   -३,Nepali congress,नेपाली काँग्रेस,"",9841551226 9858751226,"",ca2
Janaki Kumari Saud Rawal,मा. जानकी कुमारी साऊद रावल,Achham,अछाम,Unified Communist Party of Nepal (Maoist),एनेकपा (माओवादी),"",9749004147,"",ca2
Bharat Saud,मा.भरत साउद,Achham,अछाम -२,Communist Party of Nepal (Unified Marxist-Leninist),नेकपा (एमाले),"",9741074682 9848678166,"",ca2
Bhim Bahadur Rawal,मा.भिम बहादुर रावल,Achham,अछाम -१,Communist Party of Nepal (Unified Marxist-Leninist),नेकपा (एमाले),"",9851113323,6633570,ca2
Afilal Ukheda,मा. अफिलाल उखेडा,Bajhang,बझांङ्,Communist Party of Nepal (Unified Marxist-Leninist),नेकपा (एमाले),apokheda@gmail.com,9849002707 9851180185,"",ca2
Chandradevi Joshi,मा.चन्द्रदेवी जोशी,Bajhang,बझाङ,Nepali congress,नेपाली काँग्रेस,chandra.congress@gmail.com,9848597817,092-421086,ca2
Man Prasad Khatri,मा.मान प्रसाद  खत्री,Bajhang,बझांङ,Communist Party of Nepal (Unified Marxist-Leninist),नेकपा (एमाले),"",9851162018 9741072675,"",ca2
Lal Bahadur Rawal,मा.लाल बहादुर रावल,Bajhang,बझांङ्-२,Communist Party of Nepal (Unified Marxist-Leninist),नेकपा (एमाले),rawall99@gmail.com,9759001999,"",ca2
Karna Bahadur Thapa,मा.कर्ण बहादुर थापा,Bajura,बाजुरा -१,Communist Party of Nepal (Unified Marxist-Leninist),नेकपा (एमाले),kbthapa2029@gmail.com,9851199919,4154118,ca2
Karna Bahadur B.k.,मा.कर्ण बहादुर बि. क.,Bajura,बाजुरा,Unified Communist Party of Nepal (Maoist),एनेकपा (माओवादी),keshavbk81@gmail.com,9749042330 9848437184,"",ca2
Badri Prasad Pandey,मा.बद्रि प्रसाद  पाण्डे,Bajura,बाजुरा,Nepali congress,नेपाली काँग्रेस,"",9851098488,4418446,ca2
Basundhara Rokaya,मा.बसुन्धारा रोकाया,Bajura,बाजुरा,Communist Party of Nepal (Unified Marxist-Leninist),नेकपा (एमाले),basundhara.nepal@gmail.com,9848438360 9749005842,"",ca2
Kalpana Shob,मा.कल्पना सोव,Doti,डोटी,Nepali congress,नेपाली काँग्रेस,"",9848431402 9814645215,"",ca2
Gauri Kumari Oli,मा.गौरी कुमारी ओली,Doti,डोटी,Communist Party of Nepal (Unified Marxist-Leninist),नेकपा (एमाले),"",9849829177,"",ca2
Prem Bahadur Ale,मा.प्रेम बहादुर आले,Doti,डोटी-२,Communist Party of Nepal (Unified Marxist-Leninist),नेकपा (एमाले),prembdaale@gmail.com,9858420318/9851157318,"",ca2
Bharat Bahadur Khadka,मा.भरत बहादुर खड्का,Doti,डोटी,Nepali congress,नेपाली काँग्रेस,bishwadeep.pandey@gmail.com,9841484030,4498070,ca2
Bir Bahadur balayar,मा.वीर बहादुर बलायर,Doti,डोटी १,Nepali congress,नेपाली काँग्रेस,"",9851083566,"",ca2
Janak Raj Chaudhari,मा. जनक राज चौधरी,Kailai,कैलाली-१,"Madhesi Jana Adhikar Forum, Nepal","मधेसी जनअधिकार फोरम, नेपाल",kjrc99@gmail.com,9848433350,"",ca2
Goura Prasai (Koirala),मा.गौरा प्रसाई (कोइराला),Kailali,कैलाली,Communist Party of Nepal (Unified Marxist-Leninist),नेकपा (एमाले),mpgaura@gmail.com,9841512998,4015040,ca2
Gauri Shankar Chaudhary,मा.गौरीशंकर चौधरी,Kailali,कैलाली -४,Unified Communist Party of Nepal (Maoist),एनेकपा (माओवादी),gaurishankarchaudhary@gmail.com,9848527770,"",ca2
Dirgha Raj Bhat,मा.दिर्घराज भाट,Kailali,कैलाली-५,Nepali congress,नेपाली काँग्रेस,"",9749012183,"",ca2
Puskarnath Ojha,मा पुस्करनाथ ओझा,Kailali,कैलाली ६,Nepali congress,नेपाली काँग्रेस,puskarnath@yahoo.com,9851190821,4270821,ca2
Pyare Lal Rana,मा प्यारे लाल राना,Kailali,कैलाली,Nepali congress,नेपाली काँग्रेस,"",9858421276 9814613808,"",ca2
Buddhi Sagar Chaudhary,मा.बुद्धि सागर चौधरी,Kailali,कैलाली,Nepali congress,नेपाली काँग्रेस,"",9868441054,"",ca2
Madan Kumari Shah,मा.मदन कुमारी शाह,Kailali,कैलाली,Communist Party of Nepal (Unified Marxist-Leninist),नेकपा (एमाले),kopilaraut52@Yahoo.com,9851063901 9841357749,"",ca2
Mina Chaudhary,मा मिना चौधरी,Kailali,कैलाली,Tarai Madhesh Loktantrik Party,तराई मधेश लोकतान्त्रिक पार्टी,"",9749079460 9804694027,"",ca2
Mohan Singh Rathor,मा.मोहन सिङ् राठौर,Kailali,कैलाली-२,Communist Party of Nepal (Unified Marxist-Leninist),नेकपा (एमाले),rathourmohansingh25@gmail.com,9851102525,4370530,ca2
Rabani Chaudhary,मा.रबनी  चौधरी,Kailali,कैलाली,Communist Party of Nepal (Unified Marxist-Leninist),नेकपा (एमाले),"",9848511519,"",ca2
Ram Janam Chaudhary,मा.राम जनम चौधरी,Kailali,कैलाली ३,Madhesi Janadhikar Forum (Loktantrik),मधेसी जनाधिकार फोरम (लोकतान्त्रिक),cramjanam21@yahoo.com,9851006546 9851152117,4481890,ca2
Ram Dulari Chaudhary,मा.राम दुलारी चौधरी,Kailali,कैलाली,"Rastriya Prajatantra Party, Nepal",राप्रपा नेपाल,"",9848490043,"",ca2
Sher Bahadur Deuwa,मा. शेर बहादुर देउवा,Kailali,कैलाली १,Nepali congress,नेपाली काँग्रेस,"",9851087288,4374237,ca2
Ramesh Lekhak,मा.रमेश लेखक,Kanchanpur,कञ्चनपुर   -४,Nepali congress,नेपाली काँग्रेस,rlekhak@hotmail.com,9851180333,4284379,ca2
Anjana Chaudhari,मा.अन्जना चौधरी,Banke,बाँके,Unified Communist Party of Nepal (Maoist),एनेकपा (माओवादी),anjanachaudhary2070@yahoo.com,9858021206,"",ca2
Abdul Hamid Siddhiki,मा.अब्दुल हमिद सिद्धिकी,Banke,बाँके,Nepali Congress,नेपाली काँग्रेस,"",9818875986 9748021112,"",ca2
Amar Sharma Dev Raj Bhar,मा.अमर शर्मा देब राज भार,Banke,बाँके १,Communist Party of Nepal (Unified Marxist-Leninist),नेकपा (एमाले),bhar_devraj@yahoo.com,9858020292 9815525121,4373713,ca2
Asha B.k.,मा.आशा बि. क.,Banke,बाँके,Nepali Congress,नेपाली काँग्रेस,"",9848022422,"",ca2
Gita Singh,मा. गीता सिंह,Banke,बाँके,Rastriya Prajatantra Party,राप्रपा,"",9848023717 9848022815,"",ca2
Dal Bahadur Sunar,मा.दल बहादुर सुनार,Banke,बाँके-४,Communist Party of Nepal (Unified Marxist-Leninist),नेकपा (एमाले),"",9751011477 9841983207,"",ca2
Dinesh Chandra Yadav,मा.दिनेश चन्द्र यादव,Banke,बाँके-२,Communist Party of Nepal (Unified Marxist-Leninist),नेकपा (एमाले),"",9858029600 9728145246,"",ca2
Baadshah Kurmi,मा.बादशाह कुर्मी,Banke,बाँके,Nepali Congress,नेपाली काँग्रेस,"",9841942728,081-521558,ca2
Maiku Lal Balmiki,मा.मैकु लाल बाल्मिकी,Banke,बाँके,Nepali Congress,नेपाली काँग्रेस,"",9848023502 9858029499,"",ca2
Sushil Koirala,मा.शुसिल कोइराला,Banke,बाँके ३,Nepali Congress,नेपाली काँग्रेस,sushilkoirala99@gmail.com,9851125716  9841409928,4375839,ca2
Sabiya Prabin,मा.सविया प्रबिण,Banke,बाँके,Communist Party of Nepal (Unified Marxist-Leninist),नेकपा (एमाले),sabiyaansari786@yahoo.com,9851072101,4389672,ca2
Sarbat Ara Khanam Haluwaini,मा.सरबत आरा खानम हलुवाईनि,Banke,बाँके,Nepali Congress,नेपाली काँग्रेस,"",9728159627,"",ca2
Kasim Ali SIdhiki,मा.कासीम अलि सिद्दिकी,Bardiya,बर्दिया,"Sanghiya Samajbadi Party, Nepal","संघिय समाजवादी पार्टी, नेपाल","",9858026866 9748001354,"",ca2
Gopal Dahit,मा.गोपाल दहित,Bardiya,बर्दिया,"Tharuhat Terai Party, Nepal",थरूहट तराई पार्टी नेपाल,dahitgopal@yahoo.com,9851119139,4333769,ca2
Man Bahadur Tharu,मा.मान बहादुर थारु,Bardiya,बर्दिया-४,Unified Communist Party of Nepal (Maoist),एनेकपा (माओवादी),"",9858027226,"",ca2
Shyam Prasad Dhakal,मा.श्यामप्रसाद ढकाल,Bardiya,बर्दिया १,Communist Party of Nepal (Unified Marxist-Leninist),नेकपा (एमाले),"",9848031296,"",ca2
Santa Kumar Tharu,मा.सन्त कुमार थारु,Bardiya,बर्दिया ३,Unified Communist Party of Nepal (Maoist),एनेकपा (माओवादी),"",9848145799,"",ca2
Sanjay Kumar Gautam,मा.संजय कुमार गौतम,Bardiya,बर्दिया -२,Nepali Congress,नेपाली काँग्रेस,"",9858021123,4352326,ca2
Ammar Bahadur Thapa,मा.अम्मर बहादुर थापा,Dailekh,दैलेख १,Communist Party of Nepal (Unified Marxist-Leninist),नेकपा (एमाले),amarthapa2014@yahoo.com,9841504040,"",ca2
Kunti Kumari Shahi,मा.कुन्तीकुमारी  शाही,Dailekh,दैलेख,"Rastriya Prajatantra Party, Nepal",राप्रपा नेपाल,kuntishahi@yahoo.com,9851040776,4465546,ca2
Lalit Kumari Regmi,मा ललिता  कुमारी रेग्मी,Dailekh,दैलेख,Unified Communist Party of Nepal (Maoist),एनेकपा (माओवादी),"",9748007344,"",ca2
Laxmi Prasad Pokheral,मा.लक्ष्मी प्रसाद पोख्रेल,Dailekh,दैलेख-२,Communist Party of Nepal (Unified Marxist-Leninist),नेकपा (एमाले),laxmipokhrel2070@gmail.com,9858050544,4316774,ca2
Rajiv BIkram Shah,मा.राजिव बिक्रम शाह,Jajarkot,जाजरकोट-२,Nepali Congress,नेपाली काँग्रेस,"",9851023335,4244176,ca2
Rita Rawal,मा.रिता रावल,Jajarkot,जाजरकोट,Communist Party of Nepal (Unified Marxist-Leninist),नेकपा (एमाले),om.rita@yahoo.com,9748013907,5261520,ca2
Shakti Bahadur Basnet,मा.शक्ति बहादुर बस्नेत,Jajarkot,जाजरकोट १,Unified Communist Party of Nepal (Maoist),एनेकपा (माओवादी),shakti.basnet@yahoo.com,9802000132,"",ca2
Ishwori Neupane,मा.इशोरी न्यौपाने,Kailali,कैलाली,Nepali Congress,नेपाली काँग्रेस,iishwori@yahoo.com,9841542101,6631735,ca2
Khadga Bahadur Basyal,मा.खड्ग बहादुर बस्याल,Surkhet,सुर्खेत,Nepali Congress,नेपाली काँग्रेस,"",9841732040,4108225,ca2
Tapta Bahadur Bista,मा.तप्त  बहादुर बिष्ट,Surkhet,सुर्खेत-३,Nepali Congress,नेपाली काँग्रेस,"",9858052855 9848165855,"",ca2
Purna Bahadur Khadka,मा पूर्ण बहादुर खड्का,Surkhet,सुर्खेत १,Nepali Congress,नेपाली काँग्रेस,"",9851085749,4462913,ca2
Lal Bahadur Ghale,मा.लाल बहादुर घले,Surkhet,सुर्खेत,Nepali Congress,नेपाली काँग्रेस,"",9848050388,"",ca2
Sita Nepali,मा.सिता नेपाली,Surkhet,सुर्खेत,Unified Communist Party of Nepal (Maoist),एनेकपा (माओवादी),nsita87@gmail.com,9748016635 9848109296,"",ca2
Dhan Bahadur Budha,मा.धन बहादुर बुढा,Dolpa,डोल्पा-१,Communist Party of Nepal (Unified Marxist-Leninist),नेकपा (एमाले),sherpadhanu@yahoo.com,9851074258 9113916913,5107069,ca2
Jiwan Bahadur Shahi,मा. जीवन बहादुर शाही,Humla,हुम्ला -१,Nepali Congress,नेपाली काँग्रेस,jiwanshahi@yahoo.com,9851042576,4880317,ca2
Rita Shahi,मा रीता शाही,Humla,हुम्ला,Nepali Congress,नेपाली काँग्रेस,"",9841655222,4473893,ca2
Goma Kunwar,मा.गोमा कुँवर,Jumla,जुम्ला,Unified Communist Party of Nepal (Maoist),एनेकपा (माओवादी),"",9741066826,"",ca2
Dilli Prasad Kafle,मा.डिल्ली  प्रसाद काफ्ले,Jumla,जुम्ला,Nepal Workers Peasants Party,नेपाल मजदुर किसान पार्टी,"",9758900234,087-520234,ca2
Bal Bahadur Mahat,मा.बल बहादुर महत,Jumla,जुम्ला,Communist Party of Nepal (Unified Marxist-Leninist),नेकपा (एमाले),"",9843937110 9848305302,"",ca2
Lalit Jang Shahi,मा.ललित जंग शाही,Jumla,जुम्ला १,Nepali Congress,नेपाली काँग्रेस,"",9851085184,4397063,ca2
Tularaj Bista,मा.तुलाराज बिष्ट,Kalikot,कालिकोट,Communist Party of Nepal (Unified Marxist-Leninist),नेकपा (एमाले),bista.tularaj04@yahoo.com,9758900994 9849006641,087-440041,ca2
Prem Bahadur SIngh,मा.प्रेमबहादुर सिंह,Kalikot,कालिकोट,Samajbadi Janta Dal,समाजवादी जनता पार्टी,pbsingh_1953@yahoo.com,9840050069/9801050069,"",ca2
Mahendra Bahadur Shahi,मा.महेन्द्र बहादुर शाही,Kalikot,कालिकोट-१,Unified Communist Party of Nepal (Maoist),एनेकपा (माओवादी),"",9851177733 9840050820,5250922,ca2
Mohan Baniya,मा.मोहन बानिया,Mugu,मुगु-१,Communist Party of Nepal (Unified Marxist-Leninist),नेकपा (एमाले),mbaniya77@gmail.com,9841444636 9758900122,4108196,ca2
Anita Devkota,मा.अनिता देवकोटा,Dang,दाङ,Nepali Congress,नेपाली काँग्रेस,theanitadevkota@gmail.com,9857832684,"",ca2
Ganga Chaudhary (Satgaywa),मा.गंगा चौधरी (सत्गौवा),Dang,दाङ,"Tharuhat Terai Party, Nepal",थरूहट तराई पार्टी नेपाल,"",9844986453 9809507704,"",ca2
Dilli Bahadur Chaudhari,मा.डिल्ली  बहादुर चौधरी,Dang,दाङ,Nepali Congress,नेपाली काँग्रेस,"",9857821436 9858020950,"",ca2
Dipak Giri,मा.दिपक गिरि,Dang,दाङ-५,Nepali Congress,नेपाली काँग्रेस,"",9851146780 9801047879,"",ca2
Paarbata D C Chaudhari,मा पार्वता डी  सी  चौधरी,Dang,दाङ १,Nepali Congress,नेपाली काँग्रेस,parbata234@gmail.com,9851167701,"",ca2
Bhagwat Nepali,मा.भागवत नेपाली,Dang,दांङ,Communist Party of Nepal (Unified Marxist-Leninist),नेकपा (एमाले),bharatsaud6@gmail.com,9847831131,082-560230,ca2
Yubraj Gyawali,मा.युबराज ज्ञवाली,Dang,दाङ्,Communist Party of Nepal (Unified Marxist-Leninist),नेकपा (एमाले),ygnawali@gmail.com,9841554496,5130224,ca2
Yogendra Chaudhary,मा.योगेन्द्र चौधरी,Dang,दाङ्,Madhesi Janadhikar Forum (Loktantrik),मधेसी जनाधिकार फोरम (लोकतान्त्रिक),yogen_chau@yahoo.com,9857831218,"",ca2
Raju Khanal,मा.राजु खनाल,Dang,दाङ्-३,Nepali Congress,नेपाली काँग्रेस,khanal_raju5@yahoo.com,9857830250,"",ca2
Rukmini Chaudhary,मा रुकमिणी चौधरी,Dang,दाङ् ४,Sanghiya Loktantrik Rastriya Manch (Tharuhat),संघिय लोकतान्त्रिक राष्ट्रिय मन्च (थरुहट),tharu@yahoo.com,9841081697,4106710,ca2
Rekha Sharma,मा.रेखा शर्मा,Dang,दाङ्,Unified Communist Party of Nepal (Maoist),एनेकपा (माओवादी),rekha_sharma11@yahoo.com,9851113218,5542517,ca2
Buddhiram Bhandari,मा.वुद्धिराम भण्डारी,Dang,दाङ् ४,Nepali Congress,नेपाली काँग्रेस,"",9847835990,"",ca2
Sharada Kumari Bishwakarma,मा.शारदा  कुमारी बिश्वकर्मा,Dang,दाङ्,Communist Party of Nepal (Unified Marxist-Leninist),नेकपा (एमाले),sharada111.cpn@gmail.com,9741080719,"",ca2
Shila Sharma (Khadka),मा.शिला शर्मा (खड्का),Dang,दाङ,Nepali Congress,नेपाली काँग्रेस,"",9841442793 9841408931,5523634,ca2
Sushila Chaudhary,मा.शुशिला चौधरी,Dang,दाङ २,Nepali Congress,नेपाली काँग्रेस,"",9847973943,"",ca2
Bamdev Gautam,मा.बामदेब गौतम,Pyuthan,प्युठान-१,Communist Party of Nepal (Unified Marxist-Leninist),नेकपा (एमाले),bmdgautam@gmail.com,9851137395,"",ca2
Durga Poudel,मा.दुर्गा पौडेल,Pyuthan,प्युठान,Rastriya Janamorcha,राष्ट्रिय जनमोर्चा,paudeldurga21@yahoo.com,9851198810,4881844,ca2
Punaram Thapa,मा पुनाराम थापा,Pyuthan,प्युठान,Unified Communist Party of Nepal (Maoist),एनेकपा (माओवादी),"",9844954884,"",ca2
Dhan Bahadur Raymajhi,मा.धन बहादुर रायमाझी,Pyuthan,प्युठान,Communist Party of Nepal (Unified Marxist-Leninist),नेकपा (एमाले ),"",9857833177 9748514177,4783734,ca2
Amar Singh Pun,मा.अमर सिंह पुन,Rolpa,रोल्पा,Nepali Congress,नेपाली काँग्रेस,amarpun627@gmail.com,9851013444,"",ca2
Ansari Gharti,मा.अन्सारी घर्ती,Rolpa,रोल्पा -२,Unified Communist Party of Nepal (Maoist),एनेकपा (माओवादी),punusha@yahoo.com,9851102482,"",ca2
Krishna Bahadur Mahara,मा. कृष्ण बहादुर महरा,Rolpa,रोल्पा -१,Unified Communist Party of Nepal (Maoist),एनेकपा (माओवादी),"",9851101234,"",ca2
Gokul Prasad Gharti,मा.गोकुल प्रसाद घर्ती,Rolpa,रोल्पा,Communist Party of Nepal (Unified Marxist-Leninist),नेकपा (एमाले),gklgharti@gmail.com,9841395533,"",ca2
Ganesh Man Pun,मा.गणेश मान पुन,Rukum,रुकुम-१,Unified Communist Party of Nepal (Maoist),एनेकपा (माओवादी),rashmi2052@gmail.com,9851152421,4385722,ca2
Janardhan Sharma,मा. जनार्धन शर्मा,Rukum,रुकुम-२,Unified Communist Party of Nepal (Maoist),एनेकपा (माओवादी),com_prabhakar@yahoo.com,9851100443,"",ca2
Daljit B.k Shreepali,मा.दलजित बि. के. श्रीपाली,Rukum,रुकुम,Unified Communist Party of Nepal (Maoist),एनेकपा (माओवादी),"",9847562999,"",ca2
Mithu Malla,मा.मिठु मल्ल,Rukum,रुकुम,Nepali Congress,नेपाली काँग्रेस,"",9849980227,4782884,ca2
Anarkali Miya,मा.अनारकली मिया,Salyan,सल्यान,Communist Party of Nepal (Unified Marxist-Leninist),नेकपा (एमाले),anarkalidang@gmail.com,9847849297 9857825257,"",ca2
Prakash Jwala,मा.प्रकाश ज्वाला,Salyan,सल्यान-२,Communist Party of Nepal (Unified Marxist-Leninist),नेकपा (एमाले),jwala.mail@gmail.com,9851081493,4881493,ca2
Tek Bahadur Basnet,मा.टेक बहादुर बस्नेत,Salyan,सल्यान-१,Unified Communist Party of Nepal (Maoist),एनेकपा (माओवादी),"",9841454000 9741322336,"",ca2
Keshari Gharti Magar,मा.केशरी घर्ति मगर,Baglung,बाग्लुंङ्,Unified Communist Party of Nepal (Maoist),एनेकपा (माओवादी),"",9867612465,"",ca2
Chitra Bahadur Kc,मा.चित्र बहादुर के.सि,Baglung,बाग्लुङ,Rastriya Janamorcha,राष्ट्रिय जनमोर्चा,rajamo2052@gmail.com,9841347404,4420226,ca2
Nar Bahadur THapa Magar,मा.नर बहादुर थापा मगर,Baglung,बाग्लुङ,Communist Party of Nepal (Unified Marxist-Leninist),नेकपा (एमाले),narbdrthapa4@gmail.com,9857622281,"",ca2
Prakash Sharma Poudel,मा.प्रकाश शर्मा पौडेल,Baglung,बाग्लुङ् -२,Nepali Congress,नेपाली काँग्रेस,"",9857620158,"",ca2
Mahendra Sherechan,मा.महेन्द्र शेरचन,Baglung,बाग्लुंङ,Communist Party of Nepal (Unified Marxist-Leninist),नेकपा (एमाले),msherchan60@gmail.com,9851021202,5522982,ca2
Mina Pun,मा.मिना पुन,Baglung,बाग्लुङ्,Rastriya Janamorcha,राष्ट्रिय जनमोर्चा,minapun11@yahoo.com,9851099723,6632979,ca2
Ratna Shrechan,मा.रत्न सेरचन,Baglung,बाग्लुंङ्,Nepali Congress,नेपाली काँग्रेस,"",9841903053,4242536,ca2
Romi Gauchan Thakali,मा.रोमी गौचन थकाली,Mustang,मुस्तांङ् १,Nepali Congress,नेपाली काँग्रेस,"",9851110571,5590482,ca2
Nawaraj Sharma,मा.नवराज शर्मा,Myagdi,म्याग्दी १,Communist Party of Nepal (Unified Marxist-Leninist),नेकपा (एमाले),nabarajsharma101@yahoo.com,9857640071 9808678016,"",ca2
Nardevi Pun Magar,मा.नरदेवी  पुन मगर,Myagdi,म्याग्दी,Communist Party of Nepal (Unified Marxist-Leninist),नेकपा (एमाले),ndpun@yahoo.com,9857640118,"",ca2
Arjun Prasad Joshi,मा. अर्जुन प्रसाद जोशी,Parbat,पर्वत-१,Nepali Congress,नेपाली काँग्रेस,arjunpjoshi@yahoo.com,9851026680,4285534,ca2
Bikash Lamshal,मा.विकाश लम्साल,Parbat,पर्बत-२,Communist Party of Nepal (Unified Marxist-Leninist),नेकपा (एमाले),lamsalb61@yahoo.com,9857630061 9847626270,4009696,ca2
Asha Koirala,मा.आशा कोइराला,Gorkha,गोरखा,Unified Communist Party of Nepal (Maoist),एनेकपा (माओवादी),"",9856060823,"",ca2
Ek Nath Dhakal,मा.एक नाथ ढकाल,Gorkha,गोरखा,Nepal Paribar Dal,नेपाल परिवार दल,ekblessi@gmail.com,9851030248,"",ca2
Kamala Pant,मा. कमला पन्त,Gorkha,गोरखा,Nepali Congress,नेपाली काँग्रेस,madhurya100@yahoo.com,9851093016,6638517,ca2
Krishna Dhital,मा.कृष्ण धिताल,Gorkha,गोरखा,Unified Communist Party of Nepal (Maoist),एनेकपा (माओवादी),krishnadhital100@gmail.com,9856027904,"",ca2
Chinkaji Shresth,मा. चिनकाजी श्रेष्ठ,Gorkha,गोरखा,Nepali Congress,नेपाली काँग्रेस,chinkaji123@gmail.com,9851134567,4370132,ca2
Chham Bahadur GUrung,मा. छम बहादुर गुरुङ,Gorkha,गोरखा -३,Unified Communist Party of Nepal (Maoist),एनेकपा (माओवादी),chhambdr.grg100@gmail.com,9746037550,"",ca2
Dr. Baburam Bhattarai,मा.डा  बाबुराम भट्टराई,Gorkha,गोरखा -१,Unified Communist Party of Nepal (Maoist),एनेकपा (माओवादी),brb.1954@gmail.com,9851155567 9851146588 9841564311,"",ca2
Kamala Devi Sharma,मा कमला देवी शर्मा,Kaski,कास्की,"Rastriya Prajatantra Party, Nepal",राप्रपा नेपाल,"",9851023271,4370030,ca2
Kumar Khadka,मा.कुमार खड्का,Kaski,कास्की,Akhanda Nepal Party,अखण्ड नेपाल पार्टी,khadkakumar@hotmail.com,9856021043,"",ca2
Jiwan Pariyar,मा. जीवन परियार,Kaski,कास्की,Nepali Congress,नेपाली काँग्रेस,pariyarjeevanadv@gmail.com,9851063729,"",ca2
Dil Bahadur Nepali,मा.डिल  बहादुर नेपाली,Kaski,कास्की,"Sanghiya Samajbadi Party, Nepal","संघिय समाजवादी पार्टी, नेपाल",dpkafle@yahoo.cm,9846028021 9851123499,6610974,ca2
Tula Bahadur Gurung,मा.तुला बहादुर गुरुङ,Kaski,कास्की,Communist Party of Nepal (Unified Marxist-Leninist),नेकपा (एमाले),tbdrgrg@yahoo.com,9856034410 9746009076,"",ca2
Tej Kumari Poudel,मा.तेज कुमारी पौडेल,Kaski,कास्की,Unified Communist Party of Nepal (Maoist),एनेकपा (माओवादी),"",9846223110,"",ca2
Yagya Bahadur Thapa,मा.यज्ञ बहादुर थापा,Kaski,कास्की-१,Nepali Congress,नेपाली काँग्रेस,"",9856028288,"",ca2
Rabindra Adhikari,मा.रबिन्द्र अधिकारी,Kaski,कास्की-३,Communist Party of Nepal (Unified Marxist-Leninist),नेकपा (एमाले),rabindra2026@gmail.com,9856022533  9741151481,4371907,ca2
Sharada Poudel,मा.शारदा पौडेल,Kaski,कास्की २,Nepali Congress,नेपाली काँग्रेस,"",9846066105,"",ca2
Sita Giri (Oli),मा.सिता गिरि (ओली),Kaski,कास्की ४,Communist Party of Nepal (Unified Marxist-Leninist),नेकपा (एमाले),sitawoli@gmail.com,9856025003,"",ca2
Chandra Bahadur Kunwar,मा. चन्द्र बहादुर कुँवर,Lamjung,लमजुङ-२,Nepali Congress,नेपाली काँग्रेस,"",9856045023,"",ca2
Jamindraman Ghale,मा. जमिन्द्रमान घले,Lamjung,लमजुङ-१,Communist Party of Nepal (Unified Marxist-Leninist),नेकपा (एमाले),jamindra.ghale@gmail.com,9856028646,4358074,ca2
Dil Bahadur Gharti,मा.दिल बहादुर घर्ती,Lamjung,लमजुङ,Nepali Congress,नेपाली काँग्रेस,"",9841641458,4034707,ca2
Nirmal Prakash Subedi,मा.निर्मल प्रकाश सुबेदी,Lamjung,लमजुङ,Communist Party of Nepal (Unified Marxist-Leninist),नेकपा (एमाले),nirmalsubedi86@yahoo.com,9858027927,"",ca2
Bhismanath Adhikari,मा.भिस्मनाथ अधिकारी,Lamjung,लमजुङ,Communist Party of Nepal (Unified Marxist-Leninist),नेकपा (एमाले),bhim.rawal@gmail.com,9851036203,4880704,ca2
Lal Bahadur Gurung,मा.लाल बहादुर गुरुङ,Lamjung,लमजुङ्,Unified Communist Party of Nepal (Maoist),एनेकपा (माओवादी),"",9856045355,"",ca2
Tek Bahadur Gurung,मा.टेक बहादुर गुरुङ,Manang,मनाङ-१,Nepali Congress,नेपाली काँग्रेस,"",9802006789,"",ca2
Radhakrishna Kandel,मा.राधाकृष्ण कंडेल,Palpa,पाल्पा १,Communist Party of Nepal (Unified Marxist-Leninist),नेकपा (एमाले),radhakrishnakandel526@gmail.com,9857060004 9847223808,4350638,ca2
Som Prasad Pandey,मा.सोम प्रसाद पाण्डे,Palpa,पाल्पा -२,Communist Party of Nepal (Unified Marxist-Leninist),नेकपा (एमाले),sompandeya@gmaill.com,9851086665,4107010,ca2
Kamal Prasad Pangeni,मा. कमल प्रसाद पंगेनी,Syangja,स्याङ्जा  -२,Nepali Congress,नेपाली काँग्रेस,pageni_kamal@gmail.com,9856052538,5544568,ca2
Kumari Teku Nepali,मा.कु टेकु नेपाली,Syangja,स्याङ्जा,Communist Party of Nepal (Unified Marxist-Leninist),नेकपा (एमाले),m.teku@yahoo.com,9851093572,061-527861,ca2
Ganesh Man Gurung,मा.गणेश मान गुरुङ,Syangja,स्याङ्जा,Communist Party of Nepal (Unified Marxist-Leninist),नेकपा (एमाले),ganeshmangurung@gmail.com,9851133585,4331494,ca2
Gopalman Shrestha,मा.गोपालमान श्रेष्ठ,Syangja,स्याङ्जा,Nepali Congress,नेपाली काँग्रेस,"",9851042333,4287099,ca2
Churamani B.k Jangali,मा. चुंडा मणी  बिक़ . जंगली,Syangja,स्याङ्जा,Communist Party of Nepal (Unified Marxist-Leninist),नेकपा (एमाले),chudamanijangali@gmail.com,9856025545 9856025545,061-523290,ca2
Dhanraj Gurung,मा.धनराज गुरुङ,Syangja,स्याङ्जा,Nepali Congress,नेपाली काँग्रेस,dhan_rajgrg@yahoo.com,9851069204,5002003,ca2
Mukti Prasad Pathak,मा.मुक्ति प्रसाद पाठक,Syangja,स्याङ्जा ३,Communist Party of Nepal (Unified Marxist-Leninist),नेकपा (एमाले),"",9846095715,4360477,ca2
Raju Thapa,मा.राजु थापा,Syangja,स्याङ्जा १,Nepali Congress,नेपाली काँग्रेस,nepalicongress333@gmail.com,9851029821,"",ca2
Binda Devi Ale (Rana),मा.विन्दा देबी आले (राना),Syangja,स्याङ्जा,Nepali Congress,नेपाली काँग्रेस,"",9846049411,"",ca2
Kashinath Adhikari,मा.काशीनाथ अधिकारी,Tanahun,तनहुँ,Communist Party of Nepal (Unified Marxist-Leninist),नेकपा (एमाले),kna1959@gmail.com,9851189077,4880402,ca2
Jhul Bahadur Aale,मा.झुल बहादुर आले,Tanahun,तनहुँ,Nepali Congress,नेपाली काँग्रेस,"",9846062797,"",ca2
Tuka Raj Sikdel,मा.तुका  राज सिक्देल,Tanahun,तनहुँ -३,Communist Party of Nepal (Unified Marxist-Leninist),नेकपा (एमाले),trsigdel@yahoo.com,9841572304,4881202,ca2
Dhurba Wagle,मा.धुब्र वाग्ले,Tanahun,तनहुँ,Nepali Congress,नेपाली काँग्रेस,wagled@hotmail.com,9856060488,"",ca2
Ram Chandra Pokheral,मा.रामचन्द्र पोख्रेल,Tanahun,तनहुँ,Nepali Congress,नेपाली काँग्रेस,rc_pokhrell@yahoo.com,9851075007,4352436,ca2
Ram Chandra Poudel,मा.रामचन्द्र पौडेल,Tanahun,तनहुँ  २,Nepali Congress,नेपाली काँग्रेस,nc_poudelr@hotmail.com,9851106102,4102041,ca2
Siva Lal Thapa,मा. शिबलाल थापा,Tanahun,तनहुँ,Rastriya Janamukti Party,राष्ट्रिय जनमुक्ति पार्टी,"",9846046327 065-562146,"",ca2
Shankar Bhandari,मा.शंकर भण्डारी,Tanahun,तनहुँ १,Nepali Congress,नेपाली काँग्रेस,"",9851077439,4375449,ca2
Top Bahadur Rayamajhi,मा.तोप बहादुर रायमाझी,Arghakhanchi,अर्घाखाँची-१,Unified Communist Party of Nepal (Maoist),एनेकपा (माओवादी),"",9857027815,"",ca2
Dr Duman SIngh Thapa Chhetri,मा.डा. दुमन सिंह थापा छेत्री,Arghakhanchi,अर्घाखाँची  -२,Communist Party of Nepal (Unified Marxist-Leninist),नेकपा (एमाले),duman@wlink.com.np,9851024268 9751015355,4465970,ca2
Bhakti Prasad Pandey,मा.भक्ति प्रसाद पाण्डे,Arghakhanchi,अर्घाखाँची,Unified Communist Party of Nepal (Maoist),एनेकपा (माओवादी),"",9857027826 9747000615,"",ca2
Man Bahadur Bishwakarma,मा.मान बहादुर बिश्वकर्मा,Arghakhanchi,अर्घाखाँची,Nepali Congress,नेपाली काँग्रेस,vishwakarma.mb@gmail.com,9841552799,4419068,ca2
Kamal BIshwokarma,मा. कमल बिस्वकर्मा,Gulmi,गुल्मी,Communist Party of Nepal (Marxist-Leninist),नेकपा (माले),bkamalp@yahoo.com,9841022343 9851172343,"",ca2
Krishna Prasad Chhantel Thapa,मा.कृष्ण प्रसाद छन्तेल थापा,Gulmi,गुल्मी-१,Nepali Congress,नेपाली काँग्रेस,thapakrishna33@yahoo.com,9751008606,"",ca2
Gokarna Raj Bista,मा.गोकर्ण राज बिष्ट,Gulmi,गुल्मी-३,Communist Party of Nepal (Unified Marxist-Leninist),नेकपा (एमाले),gokarnabista@hotmail.com,9851131471,"",ca2
Chandra Kanta Bhandari,मा.चन्द्रकान्त भण्डारी,Gulmi,गुल्मी-२,Nepali Congress,नेपाली काँग्रेस,"",9851159333,4114026,ca2
Dilshova Pun Khadka,मा.दिलशोभा पुन खड्का,Gulmi,गुल्मी,Communist Party of Nepal (Unified Marxist-Leninist),नेकपा (एमाले),punnardevi@gmail.com,9847523334 9851163415,"",ca2
Sirjana Taramu Khatri,मा.सिर्जना तरामु खत्री,Gulmi,गुल्मी,Unified Communist Party of Nepal (Maoist),एनेकपा (माओवादी),taramusiru@gmail.com,9747008014,"",ca2
Suwarna Jwarachan,मा.सुवर्ण ज्वारचन,Gulmi,गुल्मी,Nepali Congress,नेपाली काँग्रेस,"",9851046342,"",ca2
Akbal Ahamad Shah,मा. अकबाल अहमद शाह,Kapilvastu,कपिलवस्तु,Tarai Madhesh Loktantrik Party,तराई मधेस लोकतान्त्रिक पार्टी,akbalshah@gmail.com,9851143079 9801143079,4000015,ca2
Atahar Kamal Musalmaan,मा. अतहर क़माल  मुसलमान,Kapilvastu,कपिलवस्तु -२,Independent,स्वतन्त्र,lidonepal@yahoo.com,9847052644,076-550096,ca2
Abhsek Pratap Shah,मा.अभिषेक प्रताप शाह,Kapilvastu,कपिलवस्तु ५,"Madhesi Jana Adhikar Forum, Nepal","मधेशी जनअधिकार फोरम, नेपाल","",9802064888 9847042888,4484473,ca2
Dor Prasad Upadhya,मा.डोर प्रसाद उपाध्याय,Kapilvastu,कपिलवस्तु,Unified Communist Party of Nepal (Maoist),एनेकपा (माओवादी),nirmal16626@yahoo.cpm,9857030279,"",ca2
Narsingh Chaudhari,मा.नरसिंग चौधरी,Kapilvastu,कपिलवस्तु,Sadbhavana Party,सदभावना पार्टी,"",9849222411,076-560095,ca2
Balaram Adhikari,मा.बलराम अधिकारी,Kapilvastu,कपिलवस्तु-१,Communist Party of Nepal (Unified Marxist-Leninist),नेकपा (एमाले),adhikaribalram@gamil.com,9747008732 9857050732,4781080,ca2
Brijesh Kumar Gupt,मा.बृजेश कुमार गुप्त,Kapilvastu,कपिलवस्तु -३,Tarai Madhesh Loktantrik Party,तराई मधेस  लोकतान्त्रिक पार्टी,brijesh906@gmail.com,9851062633,4497728,ca2
Bishram Prasad Chaudhary,मा.विश्राम प्रसाद चौधरी,Kapilvastu,कपिलवस्तु,Communist Party of Nepal (Unified Marxist-Leninist),नेकपा (एमाले),"",9857025462,"",ca2
Surendra Raj Acharya,मा.सुरेन्द्र राज आचर्य,Kapilvastu,कपिलवस्तु-४,Nepali Congress,नेपाली काँग्रेस,"",9757001469 9847052059,"",ca2
Krishna Prasad Poudel,मा.कृष्ण प्रसाद पौडेल,Nawalparasi,नवलपरासी -३,Communist Party of Nepal (Unified Marxist-Leninist),नेकपा (एमाले),krishnapoudel29741@gmail.com,9857029741,"",ca2
Jiwan Shrestha,मा. जीवन श्रेष्ठ,Nawalparasi,नवलपरासी २,Communist Party of Nepal (Unified Marxist-Leninist),नेकपा (एमाले ),sthajiwan5@yahoo.com,9857040150/9847045275,07-8540150,ca2
Dulari Harijan,मा.दुलारी हरिजन,Nawalparasi,नवलपरासी,Unified Communist Party of Nepal (Maoist),एनेकपा (माओवादी),"",9847047243,"",ca2
Devkaran Kalwar,मा.देवकरण प्रसाद कलवार,Nawalparasi,नवलपरासी-६,Nepali Congress,नेपाली काँग्रेस,"",9747010962,"",ca2
Bikram Khanal,मा.विक्रम खनाल,Nawalparasi,नवलपरासी-५,Nepali Congress,नेपाली काँग्रेस,bikkhanal@yahoo.com,9857080310,078-580310,ca2
Baijnath Chaudhary Tharu,मा.वैजनाथ चौधरी थारु,Nawalparasi,नवलपरासी ४,Communist Party of Nepal (Unified Marxist-Leninist),नेकपा (एमाले),baijanathchaudhary@yahoo.com,9857080000 9757000900,4475316,ca2
Shasank Koirala,मा.शसांक कोइराला,Nawalparasi,नवलपरासी १,Nepali Congress,नेपाली काँग्रेस,shashkoi@yahoo.com,9851089833,4377229,ca2
Shanta Manawi,मा.शान्ता मानवी,Nawalparasi,नवलपरासी,Communist Party of Nepal (Unified Marxist-Leninist),नेकपा (एमाले),shanta.manvi@yahoo.com,9841526309,4490424,ca2
Sindhu Jalesha Budhathoki,मा.सिन्धु जलेसा बुढाथोकी,Nawalparasi,नवलपरासी,Communist Party of Nepal (Unified Marxist-Leninist),नेकपा (एमाले),sidhujalesa@yahoo.com,9857080453 9851180453,4387363,ca2
Tulasha Rana,मा.तुलसा राना,Palpa,पाल्पा,Unified Communist Party of Nepal (Maoist),एनेकपा (माओवादी),"",9857060664,"",ca2
Dipak Bohora,मा.दिपक बोहोरा,Rupandehi,रुपन्देही -२,Rastriya Prajatantra Party,राप्रपा,deepak22011@gmail.com,9851022011,"",ca2
Abdul Rajjak Gaddi,मा.अब्दुल रज्जाक गद्दी,Rupandehi,रुपन्देही- १,Nepali Congress,नेपाली काँग्रेस,"",9847020786,"",ca2
Aaditya Narayan Kasaudhan,मा.आदित्य नारायण कसौधन,Rupandehi,रुपन्देही,Communist Party of Nepal (Unified Marxist-Leninist),नेकपा (एमाले),adtyank15@gmail.com,9857021465,71-520365,ca2
Istayak Ahamad Khan,मा.इस्तियाक  अहमद खान,Rupandehi,रुपन्देही,Rastriya Prajatantra Party,राप्रपा,"la.khan7860@yahoo,com",9857020792 9851025792,"",ca2
Kamaleshwor Puri Goswami,मा. कमलेश्वोर पुरी गोस्वामी,Rupandehi,रुपन्देही -७,"Terai Madhesh Sadbhawana Party, Nepal",तराई मधेस  सदभावना पार्टी नेपाल,macinababa@gmail.com,9847021179 9747020230,"",ca2
Jannatun Nisha Dhuniya,मा. जन्न तुन  निशा  धुनिया,Rupandehi,रुपन्देही,"Madhesi Jana Adhikar Forum, Nepal","मधेसी जनअधिकार फोरम, नेपाल","",9847547786,"",ca2
Bharat Kumar Shah,मा.भरत कुमार शाह,Rupandehi,रुपन्देही -५,Nepali Congress,नेपाली काँग्रेस,"",9857022484 9741053503,4497335,ca2
Raj Kmari Gaderiya,मा.राज कुमारी गडेरिया,Rupandehi,रुपन्देही,Tarai Madhesh Loktantrik Party,तराई मधेस  लोकतान्त्रिक पार्टी,"",9811574114  9843671654,"",ca2
Bal Krishna khand,मा.बालकृष्ण खाण,Rupandehi,रुपन्देही -३,Nepali Congress,नेपाली काँग्रेस,khandbk@yahoo.com,9851023599,4480446,ca2
Bishnu Prasad Poudel,मा.विष्णु प्रसाद पौडेल,Rupandehi,रुपन्देही ४,Communist Party of Nepal (Unified Marxist-Leninist),नेकपा (एमाले),bpaudel1959@gmail.com,9851177066,5592558,ca2
Sarbendra Nath Shukla,मा.सर्बेन्द्र नाथ शुक्ला,Rupandehi,रुपन्देही ६,Tarai Madhesh Loktantrik Party,तराई मधेस  लोकतान्त्रिक पार्टी,"",9851004444,"",ca2
Sima Kumari B.K.,मा.सिमा कुमारी बि क,Rupandehi,रुपन्देही,Rastriya Janamorcha,राष्ट्रिय जनमोर्चा,"",9847054467,071-561547,ca2
Sonia Yadav,मा.सोनिया यादब,Rupandehi,रुपन्देही,Unified Communist Party of Nepal (Maoist),एनेकपा (माओवादी),yadavsoniya2070@yahoo.com,9857038129 9806997146,"",ca2
Anuradha Thapa Magar,मा.अनु राधा थापामगर,Bhaktapur,भक्तपुर,Nepal Workers Peasants Party,नेपाल मजदुर किसान पार्टी,nwpp@ntc.net.np,9841445966,6610026,ca2
Dinesh Shrestha,मा. दिनेश श्रेष्ठ,Bhaktapur,भक्तपुर,"Rastriya Prajatantra Party, Nepal",राप्रपा नेपाल,"",9851047708,4257740,ca2
Narayan Man Bijhukchhe Rohit,मा.नारायण मान बिझुकछे (रोहित),Bhaktapur,भक्तपुर १,Nepal Workers Peasants Party,नेपाल मजदुर किसान पार्टी,nwpp@ntc.net.np,-,6612227 6610933,ca2
Prem Suwal,मा.प्रेम सुवाल,Bhaktapur,भक्तपुर,Nepal Workers Peasants Party,नेपाली मजदुर किसान पार्टी,ppsuwal@gmail.com,9851081379,6611510,ca2
Manmohan Bhattarai,मा.मनमोहन भट्टराई,Bhaktapur,भक्तपुर,Nepali Congress,नेपाली काँग्रेस,"",9841583482,6635214,ca2
Rameswor Prasad Dhungel,मा.रामेश्वर प्रसाद ढुंगेल,Bhaktapur,भक्तपुर २,Nepali Congress,नेपाली काँग्रेस,"",9841334652,6611746,ca2
Guru Prasad Burlakoti,मा.गुरु प्रसाद बुर्लाकोटी,Dhading,धादिङ -२,Communist Party of Nepal (Unified Marxist-Leninist),नेकपा (एमाले),gburlakoti@yahoo.com,9841546800,5541142,ca2
Ganga Lal Tuladhar,मा.गंगा लाल तुलाधर,Dhading,धादिङ,Communist Party of Nepal (Unified Marxist-Leninist),नेकपा (एमाले),"",9851145018,5001470,ca2
Dilaman Pakhrin,मा.दिलमान पाख्रिन,Dhading,धादिङ,Nepali Congress,नेपाली काँग्रेस,dilpakhrin8@hotmail.com,9851147005,4720807,ca2
Dhan Bahadur Ghale,मा.धन बहादुर घले,Dhading,धादिङ -१,Communist Party of Nepal (Unified Marxist-Leninist),नेकपा (एमाले),ghaledhan2013@gmail.com,9851055509 9841992974,4352447,ca2
Parshuram Tamang,मा परशुराम तामांङ्,Dhading,धादिङ,Rastriya Prajatantra Party,राप्रपा,"",9851060383,"",ca2
Rajendra Prasad Pandey,मा.राजेन्द्र प्रसाद पाण्डे,Dhading,धादिंङ्-३,Communist Party of Nepal (Unified Marxist-Leninist),नेकपा (एमाले),rajendrapande2011@gmail.com,9851029201,4034747,ca2
Ambika Basnet,मा.अम्बिका बस्नेत,Kathmandu,काठमाडौँ,Nepali Congress,नेपाली काँग्रेस,"",9851012744,"",ca2
Ashta Laxmi Shakya (Bohora),मा. अष्ट लक्ष्मी शाक्य (बोहोरा),Kathmandu,काठमाडौँ,Communist Party of Nepal (Unified Marxist-Leninist),नेकपा (एमाले),astalaxmishakya@gmail.com,9841500348,4891760,ca2
Omdevi Malla Joshi,मा.ओमदेवी मल्ल जोशी,Kathmandu,काठमाडौँ,Nepali Congress,नेपाली काँग्रेस,"",9851043080,"",ca2
Kalpana Sharma Joshi,मा.कल्पना शर्मा जोशी,Kathmandu,काठमाडौँ,Communist Party of Nepal (Unified Marxist-Leninist),नेकपा (एमाले),kalpanachapagain@gmail.com,9857630001 9851143743,"",ca2
Keshav Prasad Badal,मा.केशब प्रसाद बडाल,Kathmandu,काठमाडौँ,Communist Party of Nepal (Unified Marxist-Leninist),नेकपा (एमाले),kbadal2010@gmail.com,9851115660,"",ca2
Kaushar Shah,मा.कौशर शाह,Kathmandu,काठमाडौँ,Nepali Congress,नेपाली काँग्रेस,"",9841295524,"",ca2
Gagan Kumar Thapa,मा.गगन कुमार थापा,Kathmandu,काठमाडौँ-४,Nepali Congress,नेपाली काँग्रेस,"",9851067214 9851068470,4434975,ca2
Gita Chhetri,मा.गीता क्षेत्री,Kathmandu,काठमाडौँ,Madhesi Janadhikar Forum (Loktantrik),मधेसी जनाधिकार फोरम (लोकतान्त्रिक),changugeeta@gmail.com,9851010226,4411362,ca2
Chandra Prakash CP Mainali,मा.चन्द्र प्रकाश(सिपी )मैनाली,Kathmandu,काठमाडौँ,Communist Party of Nepal (Marxist-Leninist),नेकपा (माले),"",9851064851,4486280,ca2
Chaya Sharma Pant,मा. छाया शर्मा पन्त,Kathmandu,काठमाडौँ,"Madhesi Jana Adhikar Forum, Nepal","मधेसी जनअधिकार फोरम, नेपाल","",9851032369,"",ca2
DIpak  Prasad Kuikel,मा.दिपक प्रसाद कुइकेल,Kathmandu,काठमाडौँ-२,Nepali Congress,नेपाली काँग्रेस,kuikeldeepak@gmail.com,9841464845,4450150,ca2
Dil Nath Giri,मा.दिल नाथ गिरी,Kathmandu,काठमाडौँ,"Rastriya Prajatantra Party, Nepal",राप्रपा नेपाल,giridinathgiri@gmail.com,9851118394,5592307,ca2
Dharmanath Prasad Shah,मा.धर्मनाथ प्रसाद साह,Kathmandu,काठमाडौँ,Communist Party of Nepal (Unified Marxist-Leninist),नेकपा (एमाले),"",9851102468,"",ca2
Dhyan Govinda Ranjit,मा.ध्यान गोविन्द रंजित,Kathmandu,काठमाडौँ-९,Nepali Congress,नेपाली काँग्रेस,"",9841517399,4254955,ca2
Narahari Acharya,मा.नरहरि आचार्य,Kathmandu,काठमाडौँ  ५,Nepali Congress,नेपाली काँग्रेस,nhacharya@hotmail.com,9841490239 4721461,"",ca2
Nabindra Raj Joshi,मा.नविन्द्र राज जोशी,Kathmandu,काठमाडौँ  ८,Nepali Congress,नेपाली काँग्रेस,joshinr@hotmail.com,9851032097,4279038,ca2
Prakash Man SIngh,मा. प्रकाशमान सिंह,Kathmandu,काठमाडौँ-१,Nepali Congress,नेपाली काँग्रेस,pmsingh@wlink.com.np,9851023764,4223366,ca2
Pramila Rana,मा.प्रमिला राणा,Kathmandu,काठमाडौँ,Communist Party of Nepal (United),नेपाली कम्युनिष्ट पार्टी (संयुक्त),"",9803192842/984928861,4248226,ca2
Dr. Baburam Pokheral,मा डा  बाबुराम पोख्रेल,Kathmandu,काठमाडौँ,Madhesi Janadhikar Forum (Loktantrik),मधेसी जनाधिकार फोरम (लोकतान्त्रिक),baburampokhrel@gmail.com,9851021600,4498765,ca2
Bhimsen Das Pradhan,मा.भीमसेन दास प्रधान,Kathmandu,काठमाडौँ -६,Nepali Congress,नेपाली काँग्रेस,bhimacharya54@yahoo.com,9851045066,4253044,ca2
Man Kumar Gautam,मा.मन कुमार गौतम,Kathmandu,काठमाडौँ,Communist Party of Nepal (Unified Marxist-Leninist),नेकपा (एमाले),"",9852677777,4475203,ca2
Rabindra Pratap Shah,मा.रविन्द्र प्रताप  शाह,Kathmandu,काठमाडौँ,Unified Communist Party of Nepal (Maoist),एनेकपा (माओवादी),shahkrp@gmail.com,9851055344,6630221,ca2
Rajendra Kumar Kc,मा.राजेन्द्र कुमार के सी,Kathmandu,काठमाडौँ-१०,Nepali Congress,नेपाली काँग्रेस,"",9851085709,42700028,ca2
Rajyalaxmi Shrestha   (Kathmandu),मा.राज्यलक्ष्मी  श्रेष्ठ (काठमाडौँ),Kathmandu,काठमाडौँ,Nepali Congress,नेपाली काँग्रेस,"",9741037767,4288113,ca2
Radhadevi Timilsina,मा.राधादेवी तिमिल्सिना,Kathmandu,काठमाडौँ,"Sanghiya Samajbadi Party, Nepal",संघिय समाजवादी पार्टी नेपाल,radhatimalsina@yahoo.com,9851125020,5542448,ca2
Ram Bir Manandhar,मा.रामबिर मानन्धर,Kathmandu,काठमाडौँ ७,Communist Party of Nepal (Unified Marxist-Leninist),नेकपा (एमाले),sir_rambir@live.com,9841399532,4350310,ca2
Rameswor Phuyal,मा.रामेश्वर फुयाल,Kathmandu,काठमाडौँ ३,Communist Party of Nepal (Unified Marxist-Leninist),नेकपा (एमाले),rameshwarphuyal@hotmail.com,9751050456 9851008908,4156772,ca2
Rupa Maharjan (Shrestha),मा.रुपा महर्जन (श्रेष्ठ),Kathmandu,काठमाडौँ,Unified Communist Party of Nepal (Maoist),एनेकपा (माओवादी),rupasank@gmail.com,9851018609 9808716206,"",ca2
Laxman Rajbamsi,मा.लक्ष्मण  राजबंशी,Kathmandu,काठमाडौँ,Nepa Rastriya Party,नेपा: राष्ट्रिय पार्टी,laxmanrajbansh@hotmail.com,9851083438,4356829,ca2
Bikram Bahadur Thapa,मा.विक्रम बहादुर थापा,Kathmandu,काठमाडौँ,"Rastriya Prajatantrik Party, Nepal",राप्रपा नेपाल,basnetsuresh2014@gmail.com,9851013955,4272536,ca2
Binod Shrestha,मा.बिनोद श्रेष्ठ,Kathmandu,काठमाडौँ,Communist Party of Nepal (Unified Marxist-Leninist),नेकपा (एमाले),binodstha01@gmail.com,9851069778,4310105,ca2
Saroj Sharma,मा.सरोज शर्मा,Kathmandu,काठमाडौँ,Rastriya Prajatantra Party,राप्रपा,"",9851036322,4375455,ca2
Sita Luitel (Gyawali),मा.सिता लुइँटेल (ज्ञावाली ),Kathmandu,काठमाडौँ,"Rastriya Prajatantra Party, Nepal",राप्रपा नेपाल,"",9841219201,4464116,ca2
Surendra Kumar Karki,मा.सुरेन्द्र कुमार कार्की,Kathmandu,काठमाडौँ,Unified Communist Party of Nepal (Maoist),एनेकपा (माओवादी),"",9851100020,4416286,ca2
Dr. Subodh Kumar Pokheral,मा.डा सुबोध कुमार  पोख्रेल,Kathmandu,काठमाडौँ,Madhesi Janadhikar Forum (Loktantrik),मधेसी जनाधिकार फोरम (लोकतान्त्रिक),sbdhpkhrl@gmail.com,9851032711,4371454,ca2
Kanchan Chandra Bade,कन्चन चन्द्र बादे,Kavrepalanchowk,काभ्रेपलाञ्चोक -३,Nepali Congress,नेपाली काँग्रेस,kanchanchandrabade@gmail.com,9851059251 9841106666,"",ca2
Kamala Dong,मा. कमला दोंङ्,Kavrepalanchowk,काभ्रेपलान्चोक,Unified Communist Party of Nepal (Maoist),एनेकपा (माओवादी),"",9849345858,"",ca2
Tirtha Bahadur Lama,मा.तिर्थ बहादुर लामा,Kavrepalanchowk,काभ्रेपलाञ्चोक१,Nepali Congress,नेपाली काँग्रेस,tritahmoktan@yahoo.com,9851035024,"",ca2
Ram Hari Subedi,मा.राम हरि सुबेदी,Kavrepalanchowk,काभ्रेपलाञ्चोक२,Communist Party of Nepal (Unified Marxist-Leninist),नेकपा (एमाले),comred.ramhari@gmail.com,9851169225,011-441466,ca2
Resham Bahadur Lama,मा.रेशम बहादुर लामा,Kavrepalanchowk,काभ्रेपलाञ्चोक,"Rastriya Prajatantra Party, Nepal",राप्रपा नेपाल,"",9851032381,"",ca2
Bidur Prasad Sapkota,मा.बिदुर प्रसाद सापकोटा,Kavrepalanchowk,काभ्रेपलान्चोक-२,Communist Party of Nepal (Unified Marxist-Leninist),नेकपा (एमाले),sapkota_bidur@yahoo.com,9851049825,4823758,ca2
Sushila Nepal,मा.शुशिला नेपाल,Kavrepalanchowk,काभ्रेपलाञ्चोक,Communist Party of Nepal (Unified Marxist-Leninist),नेकपा (एमाले),"",9841508833,5003079,ca2
Udaya Smaser Jawara,म.उदय शम्शेर जबरा,Lalitpur,ललितपुर -१,Nepali Congress,नेपाली काँग्रेस,"",9851061424,5523608,ca2
Kumari Laxmi Rai,मा.कुमारी लक्ष्मी राई,Lalitpur,ललितपुर,Nepali Congress,नेपाली काँग्रेस,"",9808082098,4371824,ca2
Chandra Maharjan,मा. चन्द्र महर्जन,Lalitpur,ललितपुर-२,Nepali Congress,नेपाली काँग्रेस,"",9851031916,5523188,ca2
Jayanta Chandra,मा. जयन्त चन्द्र,Lalitpur,ललितपुर,Rastriya Prajatantra Party,राप्रपा,jayantchand12@gmail.com,9851032494,6630341,ca2
Bharat Mohan Adhikari,मा.भरत मोहन अधिकारी,Lalitpur,ललितपुर,Communist Party of Nepal (Unified Marxist-Leninist),नेकपा (एमाले),"",9851086870,"",ca2
Madan Kumar Amatya,मा.मदन बहादुर अमात्य,Lalitpur,ललितपुर-३,Nepali Congress,नेपाली काँग्रेस,"",9851115219,"",ca2
Yogendra Tamang Ghising,मा.योगेन्द्र तामांङ् घिसिङ्ग,Lalitpur,ललितपुर,Unified Communist Party of Nepal (Maoist),एनेकपा (माओवादी),"",9851110418,"",ca2
Lila Magar,मा.लिला मगर,Lalitpur,ललितपुर,Communist Party of Nepal (Unified Marxist-Leninist),नेकपा (एमाले),lilarana_magar@yahoo.com,9748012987,5536543,ca2
Biraj Bista,मा.विराज विष्ट,Lalitpur,ललितपुर,"Rastriya Prajatantra Party, Nepal",राप्रपा नेपाल,biraj645@gmail.com,9801020645,"",ca2
Sididhi Lal Singh,मा.सिद्धिलाल सिंह,Lalitpur,ललितपुर,Communist Party of Nepal (Unified Marxist-Leninist),नेकपा (एमाले),siddhilal@yahoo.com,9841472284,5533970,ca2
Arjun Narsingh  K.C.,मा. अर्जुन नरसिं के. सी.,Nuwakot,नुवाकोट -१,Nepali Congress,नेपाली काँग्रेस,arjunnkc@gmail.com,9851032405,4356610 4353270,ca2
Jagadishwor Narsingh Kc,मा. जगदिश्वर  नरशिंह के.सि,Nuwakot,नुवाकोट,Nepali Congress,नेपाली काँग्रेस,"",9851001112,4353344,ca2
Prakash Saran Mahat,मा. प्रकाश सरन महत,Nuwakot,नुवाकोट,Nepali Congress,नेपाली काँग्रेस,psmahat@gmail.com,9851035759,4018526,ca2
Bahadur SIngh Lama (Tamang),मा.बहादुर सिङ् लामा (तामांङ् ),Nuwakot,नुवाकोट-३,Nepali Congress,नेपाली काँग्रेस,"",9851110759,4363193,ca2
Rajyalaxmi Shrestha   (Nuwakot),मा.राज्यलक्ष्मी  श्रेष्ठ (नुवाकोट ),Nuwakot,नुवाकोट,Rastriya Prajatantra Party,राप्रपा,"",9841324927 9851180324,"",ca2
Radhika Tamang,मा.राधिका तामांङ्,Nuwakot,नुवाकोट,Unified Communist Party of Nepal (Maoist),एनेकपा (माओवादी),"",9751029335,"",ca2
Dr. Ramsaran Mahat,मा.डा रामशरण महत,Nuwakot,नुवाकोट २,Nepali Congress,नेपाली काँग्रेस,ramsmahat@wlink.com.np,9851042466,4373132,ca2
Chhewang Tenjen Tamang,मा. छेवांङ्  तेञ्जेन तामांग,Rasuwa,रसुवा,Communist Party of Nepal (Unified Marxist-Leninist),नेकपा (एमाले),chhowangtenzingtmg@gmail.com,9751020824 9808001776,4360384,ca2
Janardhan Dhakal,मा. जनार्धन ढकाल,Rasuwa,रसुवा-१,Communist Party of Nepal (Unified Marxist-Leninist),नेकपा (एमाले),janardan_dhakal@yahoo.com,9851036062 9751036062,4354838,ca2
Agni Prasad Sapkota,मा.अग्नि प्रसाद सापकोटा,Sindhupalchowk,सिन्धुपाल्चोक -२,Unified Communist Party of Nepal (Maoist),एनेकपा (माओवादी),"",9841321287 9851110501,"",ca2
Amrit Kumar Bohora,मा.अमृत कुमार बोहोरा,Sindhupalchowk,सिन्धुपाल्चोक,Communist Party of Nepal (Unified Marxist-Leninist),नेकपा (एमाले),"",9851074074,4891760,ca2
Pemba Lama,मा पेम्बा लामा,Sindhupalchowk,सिन्धुपाल्चोक,Communist Party of Nepal (Unified Marxist-Leninist),नेकपा (एमाले),hellopemba@yahoo.com,9841446143,4914749,ca2
Mohan Bahadur Basnet,मा.मोहन बहादुर बस्नेत,Sindhupalchowk,सिन्धुपाल्चोक १,Nepali Congress,नेपाली काग्रेस,"",9851025917,"",ca2
Ramesh Kumar Lama,मा.रमेश कुमार लामा,Sindhupalchowk,सिन्धुपाल्चोक,Rastriya Prajatantra Party,राप्रपा,"",9851141808,4009535,ca2
Sher Bahadur Tamang,मा शेर बहादुर तामांङ्,Sindhupalchowk,सिन्धुपाल्चोक ३,Communist Party of Nepal (Unified Marxist-Leninist),नेकपा (एमाले),shersindu@gmail.com,9851040821,5092853,ca2
Aananda Prasad Dhungana,मा.आनन्द प्रसाद ढुंगाना,Dhanusha,धनुषा,Nepali Congress,नेपाली काँग्रेस,ncapdhungana@yahoo.com,9851166605 9841439945,6610912,ca2
Minakshhi Jha,मा.मिनाक्षी झा,Dhanusha,धनुषा,Nepali Congress,नेपाली काँग्रेस,"",9741175095,"",ca2
Mahendra Yadav,मा.महेन्द्र  यादव,Dhanusha,धनुषा,Nepali Congress,नेपाली काँग्रेस,"",9851108446,4771039,ca2
Dinesh Prasad Parasaila Yadav,मा.दिनेश प्रसाद परसैला यादव,Dhanusha,धनुषा-१,Nepali Congress,नेपाली काँग्रेस,"",9854025747,"",ca2
Dinesh Prasad Shah,मा.दिनेश प्रसाद साह,Dhanusha,धनुषा,"Rastriya Samajbadi Party, Nepal","राष्ट्रिय समाजवादी पार्टी, नेपाल",dineshsah.999@gmail.com,9854020227 9854022971,41520227,ca2
Indra Jha,मा.इन्द्रा झा,Dhanusha,धनुषा,Tarai Madhesh Loktantrik Party,तराई मधेस लोकतान्त्रिक पार्टी,"",9841777348,"",ca2
Urmila Devi Shah,म.उर्मिला देवी शाह,Dhanusha,धनुषा,"Sanghiya Samajbadi Party, Nepal","संघिय समाजवादी पार्टी, नेपाल","",9844029312,6636628,ca2
Dr Chandra Mohan Yadav,मा.प्रा डा  चन्द्र मोहन यादव,Dhanusha,धनुषा-५,Nepali Congress,नेपाली काँग्रेस,"",9851108234,"",ca2
Dipshikha Sharma Dhakal,मा.दिपशिखा  शर्मा ढकाल,Dhanusha,धनुषा,Nepali Congress,नेपाली काँग्रेस,"",9851076904,4471972,ca2
Puspalata Lama,मा पुस्पलाता लामा,Dhanusha,धनुषा,Nepali Congress,नेपाली काँग्रेस,"",9803854852 9844007445,4426247,ca2
Pratiksha Tiwari Mukhiya,मा. प्रतिक्षा तिवारी मुखिया,Dhanusha,धनुषा,Unified Communist Party of Nepal (Maoist),एनेकपा (माओवादी),"",9844016587,"",ca2
Prem Kiswor Prasad Shah Teli,मा.प्रेम किशोर प्रसाद शाह तेली,Dhanusha,धनुषा-६,Nepali Congress,नेपाली काँग्रेस,"",9854022777,"",ca2
Madhavi Rani Shah,मा.माधवी रानी शाह,Dhanusha,धनुषा,Sadbhavana party,सदभावना पार्टी,madhawi_51@gmail.com,9854027337,041-526931,ca2
Mukta Kumari Yadav,मा.मुक्ता कुमारी यादब,Dhanusha,धनुषा,Nepali Congress,नेपाली काँग्रेस,"",9807852690,"",ca2
Yashoda Kumari Lama,मा.यशोदा कुमारी लामा,Dhanusha,धनुषा,Dalit Janajati Party,दलित जनजाती पार्टी,"",9851195101,"",ca2
Rashmi Thakur,मा.रस्मि ठाकुर,Dhanusha,धनुषा,Nepali Congress,नेपाली काँग्रेस,rashmitaakur155@yahoo.com,9851164300 9844130009,"",ca2
Ram Awatar Paswan,मा.राम अबतार पासवान,Dhanusha,धनुषा,Communist Party of Nepal (Unified Marxist-Leninist),नेकपा (एमाले),"",9803437958,"",ca2
Ram Krishna Yadav,मा.रामकृष्ण यादब,Dhanusha,धनुषा २,Nepali Congress,नेपाली काँग्रेस,"",9841942766,4108655,ca2
Ram Singh Yadav,मा.राम सिंह यादब,Dhanusha,धनुषा,Unified Communist Party of Nepal (Maoist),एनेकपा (माओवादी),sdrcram@yahoo.com,9854021307,"",ca2
Laxmi Thapa Pasman,मा.लक्ष्मी थापा पासमान,Dhanusha,धनुषा,Rastriya Prajatantra Party,राप्रपा,"",9845677562,"",ca2
Lima Koirala,मा.लिला कोइराला,Dhanusha,धनुषा,Nepali Congress,नेपाली काँग्रेस,koiralalila@gmail.com,9851132454,"",ca2
Bimalenra Nidhi,मा.विमलेन्द्र निधि,Dhanusha,धनुषा ३,Nepali Congress,नेपाली काँग्रेस,nidhi_bimal@hotmail.com,9851016554,4474839,ca2
Shatrudhan Mahato,मा.शत्रुधन महतो,Dhanusha,धनुषा ७,Communist Party of Nepal (Unified Marxist-Leninist),नेकपा (एमाले),"",9851144866,041-523383,ca2
Shital Jha,मा.शितल झा,Dhanusha,धनुषा,Communist Party of Nepal (Unified Marxist-Leninist),नेकपा (एमाले),"",9844020578,"",ca2
Siva Chandra Chaudhary,मा.शिब चन्द्र चौधरी,Dhanusha,धनुषा,Communist Party of Nepal (Marxist-Leninist),नेकपा (माले),chaudharyshivaachandra@gmail.com,9841521931,4479989,ca2
Aananda Prasad Pokheral,मा.आनन्द प्रसाद पोखरेल,Dolakha,दोलखा -२,Communist Party of Nepal (Unified Marxist-Leninist),नेकपा (एमाले),anandapokharel@yahoo.com,9851089532,6635117,ca2
Pashupati Chaulagain,मा पशुपति चौलागाईं,Dolakha,दोलखा,Communist Party of Nepal (Unified Marxist-Leninist),नेकपा (एमाले),ppc@ntc.net.np,9851101026,6636529,ca2
Paarbat Gurung,मा पार्वत गुरुङ,Dolakha,दोलखा १,Communist Party of Nepal (Unified Marxist-Leninist),नेकपा (एमाले),hbtlp@wlink.com.np,9851055084,4386990,ca2
Anita Kumari  Pariyar,मा.अनिता कुमारी परियार,Mahottari,महोत्तरी,Unified Communist Party of Nepal (Maoist),एनेकपा (माओवादी),"",9842047397,"",ca2
Kiran Yadav,मा.किरण यादब,Mahottari,महोत्तरी-२,Nepali Congress,नेपाली काँग्रेस,"",9841328702,5592678,ca2
Giriraj Mani Pokhrel,मा.गिरिराज मणि पोख्रेल,Mahottari,महोत्तरी -१,Unified Communist Party of Nepal (Maoist),एनेकपा (माओवादी),mp.giriraj2070@gmail.com,9851104063,"",ca2
Chandeshwor Jha,मा.चंदेश्वोर झा,Mahottari,महोत्तरी-४,Independent,स्वतन्त्र,"",9854030293 9816896727,4437432,ca2
Din Narayan Shah,मा.दीप नारायण साह,Mahottari,महोत्तरी-५,Communist Party of Nepal (Unified Marxist-Leninist),नेकपा (एमाले),"",9844192480 9744018281,"5590813, 5591665",ca2
Dharmendra Kumar Shah Teli,मा.धर्मेन्द्र कुमार साह तेली,Mahottari,महोत्तरी,Rastriya Madhesi Samajbadi Party,राष्ट्रिय मधेसी समाजवादी पार्टी,slcsledk@gmail.com,9854020502,"",ca2
Pramila Devi Das,मा.प्रमिला देवी दास,Mahottari,महोत्तरी,Nepali Congress,नेपाली काँग्रेस,"",9804838428,"",ca2
Ranjana Shrestha,मा.रन्जना श्रेष्ठ,Mahottari,महोत्तरी,Communist Party of Nepal (Unified Marxist-Leninist),नेकपा (एमाले),"",9815826550 9851177333,4373122,ca2
Ram Dayal Mandal,मा.राम दयाल मण्डल,Mahottari,महोत्तरी ३,Communist Party of Nepal (Unified Marxist-Leninist),नेकपा (एमाले),"",9854030081,"",ca2
Lalendra Kumar Mandal,मा.लालेंद्र कुमार मण्डल,Mahottari,महोत्तरी,Unified Communist Party of Nepal (Maoist),एनेकपा (माओवादी),coolgreenzone@yahoo.com,9851161355,"",ca2
Bijaya Kumar Singh,मा. विजय कुमार सिंह,Mahottari,महोत्तरी,Tarai Madhesh Loktantrik Party,तराई मधेस लोकतान्त्रिक पार्टी,"",9854020274,"",ca2
Dr. Sivaji Yadav,मा.डा शिवजी यादब,Mahottari,महोत्तरी,"Madhesi Jana Adhikar Forum, Nepal","मधेसी जनअधिकार फोरम, नेपाल",shivajee4@hotmail.com,9841532064,4489285,ca2
Sitaram Bhandari,मा.सिताराम भण्डारी,Mahottari,महोत्तरी ६,Nepali Congress,नेपाली काँग्रेस,"",9844031464,4110545,ca2
Sushil Kumar Shrestha,मा.सुशील कुमार श्रेष्ठ,Mahottari,महोत्तरी,"Rastriya Prajatantra Party, Nepal",राप्रपा नेपाल,sukshrestha@hotmail.com,9841325561 9851060963,4381231,ca2
Sangita Mandal (Dhanuk),मा.संगीता मण्डल (धानुक),Mahottari,महोत्तरी,Nepali Congress,नेपाली काँग्रेस,"",9851090722,"",ca2
Ang Tawa Sherpa,मा आङ टावा  शेर्पा,Ramechhap,रामेछाप -१,Nepali Congress,नेपाली काँग्रेस,atgarja@yahoo.com,9851062089,"",ca2
Kamala Kumari Ghimire,मा.कमला कुमारी घिमिरे,Ramechhap,रामेछाप,Communist Party of Nepal (Unified Marxist-Leninist),नेकपा (एमाले),subedikamalak@gmail.com,9841652379,6637923,ca2
Laxmi Devi Bhandari,मा.लक्ष्मी देबि भण्डारी,Ramechhap,रामेछाप,Nepali Congress,नेपाली काँग्रेस,"",9844020066,"",ca2
Shyam Kumar Shrestha,मा.श्याम कुमार श्रेष्ठ,Ramechhap,रामेछाप २,Unified Communist Party of Nepal (Maoist),एनेकपा (माओवादी),shyamkumar.shrestha@yahoo.com,9851145630,"",ca2
Dr. Amresh Kumar Singh,मा.डा  अमरेश कुमार सिंह,Sarlahi,सर्लाही ६,Nepali Congress,नेपाली काँग्रेस,"",9851058132,"",ca2
Amerika Kumari,मा.अमेरिका कुमारी,Sarlahi,सर्लाही,"Terai Madhesh Sadbhawana Party, Nepal",तराई मधेस सदभावना पार्टी नेपाल,"",9854035359 9819634111,"",ca2
Kamala Devi Mahato,मा.कमला देवी महतो,Sarlahi,सर्लाही,Communist Party of Nepal (Unified Marxist-Leninist),नेकपा (एमाले),"",9844032088,"",ca2
Kedar Nandan Chaudhary,मा.केदार नन्दन चौधरी,Sarlahi,सर्लाही,Tarai Madhesh Loktantrik Party,तराई मधेस लोकतान्त्रिक पार्टी,"",9845553355,"",ca2
Jangi Lal Ray,मा जंगी लाल राय,Sarlahi,सर्लाही ५,Tarai Madhesh Loktantrik Party,तराई मधेस लोकतान्त्रिक पार्टी,"",9844032494,4154933,ca2
Dulari Devi,मा.दुलारी देवी,Sarlahi,सर्लाही,Communist Party of Nepal (Unified Marxist-Leninist),नेकपा (एमाले),"",9803097872 9813302539,"",ca2
Narendra Shah Kalawar,मा.नरेन्द्र शाह  कलवार,Sarlahi,सर्लाही,"Terai Madhesh Sadbhawana Party, Nepal",तराई मधेस सदभावना पार्टी नेपाल,sahnaredra@hotmail.com,9751025148,"",ca2
Mahindra Ray Yadav,मा.महीन्द्र राय  यादब,Sarlahi,सर्लाही-४,"Terai Madhesh Sadbhawana Party, Nepal",तराई मधेस सदभावना  पार्टी नेपाल,"",9851113555,5582632,ca2
Ranjana Kumari Sarakar,मा. रन्जना कुमारी सरकार,Sarlahi,सर्लाही,Communist Party of Nepal (Unified Marxist-Leninist),नेकपा (एमाले),sarkar_ranju2002@yahoo.com,9841284218 9851184218,4720370,ca2
Rajshwori Devi,मा.राजेश्वरी देवी,Sarlahi,सर्लाही,"Rastriya Prajatantra Party, Nepal",राप्रपा नेपाल,"",9807686436,"",ca2
Ram Chandra Chaudhary,मा.रामचन्द्र चौधरी,Sarlahi,सर्लाही २,Nepali Congress,नेपाली काँग्रेस,cramjanam21@yahoo.com,9812136332,4108400,ca2
Shanbhu Lal Shrestha,मा.शम्भु लाल श्रेष्ठ,Sarlahi,सर्लाही १,Unified Communist Party of Nepal (Maoist),एनेकपा (माओवादी),"",9854035354 9801600426,"",ca2
Shail Kumari Devi,मा.शैल कुमारी देबी,Sarlahi,सर्लाही,Sadbhavana Party,सदभावना पार्टी,mahatoshail@gmail.com,9851110733,4470839,ca2
Ganesh Kumar Pahadi,मा.गणेश कुमार पहाडी,Sindhuli,सिन्धुली-१,Communist Party of Nepal (Unified Marxist-Leninist),नेकपा (एमाले),gpahadi@yahoo.com,9841212456 9851086158,4486718,ca2
Mohan Prasad Baral,मा.मोहन प्रसाद बराल,Sindhuli,सिन्धुली-२,Nepali Congress,नेपाली काँग्रेस,"",9844031826 9752067190,047-530671,ca2
Usha Kiran Ansari,मा.उषा किरण अन्सारी,Bara,बारा,Unified Communist Party of Nepal (Maoist),एनेकपा (माओवादी),umeshkumarsabhasad@gmail.com,9813210772,"",ca2
Dilmaya Dhami,मा.दिलमाया धामी,Bara,बारा,Unified Communist Party of Nepal (Maoist),एनेकपा (माओवादी),"",9845118140,"",ca2
Nejama Aalam,मा.नेजमा आलम,Bara,बारा ४,Communist Party of Nepal (Unified Marxist-Leninist),नेकपा (एमाले),jansar07@gmail.com,9841487079 9808701717,"",ca2
Purshottam Poudel,मा पुरशोत्तम पौडेल,Bara,बारा ६,Communist Party of Nepal (Unified Marxist-Leninist),नेकपा (एमाले),paudelp3@gmail.com,9851134333,5523933,ca2
Pharmullah Mansur,मा.फरमुल्लाह मंग्सुर,Bara,बारा-३,Nepali Congress,नेपाली काँग्रेस,"",9851010155,053-501827,ca2
Balbir Prasad Chaudhari,मा.बलबीर प्रसाद चौधरी,Bara,बारा-५,Communist Party of Nepal (Unified Marxist-Leninist),नेकपा (एमाले),"",9845058309 9851027178,"",ca2
Madhu Shahi Thakuri,मा. मधु शाहि ठकुरी,Bara,बारा,Nepali Congress,नेपाली काँग्रेस,garimanp@yahoo.com,9841500283,4108731,ca2
Radhe Chandra Yadav,मा.राधे चन्द्र यादब,Bara,बारा २,Nepali Congress,नेपाली काँग्रेस,"",9745010161,"",ca2
Ram Ayodhya Prasad Yadav,मा.राम अयोध्या प्रसाद यादब,Bara,बारा १,Nepali Congress,नेपाली काँग्रेस,"",9815230041 9855045941,"",ca2
Lalbabu Singh Bhuihar,मा.लालबाबु सिंह भुइहार,Bara,बारा,Nepali Congress,नेपाली काँग्रेस,"",9855022299,"",ca2
Anjani Shrestha,मा. अन्जनी श्रेष्ठ,Chitwan,चितवन,Nepali Congress,नेपाली काँग्रेस,"",9845056948,56523980,ca2
Krishna Bhakta Pokhrel,मा.कृष्ण भक्त पोख्रेल,Chitwan,चितवन-३,Communist Party of Nepal (Unified Marxist-Leninist),नेकपा (एमाले),kbp_nepal@yahoo.com,9855055995 9807140830,4475957,ca2
Tukabhadra Hamal,मा.टुकाभद्र हमाल,Chitwan,चितवन,Communist Party of Nepal (Unified Marxist-Leninist),नेकपा (एमाले,hamaltuka@yahoo.com,9856045416,"",ca2
Dhaniram Poudel,मा.धनीराम पौडेल,Chitwan,चितवन,Nepali Congress,नेपाली काँग्रेस,"",9858051043 9741079696,"",ca2
Bikram Pandey,मा.बिक्रम पाण्डे,Chitwan,चितवन-५,"Rastriya Prajatantra Party, Nepal",राप्रपा नेपाल,"",9851049995,443644,ca2
Ramkrishna Ghimire,मा.रामकृष्ण घिमिरे,Chitwan,चितवन ४,Nepali Congress,नेपाली काँग्रेस,ghimirerk@yahoo.com,9855059113,"",ca2
Bishnu Maya Pariyar,मा.विष्णु माया परियार,Chitwan,चितवन,Nepali Congress,नेपाली काँग्रेस,"",9841636232,"",ca2
Siva Kumari Gotame (Sarki) Nagarkoti,मा.शिब कुमारी गोतामे (सार्की ) नगरकोटी,Chitwan,चितवन,Communist Party of Nepal (Unified Marxist-Leninist),नेकपा (एमाले),sgotame74@gmail.com,9845956781,"",ca2
Shes Nath Adhikari,मा. शेष नाथ अधिकारी,Chitwan,चितवन २,Nepali Congress,नेपाली काँग्रेस,"",9855062071,056-560071,ca2
Santa Kumar Darai,मा.सन्त कुमार दरै,Chitwan,चितवन,Unified Communist Party of Nepal (Maoist),एनेकपा (माओवादी),"",9851112377,"",ca2
Sabitri Devi Chaudhary,मा.सावित्री देबी चौधरी,Chitwan,चितवन,Nepali Congress,नेपाली काँग्रेस,"",9855056863,056-560663,ca2
Surendra Prasad Pandey,मा.सुरेन्द्र प्रसाद पाण्डे,Chitwan,चितवन-१,Communist Party of Nepal (Unified Marxist-Leninist),नेकपा (एमाले),surendra.pandey8@gmail.com,9851079109 9851006310,4271794,ca2
Ananta Prasad Poudel,मा.अनन्त प्रसाद पौडेल,Makwanpur,मकवानपुर-३,Communist Party of Nepal (Unified Marxist-Leninist),नेकपा (एमाले),paudel.ananta@yahoo.com,9855042888 9845022785,4475964,ca2
Indra Bahadur Baniya,म. इन्द्र बहादुर बानिया,Makwanpur,मकवानपुर -१,Nepali Congress,नेपाली काँग्रेस,indrabaniya@hotmail.com,9841628550,"",ca2
Kamal Thapa,मा.कमल थापा,Makwanpur,मकवानपुर,"Rastriya Prajatantra Party, Nepal",राप्रपा नेपाल,thapakamal@gmail.com,9851014523,4414728,ca2
Mahalaxmi Upadhyaya,मा.महालक्ष्मी उपाध्याय,Makwanpur,मकवानपुर,Nepali Congress,नेपाली काँग्रेस,udinaa@hotmail.com,9851064899,5549860,ca2
Rajaram Syantang,मा.राजाराम स्यान्ग्तांग,Makwanpur,मकवानपुर-४,Communist Party of Nepal (Unified Marxist-Leninist),नेकपा (एमाले),syangtan_rajaram@yahoo.com,9855067290,"",ca2
Ram Narayan Bidari,मा.राम नारायण बिडारी,Makwanpur,मकवानपुर,Unified Communist Party of Nepal (Maoist),एनेकपा (माओवादी),bidari_thaha1@yahoo.com,9841500145 9801000145,4316065,ca2
Suvas Chandra Shah Thakuri,मा.सुभाष चन्द्र शाह ठकुरी,Makwanpur,मकवानपुर-२,Communist Party of Nepal (Unified Marxist-Leninist),नेकपा (एमाले),"",9851073417 9841507286,5530365,ca2
Asha Chaturvedi,मा.आशा चतुर्वेदी,Parsa,पर्सा,Madhesi Janadhikar Forum (Loktantrik),मधेसी जनाधिकार फोरम (लोकतान्त्रिक),"",9841212982,4462950,ca2
Jay Prakash Tharu,मा. जय  प्रकाश थारु,Parsa,पर्सा -५,Communist Party of Nepal (Unified Marxist-Leninist),नेकपा (एमाले),"",9855033862/9845033862,"",ca2
Junaid Ansari,मा जुनैद अंसारी,Parsa,पर्सा,Communist Party of Nepal (Unified Marxist-Leninist),नेकपा (एमाले),junaid2071@gmail.com,9851093093 9845020856,"",ca2
Nagendra Prasad Tharu,मा.नागेन्द्र प्रसाद थारु,Parsa,पर्सा,Communist Party of Nepal (Unified Marxist-Leninist),नेकपा (एमाले),ngndrchaudary@gmail.com,9851173633 9841439908,5006422,ca2
Phuljhari Devi,मा.फुल्झारी देवी,Parsa,पर्सा,Unified Communist Party of Nepal (Maoist),एनेकपा (माओवादी),"",9745013474,"",ca2
Meghraj Nepali (Nishad),मा.मेघराज नेपाली (निषाद ),Parsa,पर्सा,Madhesh Samata Party Nepal,मधेस समता पार्टी नेपाल,mspnepal@yahoo.com,9851072308 9804244654,4272643,ca2
Ramesh prasad Kurmi,मा.रमेश प्रसाद कुर्मी,Parsa,पर्सा,Tarai Madhesh Loktantrik Party,तराई मधेस लोकतान्त्रिक पार्टी,"",9845020555 9745007788,"",ca2
Raj Kumar Agrawal,मा.राजकुमार अग्रवाल,Parsa,पर्सा,Rastriya Prajantra Party Nepal,राप्रपा नेपाल,"",9851161710 9802020219,5553537,ca2
Ram Kumar Gupta,मा.राजकुमार गुप्ता,Parsa,पर्सा-३,Communist Party of Nepal (Unified Marxist-Leninist),नेकपा (एमाले),"",9855023551,"",ca2
Rajendra Amatya,मा.राजेन्द्र अमात्य,Parsa,पर्सा-१,Nepali Congress,नेपाली काँग्रेस,"",9855022096 9816213652,"",ca2
Ram Chandra Shah Teli,मा.रामचन्द्र साह तेली,Parsa,पर्सा,Communist Party of Nepal (Unified Marxist-Leninist),नेकपा (एमाले),resahteli@gmail.com,9845039949,"",ca2
Laxman Laal Karna,मा.लक्ष्मण लाल कर्ण,Parsa,पर्सा,Sadbhavana Party,सदभावना  पार्टी,llkarna@yahoo.com,9851003596,4650686,ca2
Lal Babu Raut,मा.लाल बाबु राउत,Parsa,पर्सा,"Madhesi Jana Adhikar Forum, Nepal","मधेसी जनअधिकार फोरम, नेपाल","",9845033326,"",ca2
Bichari Prasad Yadav,मा.विचारी प्रसाद यादब,Parsa,पर्सा-२,Communist Party of Nepal (Unified Marxist-Leninist),नेकपा (एमाले),"",9845039167,"",ca2
Bimal Kumar Kedia,मा.विमल कुमार केडिया,Parsa,पर्सा,Sadbhavana Party,सदभावना पार्टी,bimalkedia@wlink.com.np,9851021650,4270730,ca2
Shyam Sundar Tiwadewal,मा.श्यामशुन्दर  तिवाडेवाल,Parsa,पर्सा,"Rastriya Prajatantra Party, Nepal",राप्रपा नेपाल,"",9855022797,5152417,ca2
Surendra Prasad Chaudhary,मा.सुरेन्द्र प्रसाद चौधरी',Parsa,पर्सा-४,Nepali Congress,नेपाली काँग्रेस,"",9855027999 9841439147,"",ca2
Dr Dimpal Kumari Jha,मा.डा.डिम्पल  कुमारी झा,Rautahat,रौतहट,Sanghiya Sadbhavana Party,संघिय सदभावना पार्टी,dimpaljha@gmail.com,9801050357,4385761,ca2
Prabhu Shah,मा.प्रभु शाह,Rautahat,रौतहट-३,Unified Communist Party of Nepal (Maoist),एनेकपा (माओवादी),"",9851012149,"",ca2
Dr. Bangsidhar Mishra,मा.डा.बंग्सिधर मिश्र,Rautahat,रौतहट,Communist Party of Nepal (Unified Marxist-Leninist),नेकपा (एमाले),mishrabdr@gnail.com,9851065500 9741123665,4378790,ca2
Madhav Kumar Nepal,मा.माधव कुमार नेपाल,Rautahat,रौतहट-१,Communist Party of Nepal (Unified Marxist-Leninist),नेकपा (एमाले),gamknepal@gmail.com,9851155490 9851090065,4602303,ca2
Mo Mustak Aalam,मा.मो मुस्ताक आलम,Rautahat,रौतहट-२,Madhesi Janadhikar Forum (Loktantrik),मधेसी जनाधिकार फोरम (लोकतान्त्रिक),"",9845184095,"",ca2
Ram Kumar Bhattarai,मा.राम कुमार भट्टराई,Rautahat,रौतहट ६,Communist Party of Nepal (Unified Marxist-Leninist),नेकपा (एमाले),rkbhattarai@gmail.com,9855023005 9851003849,055-540242 5202403,ca2
Satyanarayan Bhagat Bin,मा.सत्यनारायण भगत विन,Rautahat,रौतहट ४,Unified Communist Party of Nepal (Maoist),एनेकपा (माओवादी),"",9841314382 9851154382,"",ca2
Sunil kumar Yadav,मा.सुनिल कुमार यादब,Rautahat,रौतहट-५,Nepali Congress,नेपाली काँग्रेस,"",9851047212,"",ca2
Surendra Prasad Jaiswal,मा.सुरेन्द्र प्रसाद जैसवाल,Rautahat,रौतहट,Unified Communist Party of Nepal (Maoist),एनेकपा (माओवादी),"",9855040092 9845215682,"",ca2
Kripasur Sherpa,मा.कृपा शुर शेर्पा,Bhojpur,भोजपुर-१,Communist Party of Nepal (Unified Marxist-Leninist),नेकपा (एमाले),plmf@info.com.np,9851081167,4474736,ca2
Jayanti Devi Rai,मा. जयन्ति देवी राई,Bhojpur,भोजपुर,Communist Party of Nepal (Unified Marxist-Leninist),नेकपा (एमाले),jayantirai11@yahoo.com,9841537201 9742005495,"",ca2
Min Bahadur Biswakarma,मा.मिन बहादुर बिश्वकर्मा,Bhojpur,भोजपुर,Nepali Congress,नेपाली काँग्रेस,meenma@hotmail.com,9851060690,"",ca2
Mohan Kumar Rai,मा.मोहन कुमार राई,Bhojpur,भोजपुर,Nepali Congress,नेपाली काँग्रेस,"",9851107363,"",ca2
Lokmani Dhakal,मा.लोकमणि ढकाल,Bhojpur,भोजपुर,Janajagaran Party Nepal,जनजागरण पार्टी नेपाल,lokmanid@gmail.com,9851044358 9818854498 9751017649,"",ca2
Bidhya Devi Bhandari,मा.विधा देवी भण्डारी,Bhojpur,भोजपुर,Communist Party of Nepal (Unified Marxist-Leninist),नेकपा (एमाले),"",9851023256,4484322,ca2
Shedhan Rai,मा.शेरधन राइ,Bhojpur,भोजपुर २,Communist Party of Nepal (Unified Marxist-Leninist),नेकपा (एमाले),raisd_bjp@yahoo.com,9851086460,"",ca2
Anjana Tamli,मा.अन्जना  ताम्ली,Dhankuta,धनकुटा,Nepali Congress,नेपाली काँग्रेस,"",9842157000 9752003141,"",ca2
TIkaram Chemjong Limbu,मा.टिका  राम चेम्जोङ्ग लिम्बु,Dhankuta,धनकुटा-१,Communist Party of Nepal (Unified Marxist-Leninist),नेकपा (एमाले),tkaramchejong@gmail.com,985255596,"",ca2
Dhan Maya Biswakarma (Khanal),मा.धन माया बिस्वकर्मा (खनाल ),Dhankuta,धनकुटा,Unified Communist Party of Nepal (Maoist),एनेकपा (माओवादी),"",9842081882,"",ca2
Manohar Narayan Shrestha,मा.मनोहर नारायण श्रेष्ठ,Dhankuta,धनकुटा,Nepali Congress,नेपाली काँग्रेस,"",9742009622,026-520850,ca2
Mahin Limbu,मा.महिन लिम्बु,Dhankuta,धनकुटा,Communist Party of Nepal (Unified Marxist-Leninist),नेकपा (एमाले),mahinlimbu07@gmail.com,9851085331,"",ca2
Sunil Bahadur Thapa,मा.सुनिल बहादुर थापा,Dhankuta,धनकुटा-२,Rastriya Prajatantra Party,राप्रपा,sunelthapa@gmail.com,9851048666 9801048666,4411122,ca2
Surya Bahadur Thapa,मा.सुर्य बहादुर थापा,Dhankuta,धनकुटा,Unified Communist Party of Nepal (Maoist),राप्रपा,"","",4411122,ca2
Aman lal Modi,मा.अमन लाल मोदी,Morang,मोरङ,Nepali Congress,एनेकपा (माओवादी),"",9852046741,"",ca2
Amrit Kumar Aryal,मा.अमृत कुमार अर्याल,Morang,मोरङ  ५,Nepali Congress,नेपाली काँग्रेस,"",9852024333,"",ca2
Ashok Koirala,मा.अशोक कोइराला,Morang,मोरंङ,Nepali Congress,नेपाली काँग्रेस,-,9842248282,"",ca2
Rishikesh Pokheral,मा.ऋषिकेश पोखरेल,Morang,मोरङ  -१,Unified Communist Party of Nepal (Maoist),नेकपा (एमाले),rishikpokhrel@gmail.com,9852034462,"",ca2
Chandi Prasad Rai,मा.चण्डी प्रसाद राई,Morang,मोरङ-२,Communist Party of Nepal (Unified Marxist-Leninist),नेकपा (एमाले),"",9842137580,021-555450,ca2
Kawita Kumari Saradar,मा.कविता कुमारी सरदार,Morang,मोरंङ्,Nepali Congress,नेपाली काँग्रेस,"",9841953775,"",ca2
Chandra Bahadur Gurung,मा. चन्द्र बहादुर गुरुङ,Morang,मोरङ- ८,Communist Party of Nepal (Unified Marxist-Leninist),नेकपा (एमाले),gurungchadra_2014@yahoo.com,9742011907,"",ca2
Juth Bahadur Tuhure  Khadgi,मा जुठ बहादुर टुहुरे खड्गी,Morang,मोरङ,Unified Communist Party of Nepal (Maoist),एनेकपा (माओवादी),jbtuhure@yahoo.com,9841351379,4277752,ca2
Dig Bahadur Limbu,मा.डिग  बहादुर लिम्बु,Morang,मोरङ-९,Nepali Congress,नेपाली काँग्रेस,"",9852026540 9857821436,"",ca2
Tara Devi Rai,मा.तारा देवी राई,Morang,मोरङ,Communist Party of Nepal (Unified Marxist-Leninist),नेकपा (एमाले),tarabantwa@yahoo.com,9842044078,5582540,ca2
Dilip Khawas Gachhadhar,मा.दिलिप खबास गच्छाधर,Morang,मोरङ-३,Nepali Congress,नेपाली काँग्रेस,"",9852026370,"",ca2
Bhaskar Bhadra,मा.भास्कर भद्र,Morang,मोरङ,"Rastriya Prajatantra Party, Nepal",राप्रपा नेपाल,bhagwantconcpn@gmail.com,9841252523,5250607,ca2
Bhotni Devi Khawas,मा.भोटनि देवी खबास,Morang,मोरङ,Nepali Congress,नेपाली काँग्रेस,bt.tpj@gmail.com,9741154632 9842046779,"",ca2
Mahesh Acharya,मा.महेश आचार्य,Morang,मोरंङ्-६,Nepali Congress,नेपाली काँग्रेस,acharyamahesh@hotmail.com,9851025999,4474095,ca2
Mina Devi Yadav,मा.मिना देवी यादब,Morang,मोरंङ्,Communist Party of Nepal (Unified Marxist-Leninist),नेकपा (एमाले),"",9842097266,"",ca2
Minendra prasad Rijal,मा.मिनेन्द्र प्रसाद रिजाल,Morang,मोरंङ्,Nepali Congress,नेपाली काँग्रेस,mrijal@hotmail.com,9801032339 9851032339,4487285,ca2
Ratna Devi Gurung,मा.रत्न देवी गुरुङ,Morang,मोरंङ्,Communist Party of Nepal (Unified Marxist-Leninist),नेकपा (एमाले),madhugurung9@gmail.com,9841332812 9851167631,"",ca2
Rajyalaxmi Golchha,मा.राज्यलक्ष्मी गोल्छा,Morang,मोरंङ्,Communist Party of Nepal (Unified Marxist-Leninist),नेकपा (एमाले),rlgolchha@gmail.com,9802715786 9852020786,4250001 021-525313,ca2
Siva Kumar Mandal Kewat,मा.शिव कुमार मण्डल केवट,Morang,मोरंङ् ४,Unified Communist Party of Nepal (Maoist),नेकपा (माओवादी),"",98552030377,"",ca2
Dr. Shekhar Koirala,मा.डा  शेखर कोइराला,Morang,मोरङ ७,Nepali Congress,नेपाली काँग्रेस,"",9851055411,4384965,ca2
Sujata Koirala,मा.सुजाता कोइराला,Morang,मोरंङ्,Nepali Congress,नेपाली काँग्रेस,sujatakoi@hotmail.com,9851036333 9802030291,4375701,ca2
Tara Man Gurung,मा.तारा मान गुरुङ,Sankhuwasabha,सङ्खुवासभा १,Nepali Congress,नेपाली काँग्रेस,tmgmakalu@gmail.com,9851043443 9742011267,4440554 029-561070,ca2
Dipak Khadka,मा.दिपक खड्का,Sankhuwasabha,सङ्खुवासभा-२,Nepali Congress,नेपाली काँग्रेस,"",9851053919,4375817,ca2
Prabha Devi Bajracharya,मा.प्रभा देवी बज्रचार्या,Sankhuwasabha,संखुवासभा,Communist Party of Nepal (Unified Marxist-Leninist),नेकपा (एमाले),bajrachartya_prabha38@yahoo.com,9841275860/9851175860,4256539,ca2
Bed Maya Bhandari (Shakya),मा.वेद माया  भण्डारी (शाक्य),Sankhuwasabha,संखुवासभा,Unified Communist Party of Nepal (Maoist),एनेकपा (माओवादी),meetanishakya@yahoo.com,9842095680,"",ca2
Upendra Yadav,मा उपेन्द्र यादव,Sunsari,सुनसरी ५,"Madhesi Jana Adhikar Forum, Nepal","मधेसी जनअधिकार फोरम, नेपाल","",9851109557,"",ca2
Kalpana Chaudhari,मा.कल्पना  चौधरी,Sunsari,सुनसरी,Madhesi Janadhikar Forum (Loktantrik),मधेसी जनाधिकार फोरम (लोकतान्त्रिक),"",9842035199,"",ca2
Krishna Kumar Rai,मा.कृष्ण कुमार राई,Sunsari,सुनसरी-१,Communist Party of Nepal (Unified Marxist-Leninist),नेकपा (एमाले),"",9842041350,"",ca2
Bhim Prasad Acharya,मा.भिम प्रसाद आचार्य,Sunsari,सुनसरी-६,Communist Party of Nepal (Unified Marxist-Leninist),नेकपा (एमाले),"",9841983977,6634589,ca2
Mohammad Jakir Hussain,मा.मोहम्मद जाकिर हुसैन,Sunsari,सुनसरी,Unified Communist Party of Nepal (Maoist),एनेकपा (माओवादी),hac_zakir@yahoo.com,9803712065,"",ca2
Ram Kumar Rai,मा.राम कुमार राई,Sunsari,सुनसरी,Khambuwan Rastriya Morcha Nepal,खम्बुवान राष्ट्रिय मोर्चा नेपाल,khambuwan.aawaj2039@gmail.com,9842260345 9807376612,025-533028,ca2
Ram Kumar Shubba,मा.राम कुमार सुब्बा,Sunsari,सुनसरी,"Rastriya Prajatantra Party, Nepal",राप्रपा नेपाल,"",9842037445,"",ca2
Rewati Raman Bhandari,मा.रेवती रमण भण्डारी,Sunsari,सुनसरी २,Communist Party of Nepal (Unified Marxist-Leninist),नेकपा (एमाले),itrbhandari@gmail.com,9852048499,"",ca2
Bijaya Kumar Gachchadar,मा.विजय कुमार गच्छादार,Sunsari,सुनसरी-३,"Madhesi Janadhikar Forum, Loktantrik",मधेसी जनाधिकार फोरम (लोकतान्त्रिक),"",9851033450,"",ca2
Shayandra Bantawa,मा.शयन्द्र वान्तवा,Sunsari,सुनसरी,"Rastriya Prajatantra Party, Nepal",राप्रपा नेपाल,"",9851150099,"",ca2
Sitaram Mahato,मा.सिताराम महतो,Sunsari,सुनसरी ४,Nepali Congress,नेपाली काँग्रेस,"",9841709650 9842037450,"",ca2
Sumitra Tharuni,मा.सुमित्रा थरुनी,Sunsari,सुनसरी,Madhesi Janadhikar Forum (Loktantrik),मधेसी जनाधिकार फोरम (लोकतान्त्रिक),"",9842097996,"",ca2
Bhawani Prasad Khapung,मा.भवानी प्रसाद खापुंङ्,Tehrathum,तेह्रथुम १,Communist Party of Nepal (Unified Marxist-Leninist),नेकपा (एमाले),bharartmohanadhikari@gmail.com,9852053048,"",ca2
Bhanu Bhakta Dhakal,मा.भानु भक्त ढकाल,Tehrathum,तेह्रथुम,Communist Party of Nepal (Unified Marxist-Leninist),नेकपा (एमाले),khapungb@yahoo.com,9851152777,"",ca2
Sita Gurung,मा.सिता गुरुङ,Tehrathum,तेह्रथुम,Nepali Congress,नेपाली काँग्रेस,sitagurung1@yahoo.com,9851046756,"",ca2
Ganesh Prasad Bimali,मा.गणेश प्रसाद बिमली,Tehrathum,तेह्रथुम,Nepali Congress,नेपाली काँग्रेस,"",9851159588,"",ca2
Kul Bahadur Gurung,मा.कुल बहादुर गुरुङ,Ilam,इलाम,Nepali Congress,नेपाली काँग्रेस,"",9851083050,5539335,ca2
Kedar Prasad Sanjel,मा.केदार प्रसाद संजेल,Ilam,ईलाम,Communist Party of Nepal (Unified Marxist-Leninist),नेकपा (एमाले),kedarsanjel132@yahoo.com,9841396533 9751096533,4240208 6630826,ca2
Keshav Thapa,मा.केशब थापा,Ilam,इलाम -३,Nepali Congress,नेपाली काँग्रेस,"",9851037791,"",ca2
Jhalanath Khanal,मा  झलनाथ खनाल,Ilam,इलाम १,Communist Party of Nepal (Unified Marxist-Leninist),नेकपा (एमाले),jhalanath1950@gmail.com,9851108199,4271956,ca2
Lila Devi Shrestha,मा.लिला देबी श्रेष्ठ,Ilam,इलाम,"Rastriya Prajatantra Party, Nepal",राप्रपा नेपाल,"",9851071549,4353970,ca2
Sujata Pariyar,मा सुजाता परियार,Ilam,इलाम,Nepali Congress,नेपाली काँग्रेस,sujatapariyar40@yahoo.com,9841332953,"",ca2
Surya Prakash Wala Rai,मा.सुर्य प्रकाश वाला राई,Ilam,इलाम,Unified Communist Party of Nepal (Maoist),एनेकपा (माओवादी),"",9742614610 9742600905,"",ca2
Subash Chandra Nemwang,मा.सुवाष चन्द्र नेवांङ्,Ilam,इलाम -२,Communist Party of Nepal (Unified Marxist-Leninist),नेकपा (एमाले),"",9851070322,"",ca2
Ambika Khawas Rajbamsi,मा.अम्बिका खवास राजबंशी,Jhapa,झापा,Communist Party of Nepal (Unified Marxist-Leninist),नेकपा (एमाले),"",9842715535,"",ca2
Usha Gurung,मा.उषा गुरुङ,Jhapa,झापा,Nepali Congress,नेपाली काँग्रेस,usha01@hotmail.com,9841983027,023-556261,ca2
K.P. Sharma Oli,मा.के.पि. शर्मा ओली,Jhapa,झापा-७,Communist Party of Nepal (Unified Marxist-Leninist),नेकपा (एमाले),sharmaoli@gmail.com,9851131522,6638576,ca2
Keshav Kumar Budhathoki,मा.केशब कुमार बुढाथोकी,Jhapa,झापा-५,Nepali Congress,नेपाली काँग्रेस,"",9852678166,4378199,ca2
Krishna Prasad SItaula,मा.कृष्ण प्रसाद सिटौला,Jhapa,झापा -३,Nepali Congress,नेपाली काँग्रेस,"",9851109796,4428237,ca2
Jit Bahadur (Darji) Gautam,मा. जीत बहादुर (दर्जी ) गौतम,Jhapa,झापा,Communist Party of Nepal (Unified Marxist-Leninist),नेकपा (एमाले),jitugautam29@gmail.com,9851056129/9841536205,4913972,ca2
Jiwan Kumari Ghimire,मा. जीवन कुमारी घिमिरे,Jhapa,झापा,Communist Party of Nepal (Unified Marxist-Leninist),नेकपा (एमाले),"",9841388415,"",ca2
Dipak Karki,मा.दिपक कार्की,Jhapa,झापा-६,Communist Party of Nepal (Unified Marxist-Leninist),नेकपा (एमाले),dipak_karki33@yahoo.com,9851070711,44771121,ca2
Prem Bahadur Giri,मा.प्रेम बहादुर गिरि,Jhapa,झापा-४,Communist Party of Nepal (Unified Marxist-Leninist),नेकपा(एमाले),premgiri@abhiyannepal.org.np,9852674466,4771063,ca2
Bhakta Bahadur Biswakarma,मा.भक्त बहादुर बिस्वकर्मा,Jhapa,झापा,"Rastriya Prajatantra Party, Nepal",राप्रपा नेपाल,"",9842634193,"",ca2
Mahendra Kumari Limbu,मा.महेन्द्र कुमारी लिम्बु,Jhapa,झापा,Nepali Congress,नेपाली काँग्रेस,"",984124840,4471438,ca2
Milan Kumari Rajbamsi,मा.मिलन कुमारी राजबंशी,Jhapa,झापा,Nepal Paribar Dal,नेपाल परिवार दल,justmeelan80@gmail.com,9851082322,4444871,ca2
Mohan Tudu,मा.मोहन टुडू,Jhapa,झापा,Unified Communist Party of Nepal (Maoist),एनेकपा (माओवादी),"",9852677765,"",ca2
Rabin Koirala,मा.रविन कोइराला,Jhapa,झापा-१,Communist Party of Nepal (Unified Marxist-Leninist),नेकपा (एमाले),bgkoirala21@gmail.com,9852673829,4244474,ca2
Sarita Prasai,मा.सरिता प्रसाई,Jhapa,झापा,Nepali Congress,नेपाली काँग्रेस,"",9841536688,4822682,ca2
Sudhir Siwakoti,मा.सुधिर कुमार सिवाकोटी,Jhapa,झापा-२,Nepali Congress,नेपाली काँग्रेस,sudhirsiwakoti@yahoo.com,9852672988,"",ca2
Aaindra Sundar Nemwang,मा. आइन्द्रा   सुन्दर नेम्बाङ्,Panchthar,पाँचथर,Communist Party of Nepal (Marxist-Leninist),नेकपा (माले),lammonthly@yahoo.com,9841338247,"",ca2
Ganesh Kumar Kambang,मा. गणेश कुमार काम्बांङ्,Panchthar,पाँचथर -१,Communist Party of Nepal (Unified Marxist-Leninist),नेकपा (एमाले),gkambang@ymail.com,9842772244 9742612223,"",ca2
Narendra BIkram Newang,मा.नरेन्द्र बिक्रम नेवाङ्,Panchthar,पाँचथर,Nepali Congress,नेपाली काँग्रेस,"",9841531153,23560131,ca2
Bhismaraj Aangdambe,मा.भिस्मराज आन्देंमे,Panchthar,पाँचथर  -२,Nepali Congress,नेपाली काँग्रेस,"",9841468545,4482976,ca2
Babina Moktan Lawati,मा.वबिना मोक्तान लावती,Panchthar,पाँचथर,"Rastriya Prajatantra Party, Nepal",राप्रपा नेपाल,blawoti@yahoo.com,98411271173,5548121,ca2
Wongdi Sherpa,मा.ओङ्दि  शेर्पा,Taplejung,ताप्लेजुङ,Unified Communist Party of Nepal (Maoist),एनेकपा (माओवादी),"",9841942401,"",ca2
Dambar Dhwaj Tumbahamphe,मा.डम्बरधोज तुम्बाहम्फे,Taplejung,ताप्लेजुङ-२,Communist Party of Nepal (Unified Marxist-Leninist),नेकपा (एमाले),tpj2danbar@gmail.com,9841410585,"",ca2
Bhupendra Thebe,मा.भुपेन्द्र थेबे,Taplejung,ताप्लेजुंङ -१,Communist Party of Nepal (Unified Marxist-Leninist),नेकपा (एमाले),bn.adhikari@gmail.com,9742601195 9813359040,"",ca2
Suryaman Gurung,मा.सूर्यमान गुरुङ,Taplejung,ताप्लेजुङ्,Nepali Congress,नेपाली काँग्रेस,"",9851088710,"",ca2
Paanchakarn Rai,मा पाँचकर्ण राइ,Khotang,खोटाङ १,Communist Party of Nepal (Unified Marxist-Leninist),नेकपा (एमाले),raipancahkarna@gmail.com,9841316256 9743006518,6633017,ca2
Bishal Bhattarai,मा.विशाल भट्टराई,Khotang,खोटांङ् २,Communist Party of Nepal (Unified Marxist-Leninist),नेकपा (एमाले),bishalbhattarai291@gmail.com,9841539425 9743001495,"",ca2
Sharswati Bajimaya,मा.शरस्वती बजिमय,Khotang,खोटांङ्,Nepali Congress,नेपाली काँग्रेस,"",9841024922 9841336172,4488988,ca2
Icchha Raj Tamang,मा.इच्छा राज तामाङ्,Okhaldhunga,ओखलढुंगा,Communist Party of Nepal (Unified Marxist-Leninist),नेकपा (एमाले),ichchharajtamang@gmail.com,9851035200 9801032020,4330990,ca2
Yagya Raj Sunuwar,मा.यज्ञ राज सुनुवार,Okhaldhunga,ओखलढुँगा -१,Communist Party of Nepal (Unified Marxist-Leninist),नेकपा (एमाले),sunuwaryagraj@yahoo.com,9741048601 9842931009,4336390,ca2
Ram Hari Khatiwoda,मा.राम हरि खातिवोड़ा,Okhaldhunga,ओखलढुङ्गा २,Nepali Congress,नेपाली कांग्रेस,"",9851021798,4419608,ca2
Shakuntala Raj Bhandari (Karki),मा.शकुन्तला राज भण्डारी (कार्की),Okhaldhunga,ओखलढुंगा,Communist Party of Nepal (Unified Marxist-Leninist),नेकपा (एमाले),"",9862628742 9741115809,"",ca2
Umesh Kumar Yadav,मा.उमेश कुमार यादव,Saptari,सप्तरी -३,Unified Communist Party of Nepal (Maoist),एनेकपा (माओवादी),"",9852820698 9804750876,"",ca2
Ganga Prasad Yadav,मा.गंगा प्रसाद यादव,Saptari,सप्तरी,"Rastriya Prajatantra Party, Nepal",राप्रपा नेपाल,"",9723155001 9851197231,"",ca2
Jitendra Narayan Dev,मा. जितेन्द्र नारायण देव,Saptari,सप्तरी,Madhesi Janadhikar Forum (Loktantrik),मधेसी जनाधिकार फोरम (लोकतान्त्रिक),jsdev9@yahoo.com,9851034055,4272099,ca2
Tarakant Chaudhari,मा.ताराकान्ता चौधरी,Saptari,सप्तरी -४,Communist Party of Nepal (Unified Marxist-Leninist),नेकपा (एमाले),"",9851167411 9804704514,"",ca2
Tejulal Chaudhari,मा.तेजुलाल चौधरी,Saptari,सप्तरी-५,Nepali Congress,नेपाली काँग्रेस,"",9851052266 9723155001,5551829,ca2
Manpur Chaudhary,मा.मानपुर चौधरी,Saptari,सप्तरी-१,Unified Communist Party of Nepal (Maoist),एनेकपा (माओवादी),"",9842829303,"",ca2
Mithila Chaudhary,मा.मिथिला चौधरी,Saptari,सप्तरी,Communist Party of Nepal (United),नेपाल कम्युनिष्ट पार्टी (संयुक्त),"",9801020347,"",ca2
Ramani Ram,मा.रबणी राम,Saptari,सप्तरी,Madhesi Janadhikar Forum (Loktantrik),मधेसी जनाधिकार फोरम (लोकतान्त्रिक),"",9851056965,4993228,ca2
Ranjit Karna,मा.रंजित कर्ण,Saptari,सप्तरी,Nepali Congress,नेपाली काँग्रेस,"",9851114356,"",ca2
Ranju Kumari Jha,मा.रन्जु कुमारी झा,Saptari,सप्तरी,Communist Party of Nepal (Unified Marxist-Leninist),नेकपा (एमाले),ranju_lr@yahoo.com,9803049806,5552610,ca2
Laxmi Kumari Chaudhary,मा.लक्ष्मी कुमारी चौधरी,Saptari,सप्तरी,"Madhesi Jana Adhikar Forum, Nepal","मधेसी जनअधिकार फोरम, नेपाल","",9841942189,"",ca2
Satya Narayan Mandal,मा.सत्य नारायण मण्डल,Saptari,सप्तरी,Communist Party of Nepal (Unified Marxist-Leninist),नेकपा (एमाले),"",9814770270 9851170265,4144898,ca2
Surendra Prasad Yadav,मा.सुरेन्द्र प्रसाद यादब,Saptari,सप्तरी-६,Nepali Congress,नेपाली काँग्रेस,"",9807791937,"",ca2
Amiya Kumar Yadav,मा.अमिय कुमार यादब,Siraha,सिराहा,Nepali Congress,नेपाली काँग्रेस,"",9842827876 9804737117,"",ca2
Ajaya Sankar Nayak,मा.अजय शंकर  नायक,Siraha,सिराहा,Unified Communist Party of Nepal (Maoist),एनेकपा (माओवादी),ajayshankarnayak811@gmail.com,9853831327 9851178811,"",ca2
Asha Yadav,मा.आशा  यादव,Siraha,सिराहा,Communist Party of Nepal (Unified Marxist-Leninist),नेकपा (एमाले),ashadevi2070@gmail.com,9849122372 9842835153,"",ca2
Usha Yadav,मा.उषा यादव,Siraha,सिराहा,"Madhesi Jana Adhikar Forum, Nepal","मधेसी जनअधिकार फोरम, नेपाल",ushagrg_2010@yahoo.com,9842282999,"",ca2
Ganesh Kumar Mandal,मा.डा.गणेश कुमार मण्डल,Siraha,सिराहा -६,Nepali Congress,नेपाली काँग्रेस,"",9841339157,"",ca2
Chitralekha Yadav,मा.चित्रलेखा यादव,Siraha,सिराहा,Nepali Congress,नेपाली काँग्रेस,yadavchitralekha@yahoo.com,9751063333 9841188634,5520278,ca2
Dhano Mahara,मा.धानो महरा,Siraha,सिराहा,"Rastriya Prajatantra Party, Nepal",राप्रपा नेपाल,"",9807707096,"",ca2
NIrjala Raut,मा.निर्जला  राउत,Siraha,सिराहा,Rastriya Madhesh Samajbadi Party,राष्ट्रिय मधेस समाजवादी पार्टी,"",9851118564 9851090585,5590985,ca2
Nisha Kumari Shah,मा.निशा कुमारी साह,Siraha,सिराहा,Unified Communist Party of Nepal (Maoist),एनेकपा (माओवादी),nishasah2009@gmail.com,9753005400 9848904293,"",ca2
Padham Raj Chaudhari,मा.पधम नारायण चौधरी,Siraha,सिराहा १,Nepali Congress,नेपाली काँग्रेस,pnchy1947@gmail.com,9741076570,4474059,ca2
Pawan Kumar Sarada,मा.पवन कुमार सारडा,Siraha,सिराहा,Madhesi Janadhikar Forum (Loktantrik),मधेसी जनाधिकार फोरम (लोकतान्त्रिक),pawan@shovdagroup.com,9852020128,"",ca2
Puspakamal Dahal (Parchanda),मा पुस्पकमल दाहाल (प्रचण्ड),Siraha,सिराहा ५,Unified Communist Party of Nepal (Maoist),एनेकपा (माओवादी),"","9851112377, 9851019294","",ca2
Pradip Giri,मा.प्रदीप गिरि,Siraha,सिराहा,Nepali Congress,नेपाली काँग्रेस,"",9851015810,2100311,ca2
Birendra Prasad Mahato,मा.बिरेन्द्र प्रसाद महतो,Siraha,सिराहा,"Madhesi Jana Adhikar Forum, Nepal","मधेसी जनअधिकार फोरम, नेपाल","",9801000022,"",ca2
Bishwendra Paswan,मा.विश्वेन्द्र पासवान,Siraha,सिराहा,Dalit Janajati Party,दलित जनजाती पार्टी,vishwendrapaswan51@gmail.com,9751001585,"",ca2
Mamata Giri,मा.ममता गिरि,Siraha,सिराहा,Communist Party of Nepal (Unified Marxist-Leninist),नेकपा (एमाले),girimamata23@yahoo.com,9851187980,4282538,ca2
Mokhtar Ahamed,मा.मोख्तार अहमद,Siraha,सिरहा,Nepali Congress,नेपाली काँग्रेस,"",9841310080,"",ca2
Ram Chandra Yadav (Siraha-2),मा.रामचन्द्र यादब (सिराहा २ ),Siraha,सिराहा २,Communist Party of Nepal (Unified Marxist-Leninist),नेकपा (एमाले),"",9841559655 9805930649,"",ca2
Ram Chandra Yadav (Siraha-4),मा.रामचन्द्र यादब (सिराहा ४  ),Siraha,सिराहा ४,Nepali Congress,नेपाली काँग्रेस,"",9852839455,"",ca2
Sarita Kumari Yadav,मा.सरिता कुमारी यादब,Siraha,सिराहा,Madhesi Janadhikar Forum (Loktantrik),मधेसी जनाधिकार फोरम नेपाल (लोकतान्त्रिक),saritayadav2045@gmail.com,9843438559 9808855898,"",ca2
Sita Devi Yadav,मा.सिता देबी यादब,Siraha,सिराहा ३,Nepali Congress,नेपाली काँग्रेस,"",9852832990,"",ca2
Gopal Giri,मा.गोपाल गिरी,Solukhumbu,सोलुखुम्वु,Unified Communist Party of Nepal (Maoist),एनेकपा (माओवादी),khagendra21@yahoo.com,9741065966,"",ca2
Bal Bahadur Kc,मा.बल बहादुर के सी,Solukhumbu,सोलुखुम्बु-१,Nepali Congress,नेपाली काँग्रेस,"",9851014499,4419279,ca2
Narayan Bahadur Karki,मा.नारायण बहादुर कार्की,Udayapur,उदयपुर ३,Nepali Congress,नेपाली काँग्रेस,"",9743003541,"",ca2
Ashok Kumar Rai,मा. अशोक कुमार राई,Udayapur,उदयपुर,"Sanghiya Samajbadi Party, Nepal","संघिय समाजवादी पार्टी, नेपाल",2ashokrai@gmail.com,9851086666,4782678,ca2
Dr. Narayan Khadka,मा.डा नारायण खड्का,Udayapur,उदयपुर १,Nepali Congress,नेपाली काँग्रेस,nkhadka_ktm@hotmail.com,9851076710,4374278,ca2
Bhesh Kumari Raut (Bhattarai),मा.भेस कुमारी राउत (भट्टराई),Udayapur,उदयपुर,Unified Communist Party of Nepal (Maoist),एनेकपा (माओवादी),bhanubhaktadhakal@gmail.com,9743003448,"",ca2
Manju Kumari Chaudhary,मा.मन्जु कुमारी चौधरी,Udayapur,उदयपुर-२,Communist Party of Nepal (Unified Marxist-Leninist),नेकपा (एमाले),manjuchaudhary@gmail.com,9842828812,5100590,ca2
Shanti Devi Chaudhary,मा.शान्ति देवी चौधरी,Udayapur,उदयपुर,Nepali Congress,नेपाली काँग्रेस,"",9842855346,"",ca2
