id,name,email,twitter,group,group_id,area,chamber,term,start_date,end_date,image
Havila-Kavo,"Hon Havila Kavo, MP",havila.kavo@gmail.com,,People's National Congress,PNC,Gulf Province,National Parliament,2012,,,http://www.parliament.gov.pg/uploads/profiles/hkavo.png
Aide-Ganasi,"Hon. Aide Ganasi, MP.",kparr.bomang57@live.com,,People's National Congress,PNC,South Fly District,National Parliament,2012,,,http://www.parliament.gov.pg/assets/img/placeholder-member.jpg
Allan-Marat,"Hon. Allan Marat, MP",,,Melanesian Liberal Party,MLP,Rabaul District,National Parliament,2012,,,http://www.parliament.gov.pg/uploads/profiles/a-marat.png
Anderson-Agiru,"Hon. Anderson Agiru, MP",,,People's United Assembly,PUA,Hela Province,National Parliament,2012,,,http://www.parliament.gov.pg/uploads/profiles/AAgiru__resized.jpg
Ano-Pala,"Hon. Ano Pala, MP",,,People's National Congress,PNC,Rigo District,National Parliament,2012,,,http://www.parliament.gov.pg/uploads/profiles/apala2.png
Anton-Yagama,"Hon. Anton Yagama, MP",antonyagama@gmail.com,,United Resource,URP,Usino Bundi District,National Parliament,2012,,,http://www.parliament.gov.pg/uploads/profiles/ayagam2.png
Assik-Tommy-Tomscoll,"Hon. Assik Tommy Tomscoll, MP",,,People's National Congress,PNC,Middle Ramu District,National Parliament,2012,,,http://www.parliament.gov.pg/uploads/profiles/ttomscoll.png
Ati-Wobiro,"Hon. Ati Wobiro, MP",,,People's United Assembly,PUA,Western Province,National Parliament,2012,,,http://www.parliament.gov.pg/uploads/profiles/awabiro2.png
Belden-Namah,"Hon. Belden Namah, MP",,,Papua New Guinea,PNG,Vanimo Green District,National Parliament,2012,,,http://www.parliament.gov.pg/uploads/profiles/BNamah_Resized.jpg
Ben-Micah,"Hon. Ben Micah, MP",bmicah1959@gmail.com,,People's Progress,PPP,Kavieng District,National Parliament,2012,,,http://www.parliament.gov.pg/uploads/profiles/Bmicha__Resized.jpg
Benjamin-Philip,"Hon. Benjamin Philip, MP",yapiyanam@gmail.com,,United Resource,URP,Menyamya District,National Parliament,2012,,,http://www.parliament.gov.pg/uploads/profiles/pbenjamin.png
Benjamin-Poponawa,"Hon. Benjamin Poponawa, MP.",bpoponawa@hotmail.com,,People's National Congress,PNC,Tambul Nebilyer District,National Parliament,2012,,,http://www.parliament.gov.pg/uploads/profiles/bpoponawa.png
Benny-Allan,"Hon. Benny Allan, MP",unggaibena2012@gmail.com,,People's National Congress,PNC,Unggai Bena District,National Parliament,2012,,,http://www.parliament.gov.pg/uploads/profiles/abenny2.png
Bire-Kimisopa,"Hon. Bire Kimisopa, MP",,,New Generation,NG,Goroka District,National Parliament,2012,,,http://www.parliament.gov.pg/uploads/profiles/bkimisopa.png
Bob-Dadae,"Hon. Bob Dadae, MP",,,People's National Congress,PNC,Kabwum District,National Parliament,2012,,,http://www.parliament.gov.pg/uploads/profiles/bdadae.png
Boka-Kondra,"Hon. Boka Kondra, MP",,,People's National Congress,PNC,North Fly District,National Parliament,2012,,,http://www.parliament.gov.pg/uploads/profiles/BKondra__Resized.png
Camillus-Dangma,"Hon. Camillus Dangma, MP",vulitaia@gmail.com,,Independent,I,Kerowagi District,National Parliament,2012,,,http://www.parliament.gov.pg/uploads/profiles/Cdangma.png
Charles-Abel,"Hon. Charles Abel, MP",,,People's National Congress,PNC,Alotau District,National Parliament,2012,,,http://www.parliament.gov.pg/uploads/profiles/CAbel_Resized.jpg
Charlie-Benjamin,"Hon. Charlie Benjamin, MP",,,People's National Congress,PNC,Manus Province,National Parliament,2012,,,http://www.parliament.gov.pg/uploads/profiles/CBenjamin_Resized.png
Daniel-Mona,"Hon. Daniel Mona, MP (Deceased)",,,People's National Congress,PNC,Goilala District,National Parliament,2012,,,http://www.parliament.gov.pg/assets/img/placeholder-member.jpg
David-Arore,"Hon. David Arore, MP",robert.dangri.14@gmail.com,,People's National Congress,PNC,Ijivitari District,National Parliament,2012,,,http://www.parliament.gov.pg/uploads/profiles/DArore_Resized.jpg
Davis-Steven,"Hon. Davis Steven, MP",minister@casapng.gov.pg/ ministersecrcasapng.gov.pg,,People's Party,PP,Esa'ala District,National Parliament,2012,,,http://www.parliament.gov.pg/uploads/profiles/dsteven.png
De-Kewanu,"Hon. De Kewanu, MP",,,People's National Congress,PNC,Mendi District,National Parliament,2012,,,http://www.parliament.gov.pg/uploads/profiles/dkewanu.png
Delilah-Gore,"Hon. Delilah Gore, MP",delilahgore62@gmail.com,,People's National Congress,PNC,Sohe District,National Parliament,2012,,,http://www.parliament.gov.pg/uploads/profiles/Ministers_Potrait.jpg
Don-Polye,"Hon. Don Polye, MP",,,Triumph Heritage Empowerment,THE,Kandep District,National Parliament,2012,,,http://www.parliament.gov.pg/uploads/profiles/DPolye_Resized.jpg
Douglas-Tomuriesa,"Hon. Douglas Tomuriesa, MP",dtomdawa@pngfa.gov,,People's National Congress,PNC,Kiriwina-Goodenough District,National Parliament,2012,,,http://www.parliament.gov.pg/uploads/profiles/dtomuriesa13.png
Ereman-Tobaining-Jnr,"Hon. Ereman Tobaining Jnr, MP",,,People's National Congress,PNC,Kokopo District,National Parliament,2012,,,http://www.parliament.gov.pg/uploads/profiles/etobaining-jnr.png
Ezekiel-Anisi,"Hon. Ezekiel Anisi, MP",J.Kautasnr@gmail.com,,People's National Congress,PNC,Ambunti Dreikikir District,National Parliament,2012,,,http://www.parliament.gov.pg/assets/img/placeholder-member.jpg
Fabian-Pok,"Hon. Fabian Pok, MP",drifpoh@gmail.com,,United Resource,URP,North Wahgi District,National Parliament,2012,,,http://www.parliament.gov.pg/uploads/profiles/fpok.png
Francis-Awesa,"Hon. Francis Awesa, MP",,,People's National Congress,PNC,Imbonggu District,National Parliament,2012,,,http://www.parliament.gov.pg/uploads/profiles/FAwesa_Resized.jpg
Francis-Marus,"Hon. Francis Marus, MP",francismarus@gmail.com,,People's National Congress,PNC,Talasea District,National Parliament,2012,,,http://www.parliament.gov.pg/uploads/profiles/FMarus_Resized.jpg
Francis-Potape,"Hon. Francis Potape, MP",francispotape@gmail.com,,People's National Congress,PNC,Komo Margarima,National Parliament,2012,,,http://www.parliament.gov.pg/uploads/profiles/fpotape.png
Gary-Juffa,"Hon. Gary Juffa, MP",jjduhubeorognvrsoffice@gmail.com,,People's Movement for Change,PMC,Northern Province,National Parliament,2012,,,http://www.parliament.gov.pg/uploads/profiles/GJuffa_Resized.jpg
Gisuwat-Siniwin,"Hon. Gisuwat Siniwin, MP",gisuwat_siniwin@education.gov.pg,,People's National Congress,PNC,Nawae District,National Parliament,2012,,,http://www.parliament.gov.pg/uploads/profiles/gsiniwin.png
Isaac-Waigavara,"Hon. Isaac Waigavara, MP",okpoff@gmail.com,,People's National Congress,PNC,Okapa District,National Parliament,2012,,,http://www.parliament.gov.pg/uploads/profiles/iwaigavara.png
James-Byron-Chan,"Hon. James Byron Chan, MP",,,People's Progress,PPP,Namatanai District,National Parliament,2012,,,http://www.parliament.gov.pg/uploads/profiles/BChan_Resized.jpg
James-Gau,"Hon. James Gau, MP",gaujames7@gmail.com,,Triumph Heritage Empowerment,THE,Rai Coast District,National Parliament,2012,,,http://www.parliament.gov.pg/uploads/profiles/JGAU.png
James-Lagea,"Hon. James Lagea, MP",,,Independent,I,Kagua Erave District,National Parliament,2012,,,http://www.parliament.gov.pg/uploads/profiles/jlagea.png
James-Marape,"Hon. James Marape, MP",anna_kose@scalix.finance.gov.pg,,People's National Congress,PNC,Tari Pori District,National Parliament,2012,,,http://www.parliament.gov.pg/uploads/profiles/JMarape.png
Jeffery-Kuave,"Hon. Jeffery Kuave, MP",,,People's National Congress,PNC,Lufa District,National Parliament,2012,,,http://www.parliament.gov.pg/uploads/profiles/JKuave_Resized.jpg
Jim-Kas,"Hon. Jim Kas, MP",ngahanruth@gmail.com,,National Alliance,NA,Madang Province,National Parliament,2012,,,http://www.parliament.gov.pg/uploads/profiles/jkas.png
Jim-Miringtoro,"Hon. Jim Miringtoro, MP",miringjim@gmail.com,,People's National Congress,PNC,Central Bougainville District,National Parliament,2012,,,http://www.parliament.gov.pg/uploads/profiles/jmiringtoro.png
Jim-Simatab,"Hon. Jim Simatab, MP",tsitapai@hq.cs.gov.pg,,National Alliance,NA,Wewak District,National Parliament,2012,,,http://www.parliament.gov.pg/uploads/profiles/jsimtab.png
Joe-Koim-Komun,"Hon. Joe Koim Komun, MP",komunjoe@gmail.com,,People's Democratic Movement,PDM,Anglimp South Wahgi District,National Parliament,2012,,,http://www.parliament.gov.pg/uploads/profiles/kkumin.png
Joe-Lera,"Hon. Joe Lera, MP",Jlera4142@gmail.com,,United Resource,URP,Bougainville,National Parliament,2012,,,http://www.parliament.gov.pg/uploads/profiles/jlera.png
Joe-Sungi,"Hon. Joe Sungi, MP",,,National Alliance,NA,Nuku District,National Parliament,2012,,,http://www.parliament.gov.pg/uploads/profiles/jsungi.png
John-Hickey,"Hon. John Hickey, MP",,,National Alliance,NA,Bogia District,National Parliament,2012,,,http://www.parliament.gov.pg/uploads/profiles/jhickey.png
John-Pundari,"Hon. John Pundari, MP",,,People's National Congress,PNC,Kompiam Ambum District,National Parliament,2012,,,http://www.parliament.gov.pg/uploads/profiles/JPundari_Resized.jpg
John-Simon,"Hon. John Simon, MP",,,National Alliance,NA,Maprik District,National Parliament,2012,,,http://www.parliament.gov.pg/uploads/profiles/jsimon.png
Johnson-Tuke,"Hon. Johnson Tuke, MP",johnsontuke@gmail.com,,People's Progress,PPP,Kainantu District,National Parliament,2012,,,http://www.parliament.gov.pg/uploads/profiles/jtuke.png
Joseph-Lelang,"Hon. Joseph Lelang, MP",,,Coalition for Reform,CRP,Kandrian Gloucester District,National Parliament,2012,,,http://www.parliament.gov.pg/uploads/profiles/jlelang.png
Joseph-Yopyyopy,"Hon. Joseph Yopyyopy, MP",,,United Resource,URP,Wosera Gaui District,National Parliament,2012,,,http://www.parliament.gov.pg/uploads/profiles/jyopyopy.png
Julie-Soso,"Hon. Julie Soso, MP",ehpacs@online.net.pg,,Triumph Heritage Empowerment,THE,Eastern Highlands Province,National Parliament,2012,,,http://www.parliament.gov.pg/uploads/profiles/jsoso.png
Julius-Chan,"Hon. Julius Chan, MP",nokon@daltron.net.pg,,People's Progress,PPP,New Ireland Province,National Parliament,2012,,,http://www.parliament.gov.pg/uploads/profiles/JChan_Resized.jpg
Justin-Tkatchenko,"Hon. Justin Tkatchenko, MP",ministry.sportspr@gmail.com,,People's National Congress,PNC,Moresby South District,National Parliament,2012,,,http://www.parliament.gov.pg/uploads/profiles/Minister_Tkatchenko.jpg
Kasiga-Kelly-Naru,"Hon. Kasiga Kelly Naru, MP",knaru@morobe.gov.pg or knarumpg@gmail.com,,Independent,I,Morobe Province,National Parliament,2012,,,http://www.parliament.gov.pg/uploads/profiles/KNaru_Resized.jpg
Ken-Fairweather,Hon. Ken Fairweather,,,People's National Congress,PNC,Sumkar District,National Parliament,2012,,,http://www.parliament.gov.pg/uploads/profiles/kfairweather.png
Kerenga-Kua,"Hon. Kerenga Kua, MP",,,National Alliance,NA,Sinasina-Yonggamugl District,National Parliament,2012,,,http://www.parliament.gov.pg/uploads/profiles/KKua_Resized.jpg
Kila-Haoda,"Hon. Kila Haoda, MP",,,People's National Congress,PNC,Central Province,National Parliament,2012,,,http://www.parliament.gov.pg/uploads/profiles/KHAODA.png
Koi-Trape,"Hon. Koi Trape, MP",,,People's National Congress,PNC,Mul Baiyer District,National Parliament,2012,,,http://www.parliament.gov.pg/uploads/profiles/ktrape.png
Labi-Amaiu,"Hon. Labi Amaiu, MP",labi@labiamaiu.com/labi.amaiu@gmail.com,,People's National Congress,PNC,Moresby North East District,National Parliament,2012,,,http://www.parliament.gov.pg/uploads/profiles/lamaiu.png
Leo-Dion,"Hon. Leo Dion, MP",,,People's National Congress,PNC,East New Britain Province,National Parliament,2012,,,http://www.parliament.gov.pg/uploads/profiles/LDion_Resized.jpg
Loujaya-Kouza,"Hon. Loujaya Kouza, MP",,,People's National Congress,PNC,Lae District,National Parliament,2012,,,http://www.parliament.gov.pg/uploads/profiles/ltoni.png
Louta-Atoi,"Hon. Louta Atoi, MP",Louta13@gmail.com,,People's National Congress,PNC,North Bougainville District,National Parliament,2012,,,http://www.parliament.gov.pg/assets/img/placeholder-member.jpg
Mai-Dop,"Hon. Mai Dop, MP",jimimpmaidop@gmail.com,,United Resource,URP,Jimi District,National Parliament,2012,,,http://www.parliament.gov.pg/uploads/profiles/mdop.png
Malakai-Tabar,"Hon. Malakai Tabar, MP",Steno.Minister@ohe.gov.pg/ malakaitabar@gmail.com,,National Alliance,NA,Gazelle District,National Parliament,2012,,,http://www.parliament.gov.pg/uploads/profiles/mtabar.png
Mao-Zeming,"Hon. Mao Zeming, MP",,,People's National Congress,PNC,Tewai Siassi District,National Parliament,2012,,,http://www.parliament.gov.pg/uploads/profiles/mzeming.png
Mark-Maipakai,"Hon. Mark Maipakai, MP",,,Triumph Heritage Empowerment,THE,Kikori District,National Parliament,2012,,,http://www.parliament.gov.pg/uploads/profiles/mmaipakai.png
Mehrra-Minne-Kipefa,"Hon. Mehrra Minne Kipefa, MP",admin@obura-wonenara.com,,Star Alliance,SA,Obura Wonenara District,National Parliament,2012,,,http://www.parliament.gov.pg/uploads/profiles/Hon.Kipefa.jpg
Michael-Malabag,"Hon. Michael Malabag, MP",,,People's National Congress,PNC,Moresby North West District,National Parliament,2012,,,http://www.parliament.gov.pg/uploads/profiles/mmalabag.png
Michael-Somare,"Hon. Michael Somare, MP",,,National Alliance,NA,East Sepik Province,National Parliament,2012,,,http://www.parliament.gov.pg/uploads/profiles/MSomare_Resized.png
Mogerema-Sigo-Wei,"Hon. Mogerema Sigo Wei, MP",png_steel@hotmail.com,,People's National Congress,PNC,Karimui-Nomane District,National Parliament,2012,,,http://www.parliament.gov.pg/uploads/profiles/mwei.png
Nick-Kuman,"Hon. Nick Kuman, MP",kumannick.nk@gmail.com,,People's National Congress,PNC,Gumine District,National Parliament,2012,,,http://www.parliament.gov.pg/assets/img/placeholder-member.jpg
Nixon-Duban,"Hon. Nixon Duban, MP",,,People's National Congress,PNC,Madang District,National Parliament,2012,,,http://www.parliament.gov.pg/uploads/profiles/Nduban.png
Nixon-Mangape,"Hon. Nixon Mangape, MP",,,Independent,I,Lagaip-Porgera District,National Parliament,2012,,,http://www.parliament.gov.pg/uploads/profiles/nmangape.png
Noah-Kool,"Hon. Noah Kool, MP",pgamai.npps@gmail.com,,People's National Congress,PNC,Chimbu Province,National Parliament,2012,,,http://www.parliament.gov.pg/uploads/profiles/nkool.png
Paias-Wingti,"Hon. Paias Wingti, MP",barryrungwa@gmail.com,,People's Democratic Movement,PDM,Western Highlands Province,National Parliament,2012,,,http://www.parliament.gov.pg/uploads/profiles/pwingti2.png
Patrick-Pruaitch,"Hon. Patrick Pruaitch, MP",,,National Alliance,NA,Aitape Lumi District,National Parliament,2012,,,http://www.parliament.gov.pg/uploads/profiles/PPruaitch_Resized.jpg
Paul-Isikiel,"Hon. Paul Isikiel, MP",,,People's National Congress,PNC,Markham District,National Parliament,2012,,,http://www.parliament.gov.pg/uploads/profiles/pezekiel.png
Pesab-Jeffery-Komal,"Hon. Pesab Jeffery Komal, MP",nipakutubu157@gmail.com,,People's National Congress,PNC,Nipa Kutubu District,National Parliament,2012,,,http://www.parliament.gov.pg/uploads/profiles/pkomal.png
Peter-Ipatas,"Hon. Peter Ipatas, MP",pipatas@gmail.com,,People's Party,PP,Enga Province,National Parliament,2012,,,http://www.parliament.gov.pg/uploads/profiles/PIpatas_Resized.jpg
Peter-Namea-Isoaimo,"Hon. Peter Namea Isoaimo, MP",khirioffice@gmail.com,,National Alliance,NA,Kairuku-Hiri District,National Parliament,2012,,,http://www.parliament.gov.pg/uploads/profiles/placeholder-member.jpg
Peter-ONeill,"Hon. Peter O’Neill, MP",oneillp13@gmail.com,,People's National Congress,PNC,Ialibu Pangia District,National Parliament,2012,,,http://www.parliament.gov.pg/uploads/profiles/oneill.png
Philip-Undialu,"Hon. Philip Undialu, MP",philip.undialu@gmail.com,,Triumph Heritage Empowerment,THE,Koroba Lake Kopiago District,National Parliament,2012,,,http://www.parliament.gov.pg/uploads/profiles/pundialu2.png
Powes-Parkop,"Hon. Powes Parkop, MP",powesparkop@gmail.com,,Social Democratic,SD,National Capital District,National Parliament,2012,,,http://www.parliament.gov.pg/uploads/profiles/pparkop2.png
Puka-Temu,"Hon. Puka Temu, MP",,,Our Development,OD,Abau District,National Parliament,2012,,,http://www.parliament.gov.pg/uploads/profiles/PTEMU.png
Richard-Maru,"Hon. Richard Maru, MP",,,People's National Congress,PNC,Yangoru Saussia District,National Parliament,2012,,,http://www.parliament.gov.pg/uploads/profiles/rmaru2.png
Richard-Mendani,"Hon. Richard Mendani, MP",richardmendanimp@gmail.com,,United Resource,URP,Kerema District,National Parliament,2012,,,http://www.parliament.gov.pg/uploads/profiles/rmendani2.png
Rimbink-Pato,"Hon. Rimbink Pato, MP",,,United,U,Wapenamanda District,National Parliament,2012,,,http://www.parliament.gov.pg/uploads/profiles/primbink2.png
Robert-Atiyafa,"Hon. Robert Atiyafa, MP",meneamatere@gmail.com,,People's National Congress,PNC,Henganofi District,National Parliament,2012,,,http://www.parliament.gov.pg/uploads/profiles/ratiyafa2.png
Robert-Ganim,"Hon. Robert Ganim, MP",robert.ganiml@gmail.com,,People's National Congress,PNC,Wabag District,National Parliament,2012,,,http://www.parliament.gov.pg/uploads/profiles/Robert_Ganim.jpg
Ron-Ganarafo,"Hon. Ron Ganarafo, MP",rganarafo@gmail.com,,People's National Congress,PNC,Daulo District,National Parliament,2012,,,http://www.parliament.gov.pg/uploads/profiles/rganarof2.png
Ronny-Knight,"Hon. Ronny Knight, MP",ronknight65@gmail.com,,New Generation,NG,Manus District,National Parliament,2012,,,http://www.parliament.gov.pg/uploads/profiles/rknight2.png
Ross-Seymour,"Hon. Ross Seymour, MP",ppaul5061@yahoo.com,,Papua New Guinea,PNG,Huon Gulf District,National Parliament,2012,,,http://www.parliament.gov.pg/assets/img/placeholder-member.jpg
Roy-Biyama,"Hon. Roy Biyama, MP",,,People's National Congress,PNC,Middle Fly District,National Parliament,2012,,,http://www.parliament.gov.pg/uploads/profiles/RBiyama_Resized.jpg
Salio-Waipo,"Hon. Salio Waipo, MP",,,National Alliance,NA,Angoram District,National Parliament,2012,,,http://www.parliament.gov.pg/assets/img/placeholder-member.jpg
Sam-Basil,"Hon. Sam Basil, MP",dlopposition@hotmail.com,,Pangu,P,Bulolo District,National Parliament,2012,,,http://www.parliament.gov.pg/uploads/profiles/SBasil_Resized.jpg
Sasindran-Muthuvel,"Hon. Sasindran Muthuvel, MP,B.SC (HORT), P.G.D.B.M, P.B.S.A",governorwnb@online.net.pg,,People's National Congress,PNC,West New Britain Province,National Parliament,2012,,,http://www.parliament.gov.pg/uploads/profiles/smuthuvel.png
Solan-Mirisim,"Hon. Solan Mirisim, MP",solanmirisim@yahoo.com,,People's National Congress,PNC,Telefomin District,National Parliament,2012,,,http://www.parliament.gov.pg/uploads/profiles/smirisin.png
Steven-Kamma,"Hon. Steven Kamma, MP",,,United Resource,URP,South Bougainville District,National Parliament,2012,,,http://www.parliament.gov.pg/uploads/profiles/jkamma.png
Theodore-Zurenouc,"Hon. Theodore Zurenouc, MP",theozurenuoc@hotmail.com,,People's Progress,PPP,Finschhafen District,National Parliament,2012,,,http://www.parliament.gov.pg/uploads/profiles/theo-speaker.png
Titus-Philemon,"Hon. Titus Philemon, MP",milnebaygovernor@gmail.com,,People's Progress,PPP,Milne Bay Province,National Parliament,2012,,,http://www.parliament.gov.pg/uploads/profiles/tphilemon.png
Tobias-Kulang,"Hon. Tobias Kulang, MP",kulangtobias8@gmail.com,,People's Progress,PPP,Kundiawa District,National Parliament,2012,,,http://www.parliament.gov.pg/uploads/profiles/tkulang.png
Wera-Mori,"Hon. Wera Mori, MP",meramorill@gmail.com,,Triumph Heritage Empowerment,THE,Chuave District,National Parliament,2012,,,http://www.parliament.gov.pg/uploads/profiles/wmori.png
Westly-Nukundj,"Hon. Westly Nukundj, MP",wnukundj@ymail.com,,People's National Congress,PNC,Dei District,National Parliament,2012,,,http://www.parliament.gov.pg/uploads/profiles/wnukundi.png
William-Duma,"Hon. William Duma, MP",,,United Resource,URP,Hagen District,National Parliament,2012,,,http://www.parliament.gov.pg/uploads/profiles/wduma.png
William-Powi,"Hon. William Powi, MP",,,People's National Congress,PNC,Southern Highlands Province,National Parliament,2012,,,http://www.parliament.gov.pg/uploads/profiles/wpowi.png
William-Tongamp,"Hon. William Tongamp, MP",,,New Generation,NG,Jiwaka Province,National Parliament,2012,,,http://www.parliament.gov.pg/uploads/profiles/wtongamp.png
